experiment,input_distribution,method,precision,threads,n,trial,repeat,seed_x,seed_y,runtime,result
runtime,normal,serial,fp64,,1000000,0,0,123,456,0.00086037400000000001,1792.5139923576967
runtime,normal,serial,mixed_fp32_fp64,,1000000,0,0,123,456,0.00099608599999999998,1792.5140299904108
runtime,normal,serial,fp64,,1000000,0,1,123,456,0.00079830299999999999,1792.5139923576967
runtime,normal,serial,mixed_fp32_fp64,,1000000,0,1,123,456,0.00087035599999999997,1792.5140299904108
runtime,normal,serial,fp64,,1000000,0,2,123,456,0.00070186599999999999,1792.5139923576967
runtime,normal,serial,mixed_fp32_fp64,,1000000,0,2,123,456,0.00085208099999999998,1792.5140299904108
runtime,normal,serial,fp64,,1000000,0,3,123,456,0.00069119199999999998,1792.5139923576967
runtime,normal,serial,mixed_fp32_fp64,,1000000,0,3,123,456,0.00088068700000000001,1792.5140299904108
runtime,normal,serial,fp64,,1000000,0,4,123,456,0.000674419,1792.5139923576967
runtime,normal,serial,mixed_fp32_fp64,,1000000,0,4,123,456,0.001005445,1792.5140299904108
runtime,normal,serial,fp64,,1000000,0,5,123,456,0.00072329200000000005,1792.5139923576967
runtime,normal,serial,mixed_fp32_fp64,,1000000,0,5,123,456,0.00087349200000000002,1792.5140299904108
runtime,normal,serial,fp64,,1000000,0,6,123,456,0.00073626799999999999,1792.5139923576967
runtime,normal,serial,mixed_fp32_fp64,,1000000,0,6,123,456,0.00093984199999999998,1792.5140299904108
runtime,normal,serial,fp64,,1000000,0,7,123,456,0.00067920299999999997,1792.5139923576967
runtime,normal,serial,mixed_fp32_fp64,,1000000,0,7,123,456,0.00092051700000000004,1792.5140299904108
runtime,normal,openmp,fp64,1,1000000,0,0,123,456,0.00069933500000000004,1792.5139923576967
runtime,normal,openmp,mixed_fp32_fp64,1,1000000,0,0,123,456,0.00084696700000000001,1792.5140299904108
runtime,normal,openmp,fp64,1,1000000,0,1,123,456,0.00067189099999999998,1792.5139923576967
runtime,normal,openmp,mixed_fp32_fp64,1,1000000,0,1,123,456,0.00081014100000000001,1792.5140299904108
runtime,normal,openmp,fp64,1,1000000,0,2,123,456,0.00063524499999999999,1792.5139923576967
runtime,normal,openmp,mixed_fp32_fp64,1,1000000,0,2,123,456,0.00085231200000000003,1792.5140299904108
runtime,normal,openmp,fp64,1,1000000,0,3,123,456,0.00064696999999999997,1792.5139923576967
runtime,normal,openmp,mixed_fp32_fp64,1,1000000,0,3,123,456,0.00084585599999999997,1792.5140299904108
runtime,normal,openmp,fp64,1,1000000,0,4,123,456,0.00063115399999999998,1792.5139923576967
runtime,normal,openmp,mixed_fp32_fp64,1,1000000,0,4,123,456,0.00078138999999999997,1792.5140299904108
runtime,normal,openmp,fp64,1,1000000,0,5,123,456,0.00063941099999999999,1792.5139923576967
runtime,normal,openmp,mixed_fp32_fp64,1,1000000,0,5,123,456,0.00086826099999999995,1792.5140299904108
runtime,normal,openmp,fp64,1,1000000,0,6,123,456,0.00063397900000000001,1792.5139923576967
runtime,normal,openmp,mixed_fp32_fp64,1,1000000,0,6,123,456,0.00081455700000000004,1792.5140299904108
runtime,normal,openmp,fp64,1,1000000,0,7,123,456,0.00062293600000000004,1792.5139923576967
runtime,normal,openmp,mixed_fp32_fp64,1,1000000,0,7,123,456,0.00085469300000000001,1792.5140299904108
runtime,normal,openmp,fp64,2,1000000,0,0,123,456,0.00056142200000000001,1792.5139923577144
runtime,normal,openmp,mixed_fp32_fp64,2,1000000,0,0,123,456,0.00044290699999999998,1792.5140299904106
runtime,normal,openmp,fp64,2,1000000,0,1,123,456,0.00032760100000000001,1792.5139923577144
runtime,normal,openmp,mixed_fp32_fp64,2,1000000,0,1,123,456,0.00042619000000000001,1792.5140299904106
runtime,normal,openmp,fp64,2,1000000,0,2,123,456,0.00032295199999999999,1792.5139923577144
runtime,normal,openmp,mixed_fp32_fp64,2,1000000,0,2,123,456,0.00039736799999999999,1792.5140299904106
runtime,normal,openmp,fp64,2,1000000,0,3,123,456,0.00031909000000000001,1792.5139923577144
runtime,normal,openmp,mixed_fp32_fp64,2,1000000,0,3,123,456,0.00039642099999999999,1792.5140299904106
runtime,normal,openmp,fp64,2,1000000,0,4,123,456,0.00036118800000000003,1792.5139923577144
runtime,normal,openmp,mixed_fp32_fp64,2,1000000,0,4,123,456,0.00045356900000000002,1792.5140299904106
runtime,normal,openmp,fp64,2,1000000,0,5,123,456,0.000322143,1792.5139923577144
runtime,normal,openmp,mixed_fp32_fp64,2,1000000,0,5,123,456,0.001777112,1792.5140299904106
runtime,normal,openmp,fp64,2,1000000,0,6,123,456,0.00046776000000000001,1792.5139923577144
runtime,normal,openmp,mixed_fp32_fp64,2,1000000,0,6,123,456,0.00046941700000000002,1792.5140299904106
runtime,normal,openmp,fp64,2,1000000,0,7,123,456,0.00032535700000000002,1792.5139923577144
runtime,normal,openmp,mixed_fp32_fp64,2,1000000,0,7,123,456,0.00040513600000000001,1792.5140299904106
runtime,normal,openmp,fp64,4,1000000,0,0,123,456,0.017944655,1792.5139923577112
runtime,normal,openmp,mixed_fp32_fp64,4,1000000,0,0,123,456,0.016581004999999999,1792.5140299904101
runtime,normal,openmp,fp64,4,1000000,0,1,123,456,0.0017529970000000001,1792.5139923577112
runtime,normal,openmp,mixed_fp32_fp64,4,1000000,0,1,123,456,0.004676642,1792.5140299904101
runtime,normal,openmp,fp64,4,1000000,0,2,123,456,0.0025472609999999999,1792.5139923577112
runtime,normal,openmp,mixed_fp32_fp64,4,1000000,0,2,123,456,0.0058855519999999996,1792.5140299904101
runtime,normal,openmp,fp64,4,1000000,0,3,123,456,0.007665402,1792.5139923577112
runtime,normal,openmp,mixed_fp32_fp64,4,1000000,0,3,123,456,0.00183007,1792.5140299904101
runtime,normal,openmp,fp64,4,1000000,0,4,123,456,0.0080267910000000001,1792.5139923577112
runtime,normal,openmp,mixed_fp32_fp64,4,1000000,0,4,123,456,0.0033296509999999999,1792.5140299904101
runtime,normal,openmp,fp64,4,1000000,0,5,123,456,0.0042869249999999996,1792.5139923577112
runtime,normal,openmp,mixed_fp32_fp64,4,1000000,0,5,123,456,0.0093781769999999997,1792.5140299904101
runtime,normal,openmp,fp64,4,1000000,0,6,123,456,0.0050283940000000003,1792.5139923577112
runtime,normal,openmp,mixed_fp32_fp64,4,1000000,0,6,123,456,0.0023467230000000002,1792.5140299904101
runtime,normal,openmp,fp64,4,1000000,0,7,123,456,0.0076291809999999996,1792.5139923577112
runtime,normal,openmp,mixed_fp32_fp64,4,1000000,0,7,123,456,0.001746767,1792.5140299904101
runtime,normal,openmp,fp64,8,1000000,0,0,123,456,0.023187814000000001,1792.5139923576985
runtime,normal,openmp,mixed_fp32_fp64,8,1000000,0,0,123,456,0.02879721,1792.5140299904101
runtime,normal,openmp,fp64,8,1000000,0,1,123,456,0.015762562000000001,1792.5139923576983
runtime,normal,openmp,mixed_fp32_fp64,8,1000000,0,1,123,456,0.019416044,1792.5140299904103
runtime,normal,openmp,fp64,8,1000000,0,2,123,456,0.017767162999999999,1792.5139923576985
runtime,normal,openmp,mixed_fp32_fp64,8,1000000,0,2,123,456,0.015716664000000002,1792.5140299904103
runtime,normal,openmp,fp64,8,1000000,0,3,123,456,0.015845712000000001,1792.5139923576983
runtime,normal,openmp,mixed_fp32_fp64,8,1000000,0,3,123,456,0.018819540999999999,1792.5140299904103
runtime,normal,openmp,fp64,8,1000000,0,4,123,456,0.017591099999999998,1792.5139923576983
runtime,normal,openmp,mixed_fp32_fp64,8,1000000,0,4,123,456,0.014417852,1792.5140299904103
runtime,normal,openmp,fp64,8,1000000,0,5,123,456,0.014042377,1792.513992357698
runtime,normal,openmp,mixed_fp32_fp64,8,1000000,0,5,123,456,0.0053672290000000003,1792.5140299904101
runtime,normal,openmp,fp64,8,1000000,0,6,123,456,0.0031551589999999998,1792.513992357698
runtime,normal,openmp,mixed_fp32_fp64,8,1000000,0,6,123,456,0.0068189490000000004,1792.5140299904101
runtime,normal,openmp,fp64,8,1000000,0,7,123,456,0.0067030600000000003,1792.5139923576985
runtime,normal,openmp,mixed_fp32_fp64,8,1000000,0,7,123,456,0.0089189000000000004,1792.5140299904101
runtime,normal,openmp,fp64,16,1000000,0,0,123,456,0.029768719999999999,1792.5139923576894
runtime,normal,openmp,mixed_fp32_fp64,16,1000000,0,0,123,456,0.030933523000000001,1792.5140299904099
runtime,normal,openmp,fp64,16,1000000,0,1,123,456,0.017406312,1792.5139923576896
runtime,normal,openmp,mixed_fp32_fp64,16,1000000,0,1,123,456,0.031381039999999999,1792.5140299904101
runtime,normal,openmp,fp64,16,1000000,0,2,123,456,0.015867837999999999,1792.5139923576899
runtime,normal,openmp,mixed_fp32_fp64,16,1000000,0,2,123,456,0.024465164000000001,1792.5140299904101
runtime,normal,openmp,fp64,16,1000000,0,3,123,456,0.029194583999999999,1792.5139923576899
runtime,normal,openmp,mixed_fp32_fp64,16,1000000,0,3,123,456,0.017519294000000001,1792.5140299904101
runtime,normal,openmp,fp64,16,1000000,0,4,123,456,0.019755214,1792.5139923576896
runtime,normal,openmp,mixed_fp32_fp64,16,1000000,0,4,123,456,0.025362119999999998,1792.5140299904101
runtime,normal,openmp,fp64,16,1000000,0,5,123,456,0.020931861999999999,1792.5139923576899
runtime,normal,openmp,mixed_fp32_fp64,16,1000000,0,5,123,456,0.024755673999999998,1792.5140299904103
runtime,normal,openmp,fp64,16,1000000,0,6,123,456,0.019551837999999998,1792.5139923576896
runtime,normal,openmp,mixed_fp32_fp64,16,1000000,0,6,123,456,0.022607414999999999,1792.5140299904101
runtime,normal,openmp,fp64,16,1000000,0,7,123,456,0.021428604,1792.5139923576899
runtime,normal,openmp,mixed_fp32_fp64,16,1000000,0,7,123,456,0.019090488999999999,1792.5140299904101
runtime,normal,openmp,fp64,22,1000000,0,0,123,456,0.030946665000000002,1792.5139923576805
runtime,normal,openmp,mixed_fp32_fp64,22,1000000,0,0,123,456,0.031248435000000001,1792.5140299904101
runtime,normal,openmp,fp64,22,1000000,0,1,123,456,0.021545664999999999,1792.5139923576803
runtime,normal,openmp,mixed_fp32_fp64,22,1000000,0,1,123,456,0.020147056999999999,1792.5140299904101
runtime,normal,openmp,fp64,22,1000000,0,2,123,456,0.019794756,1792.5139923576808
runtime,normal,openmp,mixed_fp32_fp64,22,1000000,0,2,123,456,0.033050299999999998,1792.5140299904101
runtime,normal,openmp,fp64,22,1000000,0,3,123,456,0.014965442000000001,1792.5139923576805
runtime,normal,openmp,mixed_fp32_fp64,22,1000000,0,3,123,456,0.021545120000000001,1792.5140299904101
runtime,normal,openmp,fp64,22,1000000,0,4,123,456,0.024178595000000001,1792.5139923576803
runtime,normal,openmp,mixed_fp32_fp64,22,1000000,0,4,123,456,0.016627119999999999,1792.5140299904103
runtime,normal,openmp,fp64,22,1000000,0,5,123,456,0.026617333,1792.5139923576805
runtime,normal,openmp,mixed_fp32_fp64,22,1000000,0,5,123,456,0.012911188000000001,1792.5140299904106
runtime,normal,openmp,fp64,22,1000000,0,6,123,456,0.028545609999999999,1792.5139923576805
runtime,normal,openmp,mixed_fp32_fp64,22,1000000,0,6,123,456,0.010077134999999999,1792.5140299904101
runtime,normal,openmp,fp64,22,1000000,0,7,123,456,0.0098469200000000003,1792.5139923576808
runtime,normal,openmp,mixed_fp32_fp64,22,1000000,0,7,123,456,0.013160346999999999,1792.5140299904099
runtime,normal,serial,fp64,,1919384,0,0,123,456,0.0020489029999999999,2792.7674191566271
runtime,normal,serial,mixed_fp32_fp64,,1919384,0,0,123,456,0.0020362140000000002,2792.7675344692061
runtime,normal,serial,fp64,,1919384,0,1,123,456,0.001792098,2792.7674191566271
runtime,normal,serial,mixed_fp32_fp64,,1919384,0,1,123,456,0.002152518,2792.7675344692061
runtime,normal,serial,fp64,,1919384,0,2,123,456,0.001664359,2792.7674191566271
runtime,normal,serial,mixed_fp32_fp64,,1919384,0,2,123,456,0.0034825530000000002,2792.7675344692061
runtime,normal,serial,fp64,,1919384,0,3,123,456,0.001980444,2792.7674191566271
runtime,normal,serial,mixed_fp32_fp64,,1919384,0,3,123,456,0.0042194299999999997,2792.7675344692061
runtime,normal,serial,fp64,,1919384,0,4,123,456,0.0025946020000000001,2792.7674191566271
runtime,normal,serial,mixed_fp32_fp64,,1919384,0,4,123,456,0.0022770360000000001,2792.7675344692061
runtime,normal,serial,fp64,,1919384,0,5,123,456,0.00162375,2792.7674191566271
runtime,normal,serial,mixed_fp32_fp64,,1919384,0,5,123,456,0.001874038,2792.7675344692061
runtime,normal,serial,fp64,,1919384,0,6,123,456,0.001637129,2792.7674191566271
runtime,normal,serial,mixed_fp32_fp64,,1919384,0,6,123,456,0.001839455,2792.7675344692061
runtime,normal,serial,fp64,,1919384,0,7,123,456,0.0015538279999999999,2792.7674191566271
runtime,normal,serial,mixed_fp32_fp64,,1919384,0,7,123,456,0.001831736,2792.7675344692061
runtime,normal,openmp,fp64,1,1919384,0,0,123,456,0.001564197,2792.7674191566271
runtime,normal,openmp,mixed_fp32_fp64,1,1919384,0,0,123,456,0.001909521,2792.7675344692061
runtime,normal,openmp,fp64,1,1919384,0,1,123,456,0.0015351449999999999,2792.7674191566271
runtime,normal,openmp,mixed_fp32_fp64,1,1919384,0,1,123,456,0.001828915,2792.7675344692061
runtime,normal,openmp,fp64,1,1919384,0,2,123,456,0.0016323049999999999,2792.7674191566271
runtime,normal,openmp,mixed_fp32_fp64,1,1919384,0,2,123,456,0.0018299600000000001,2792.7675344692061
runtime,normal,openmp,fp64,1,1919384,0,3,123,456,0.0015651980000000001,2792.7674191566271
runtime,normal,openmp,mixed_fp32_fp64,1,1919384,0,3,123,456,0.0019260150000000001,2792.7675344692061
runtime,normal,openmp,fp64,1,1919384,0,4,123,456,0.001581402,2792.7674191566271
runtime,normal,openmp,mixed_fp32_fp64,1,1919384,0,4,123,456,0.0023850830000000001,2792.7675344692061
runtime,normal,openmp,fp64,1,1919384,0,5,123,456,0.0023695809999999999,2792.7674191566271
runtime,normal,openmp,mixed_fp32_fp64,1,1919384,0,5,123,456,0.001880514,2792.7675344692061
runtime,normal,openmp,fp64,1,1919384,0,6,123,456,0.0015379580000000001,2792.7674191566271
runtime,normal,openmp,mixed_fp32_fp64,1,1919384,0,6,123,456,0.0018248730000000001,2792.7675344692061
runtime,normal,openmp,fp64,1,1919384,0,7,123,456,0.0015324010000000001,2792.7674191566271
runtime,normal,openmp,mixed_fp32_fp64,1,1919384,0,7,123,456,0.0019711220000000001,2792.7675344692061
runtime,normal,openmp,fp64,2,1919384,0,0,123,456,0.001250211,2792.7674191567003
runtime,normal,openmp,mixed_fp32_fp64,2,1919384,0,0,123,456,0.0017469740000000001,2792.7675344692061
runtime,normal,openmp,fp64,2,1919384,0,1,123,456,0.0012554420000000001,2792.7674191567003
runtime,normal,openmp,mixed_fp32_fp64,2,1919384,0,1,123,456,0.0016619289999999999,2792.7675344692061
runtime,normal,openmp,fp64,2,1919384,0,2,123,456,0.001134428,2792.7674191567003
runtime,normal,openmp,mixed_fp32_fp64,2,1919384,0,2,123,456,0.0015132839999999999,2792.7675344692061
runtime,normal,openmp,fp64,2,1919384,0,3,123,456,0.0010722259999999999,2792.7674191567003
runtime,normal,openmp,mixed_fp32_fp64,2,1919384,0,3,123,456,0.0015127809999999999,2792.7675344692061
runtime,normal,openmp,fp64,2,1919384,0,4,123,456,0.0010346610000000001,2792.7674191567003
runtime,normal,openmp,mixed_fp32_fp64,2,1919384,0,4,123,456,0.001488362,2792.7675344692061
runtime,normal,openmp,fp64,2,1919384,0,5,123,456,0.0012100399999999999,2792.7674191567003
runtime,normal,openmp,mixed_fp32_fp64,2,1919384,0,5,123,456,0.0016091879999999999,2792.7675344692061
runtime,normal,openmp,fp64,2,1919384,0,6,123,456,0.0010509250000000001,2792.7674191567003
runtime,normal,openmp,mixed_fp32_fp64,2,1919384,0,6,123,456,0.0015700060000000001,2792.7675344692061
runtime,normal,openmp,fp64,2,1919384,0,7,123,456,0.0013068540000000001,2792.7674191567003
runtime,normal,openmp,mixed_fp32_fp64,2,1919384,0,7,123,456,0.001771892,2792.7675344692061
runtime,normal,openmp,fp64,4,1919384,0,0,123,456,0.0011540949999999999,2792.7674191567367
runtime,normal,openmp,mixed_fp32_fp64,4,1919384,0,0,123,456,0.00074628800000000001,2792.7675344692061
runtime,normal,openmp,fp64,4,1919384,0,1,123,456,0.00064964000000000005,2792.7674191567367
runtime,normal,openmp,mixed_fp32_fp64,4,1919384,0,1,123,456,0.00073384999999999998,2792.7675344692061
runtime,normal,openmp,fp64,4,1919384,0,2,123,456,0.00054443700000000005,2792.7674191567367
runtime,normal,openmp,mixed_fp32_fp64,4,1919384,0,2,123,456,0.00082485200000000005,2792.7675344692061
runtime,normal,openmp,fp64,4,1919384,0,3,123,456,0.00053151200000000004,2792.7674191567367
runtime,normal,openmp,mixed_fp32_fp64,4,1919384,0,3,123,456,0.00069319300000000004,2792.7675344692061
runtime,normal,openmp,fp64,4,1919384,0,4,123,456,0.00055227499999999997,2792.7674191567367
runtime,normal,openmp,mixed_fp32_fp64,4,1919384,0,4,123,456,0.00069142300000000004,2792.7675344692061
runtime,normal,openmp,fp64,4,1919384,0,5,123,456,0.00052808499999999997,2792.7674191567367
runtime,normal,openmp,mixed_fp32_fp64,4,1919384,0,5,123,456,0.001120991,2792.7675344692061
runtime,normal,openmp,fp64,4,1919384,0,6,123,456,0.00055897200000000003,2792.7674191567367
runtime,normal,openmp,mixed_fp32_fp64,4,1919384,0,6,123,456,0.00072022700000000004,2792.7675344692061
runtime,normal,openmp,fp64,4,1919384,0,7,123,456,0.00058125799999999997,2792.7674191567367
runtime,normal,openmp,mixed_fp32_fp64,4,1919384,0,7,123,456,0.0011753709999999999,2792.7675344692061
runtime,normal,openmp,fp64,8,1919384,0,0,123,456,0.016138825999999998,2792.7674191567294
runtime,normal,openmp,mixed_fp32_fp64,8,1919384,0,0,123,456,0.0079687649999999992,2792.7675344692052
runtime,normal,openmp,fp64,8,1919384,0,1,123,456,0.011157769999999999,2792.7674191567298
runtime,normal,openmp,mixed_fp32_fp64,8,1919384,0,1,123,456,0.019643372999999999,2792.7675344692052
runtime,normal,openmp,fp64,8,1919384,0,2,123,456,0.0037400739999999999,2792.7674191567298
runtime,normal,openmp,mixed_fp32_fp64,8,1919384,0,2,123,456,0.0014373859999999999,2792.7675344692057
runtime,normal,openmp,fp64,8,1919384,0,3,123,456,0.0058182989999999999,2792.7674191567298
runtime,normal,openmp,mixed_fp32_fp64,8,1919384,0,3,123,456,0.003009028,2792.7675344692052
runtime,normal,openmp,fp64,8,1919384,0,4,123,456,0.003776962,2792.7674191567303
runtime,normal,openmp,mixed_fp32_fp64,8,1919384,0,4,123,456,0.0072744510000000004,2792.7675344692057
runtime,normal,openmp,fp64,8,1919384,0,5,123,456,0.00477933,2792.7674191567294
runtime,normal,openmp,mixed_fp32_fp64,8,1919384,0,5,123,456,0.0045329530000000002,2792.7675344692057
runtime,normal,openmp,fp64,8,1919384,0,6,123,456,0.014898822000000001,2792.7674191567294
runtime,normal,openmp,mixed_fp32_fp64,8,1919384,0,6,123,456,0.011288701,2792.7675344692052
runtime,normal,openmp,fp64,8,1919384,0,7,123,456,0.0061976679999999999,2792.7674191567298
runtime,normal,openmp,mixed_fp32_fp64,8,1919384,0,7,123,456,0.0049264469999999996,2792.7675344692052
runtime,normal,openmp,fp64,16,1919384,0,0,123,456,0.021026336,2792.7674191567116
runtime,normal,openmp,mixed_fp32_fp64,16,1919384,0,0,123,456,0.026579106000000002,2792.7675344692061
runtime,normal,openmp,fp64,16,1919384,0,1,123,456,0.020503031000000001,2792.7674191567112
runtime,normal,openmp,mixed_fp32_fp64,16,1919384,0,1,123,456,0.025716365000000001,2792.7675344692052
runtime,normal,openmp,fp64,16,1919384,0,2,123,456,0.016837952999999999,2792.7674191567112
runtime,normal,openmp,mixed_fp32_fp64,16,1919384,0,2,123,456,0.020709749,2792.7675344692057
runtime,normal,openmp,fp64,16,1919384,0,3,123,456,0.016980635000000001,2792.7674191567112
runtime,normal,openmp,mixed_fp32_fp64,16,1919384,0,3,123,456,0.015063656,2792.7675344692052
runtime,normal,openmp,fp64,16,1919384,0,4,123,456,0.024158550000000001,2792.7674191567112
runtime,normal,openmp,mixed_fp32_fp64,16,1919384,0,4,123,456,0.015118851000000001,2792.7675344692057
runtime,normal,openmp,fp64,16,1919384,0,5,123,456,0.018591867000000002,2792.7674191567112
runtime,normal,openmp,mixed_fp32_fp64,16,1919384,0,5,123,456,0.019740842000000001,2792.7675344692057
runtime,normal,openmp,fp64,16,1919384,0,6,123,456,0.0087146159999999997,2792.7674191567112
runtime,normal,openmp,mixed_fp32_fp64,16,1919384,0,6,123,456,0.025369473,2792.7675344692061
runtime,normal,openmp,fp64,16,1919384,0,7,123,456,0.012751462,2792.7674191567112
runtime,normal,openmp,mixed_fp32_fp64,16,1919384,0,7,123,456,0.0088277340000000003,2792.7675344692061
runtime,normal,openmp,fp64,22,1919384,0,0,123,456,0.033606999999999998,2792.7674191566744
runtime,normal,openmp,mixed_fp32_fp64,22,1919384,0,0,123,456,0.036325138999999999,2792.7675344692061
runtime,normal,openmp,fp64,22,1919384,0,1,123,456,0.034487599000000001,2792.7674191566744
runtime,normal,openmp,mixed_fp32_fp64,22,1919384,0,1,123,456,0.022644714999999999,2792.7675344692057
runtime,normal,openmp,fp64,22,1919384,0,2,123,456,0.015287379,2792.7674191566739
runtime,normal,openmp,mixed_fp32_fp64,22,1919384,0,2,123,456,0.020180617000000001,2792.7675344692057
runtime,normal,openmp,fp64,22,1919384,0,3,123,456,0.022847486,2792.7674191566734
runtime,normal,openmp,mixed_fp32_fp64,22,1919384,0,3,123,456,0.015883260999999999,2792.7675344692052
runtime,normal,openmp,fp64,22,1919384,0,4,123,456,0.018141510999999999,2792.7674191566753
runtime,normal,openmp,mixed_fp32_fp64,22,1919384,0,4,123,456,0.022714315999999998,2792.7675344692052
runtime,normal,openmp,fp64,22,1919384,0,5,123,456,0.016489031000000001,2792.7674191566748
runtime,normal,openmp,mixed_fp32_fp64,22,1919384,0,5,123,456,0.022972070000000001,2792.7675344692061
runtime,normal,openmp,fp64,22,1919384,0,6,123,456,0.013536609,2792.7674191566744
runtime,normal,openmp,mixed_fp32_fp64,22,1919384,0,6,123,456,0.020402487,2792.7675344692047
runtime,normal,openmp,fp64,22,1919384,0,7,123,456,0.021704916000000001,2792.7674191566753
runtime,normal,openmp,mixed_fp32_fp64,22,1919384,0,7,123,456,0.019495941999999999,2792.7675344692052
runtime,normal,serial,fp64,,3684032,0,0,123,456,0.0033728769999999998,4059.176055285282
runtime,normal,serial,mixed_fp32_fp64,,3684032,0,0,123,456,0.003825948,4059.1761561903222
runtime,normal,serial,fp64,,3684032,0,1,123,456,0.0032602849999999999,4059.176055285282
runtime,normal,serial,mixed_fp32_fp64,,3684032,0,1,123,456,0.0038518570000000002,4059.1761561903222
runtime,normal,serial,fp64,,3684032,0,2,123,456,0.003205327,4059.176055285282
runtime,normal,serial,mixed_fp32_fp64,,3684032,0,2,123,456,0.0038393379999999999,4059.1761561903222
runtime,normal,serial,fp64,,3684032,0,3,123,456,0.0031974769999999998,4059.176055285282
runtime,normal,serial,mixed_fp32_fp64,,3684032,0,3,123,456,0.0048185140000000003,4059.1761561903222
runtime,normal,serial,fp64,,3684032,0,4,123,456,0.0033472350000000001,4059.176055285282
runtime,normal,serial,mixed_fp32_fp64,,3684032,0,4,123,456,0.0046810530000000001,4059.1761561903222
runtime,normal,serial,fp64,,3684032,0,5,123,456,0.0032640809999999998,4059.176055285282
runtime,normal,serial,mixed_fp32_fp64,,3684032,0,5,123,456,0.0037832500000000002,4059.1761561903222
runtime,normal,serial,fp64,,3684032,0,6,123,456,0.0033676470000000001,4059.176055285282
runtime,normal,serial,mixed_fp32_fp64,,3684032,0,6,123,456,0.0036494140000000001,4059.1761561903222
runtime,normal,serial,fp64,,3684032,0,7,123,456,0.0031354730000000002,4059.176055285282
runtime,normal,serial,mixed_fp32_fp64,,3684032,0,7,123,456,0.0038322170000000002,4059.1761561903222
runtime,normal,openmp,fp64,1,3684032,0,0,123,456,0.003453827,4059.176055285282
runtime,normal,openmp,mixed_fp32_fp64,1,3684032,0,0,123,456,0.0038219579999999999,4059.1761561903222
runtime,normal,openmp,fp64,1,3684032,0,1,123,456,0.0031362759999999999,4059.176055285282
runtime,normal,openmp,mixed_fp32_fp64,1,3684032,0,1,123,456,0.0041363229999999999,4059.1761561903222
runtime,normal,openmp,fp64,1,3684032,0,2,123,456,0.0031495189999999999,4059.176055285282
runtime,normal,openmp,mixed_fp32_fp64,1,3684032,0,2,123,456,0.0037652440000000001,4059.1761561903222
runtime,normal,openmp,fp64,1,3684032,0,3,123,456,0.003133369,4059.176055285282
runtime,normal,openmp,mixed_fp32_fp64,1,3684032,0,3,123,456,0.0038450899999999998,4059.1761561903222
runtime,normal,openmp,fp64,1,3684032,0,4,123,456,0.003150267,4059.176055285282
runtime,normal,openmp,mixed_fp32_fp64,1,3684032,0,4,123,456,0.003691967,4059.1761561903222
runtime,normal,openmp,fp64,1,3684032,0,5,123,456,0.0031893049999999999,4059.176055285282
runtime,normal,openmp,mixed_fp32_fp64,1,3684032,0,5,123,456,0.0036473529999999999,4059.1761561903222
runtime,normal,openmp,fp64,1,3684032,0,6,123,456,0.0031243529999999999,4059.176055285282
runtime,normal,openmp,mixed_fp32_fp64,1,3684032,0,6,123,456,0.0038712920000000001,4059.1761561903222
runtime,normal,openmp,fp64,1,3684032,0,7,123,456,0.0031398620000000002,4059.176055285282
runtime,normal,openmp,mixed_fp32_fp64,1,3684032,0,7,123,456,0.0036852040000000001,4059.1761561903222
runtime,normal,openmp,fp64,2,3684032,0,0,123,456,0.0030878329999999999,4059.1760552853093
runtime,normal,openmp,mixed_fp32_fp64,2,3684032,0,0,123,456,0.0031471649999999999,4059.1761561903204
runtime,normal,openmp,fp64,2,3684032,0,1,123,456,0.002224569,4059.1760552853093
runtime,normal,openmp,mixed_fp32_fp64,2,3684032,0,1,123,456,0.0022343110000000001,4059.1761561903204
runtime,normal,openmp,fp64,2,3684032,0,2,123,456,0.0018990470000000001,4059.1760552853093
runtime,normal,openmp,mixed_fp32_fp64,2,3684032,0,2,123,456,0.0025075359999999999,4059.1761561903204
runtime,normal,openmp,fp64,2,3684032,0,3,123,456,0.001685473,4059.1760552853093
runtime,normal,openmp,mixed_fp32_fp64,2,3684032,0,3,123,456,0.0033907949999999998,4059.1761561903204
runtime,normal,openmp,fp64,2,3684032,0,4,123,456,0.0017811000000000001,4059.1760552853093
runtime,normal,openmp,mixed_fp32_fp64,2,3684032,0,4,123,456,0.0020327840000000002,4059.1761561903204
runtime,normal,openmp,fp64,2,3684032,0,5,123,456,0.0020505800000000002,4059.1760552853093
runtime,normal,openmp,mixed_fp32_fp64,2,3684032,0,5,123,456,0.0019244049999999999,4059.1761561903204
runtime,normal,openmp,fp64,2,3684032,0,6,123,456,0.001951632,4059.1760552853093
runtime,normal,openmp,mixed_fp32_fp64,2,3684032,0,6,123,456,0.0018980830000000001,4059.1761561903204
runtime,normal,openmp,fp64,2,3684032,0,7,123,456,0.0034971009999999999,4059.1760552853093
runtime,normal,openmp,mixed_fp32_fp64,2,3684032,0,7,123,456,0.0019886560000000001,4059.1761561903204
runtime,normal,openmp,fp64,4,3684032,0,0,123,456,0.001591135,4059.1760552853448
runtime,normal,openmp,mixed_fp32_fp64,4,3684032,0,0,123,456,0.0016046039999999999,4059.1761561903204
runtime,normal,openmp,fp64,4,3684032,0,1,123,456,0.0013025249999999999,4059.1760552853448
runtime,normal,openmp,mixed_fp32_fp64,4,3684032,0,1,123,456,0.0016000020000000001,4059.1761561903204
runtime,normal,openmp,fp64,4,3684032,0,2,123,456,0.0068529369999999999,4059.1760552853452
runtime,normal,openmp,mixed_fp32_fp64,4,3684032,0,2,123,456,0.0033035579999999998,4059.1761561903204
runtime,normal,openmp,fp64,4,3684032,0,3,123,456,0.0025501999999999999,4059.1760552853448
runtime,normal,openmp,mixed_fp32_fp64,4,3684032,0,3,123,456,0.0018511039999999999,4059.1761561903204
runtime,normal,openmp,fp64,4,3684032,0,4,123,456,0.0081985070000000007,4059.1760552853452
runtime,normal,openmp,mixed_fp32_fp64,4,3684032,0,4,123,456,0.0023525220000000001,4059.1761561903204
runtime,normal,openmp,fp64,4,3684032,0,5,123,456,0.0050927139999999999,4059.1760552853452
runtime,normal,openmp,mixed_fp32_fp64,4,3684032,0,5,123,456,0.0040734350000000003,4059.1761561903204
runtime,normal,openmp,fp64,4,3684032,0,6,123,456,0.012284801999999999,4059.1760552853448
runtime,normal,openmp,mixed_fp32_fp64,4,3684032,0,6,123,456,0.0049942989999999998,4059.1761561903204
runtime,normal,openmp,fp64,4,3684032,0,7,123,456,0.0027982459999999999,4059.1760552853448
runtime,normal,openmp,mixed_fp32_fp64,4,3684032,0,7,123,456,0.0089822500000000007,4059.1761561903204
runtime,normal,openmp,fp64,8,3684032,0,0,123,456,0.021250614000000001,4059.1760552853466
runtime,normal,openmp,mixed_fp32_fp64,8,3684032,0,0,123,456,0.015129030999999999,4059.1761561903199
runtime,normal,openmp,fp64,8,3684032,0,1,123,456,0.017639446,4059.1760552853466
runtime,normal,openmp,mixed_fp32_fp64,8,3684032,0,1,123,456,0.025736986,4059.1761561903204
runtime,normal,openmp,fp64,8,3684032,0,2,123,456,0.020000550999999998,4059.1760552853466
runtime,normal,openmp,mixed_fp32_fp64,8,3684032,0,2,123,456,0.014093837999999999,4059.1761561903204
runtime,normal,openmp,fp64,8,3684032,0,3,123,456,0.018110785000000001,4059.1760552853466
runtime,normal,openmp,mixed_fp32_fp64,8,3684032,0,3,123,456,0.017017187,4059.1761561903199
runtime,normal,openmp,fp64,8,3684032,0,4,123,456,0.017093466000000002,4059.1760552853466
runtime,normal,openmp,mixed_fp32_fp64,8,3684032,0,4,123,456,0.016620012,4059.1761561903199
runtime,normal,openmp,fp64,8,3684032,0,5,123,456,0.0074836190000000004,4059.1760552853466
runtime,normal,openmp,mixed_fp32_fp64,8,3684032,0,5,123,456,0.013799921999999999,4059.1761561903195
runtime,normal,openmp,fp64,8,3684032,0,6,123,456,0.0096644069999999999,4059.1760552853466
runtime,normal,openmp,mixed_fp32_fp64,8,3684032,0,6,123,456,0.015788301000000001,4059.1761561903199
runtime,normal,openmp,fp64,8,3684032,0,7,123,456,0.005708421,4059.1760552853466
runtime,normal,openmp,mixed_fp32_fp64,8,3684032,0,7,123,456,0.0076319070000000003,4059.1761561903195
runtime,normal,openmp,fp64,16,3684032,0,0,123,456,0.045667887999999997,4059.1760552853539
runtime,normal,openmp,mixed_fp32_fp64,16,3684032,0,0,123,456,0.019283343000000001,4059.1761561903199
runtime,normal,openmp,fp64,16,3684032,0,1,123,456,0.017090455000000001,4059.1760552853534
runtime,normal,openmp,mixed_fp32_fp64,16,3684032,0,1,123,456,0.025738295000000001,4059.1761561903204
runtime,normal,openmp,fp64,16,3684032,0,2,123,456,0.022813394000000001,4059.1760552853543
runtime,normal,openmp,mixed_fp32_fp64,16,3684032,0,2,123,456,0.022098441,4059.1761561903209
runtime,normal,openmp,fp64,16,3684032,0,3,123,456,0.015337402,4059.1760552853534
runtime,normal,openmp,mixed_fp32_fp64,16,3684032,0,3,123,456,0.028265505999999999,4059.1761561903199
runtime,normal,openmp,fp64,16,3684032,0,4,123,456,0.017667426999999999,4059.1760552853539
runtime,normal,openmp,mixed_fp32_fp64,16,3684032,0,4,123,456,0.020852349999999999,4059.1761561903195
runtime,normal,openmp,fp64,16,3684032,0,5,123,456,0.015904614000000001,4059.1760552853543
runtime,normal,openmp,mixed_fp32_fp64,16,3684032,0,5,123,456,0.016513713999999999,4059.1761561903199
runtime,normal,openmp,fp64,16,3684032,0,6,123,456,0.020272985,4059.1760552853534
runtime,normal,openmp,mixed_fp32_fp64,16,3684032,0,6,123,456,0.020838966,4059.1761561903204
runtime,normal,openmp,fp64,16,3684032,0,7,123,456,0.0068933270000000003,4059.176055285353
runtime,normal,openmp,mixed_fp32_fp64,16,3684032,0,7,123,456,0.015842977000000001,4059.1761561903204
runtime,normal,openmp,fp64,22,3684032,0,0,123,456,0.025166582,4059.1760552853339
runtime,normal,openmp,mixed_fp32_fp64,22,3684032,0,0,123,456,0.029495329000000001,4059.1761561903199
runtime,normal,openmp,fp64,22,3684032,0,1,123,456,0.023294651999999999,4059.1760552853343
runtime,normal,openmp,mixed_fp32_fp64,22,3684032,0,1,123,456,0.029857742,4059.1761561903204
runtime,normal,openmp,fp64,22,3684032,0,2,123,456,0.028461275000000001,4059.1760552853348
runtime,normal,openmp,mixed_fp32_fp64,22,3684032,0,2,123,456,0.021844498,4059.1761561903195
runtime,normal,openmp,fp64,22,3684032,0,3,123,456,0.021067029000000001,4059.1760552853339
runtime,normal,openmp,mixed_fp32_fp64,22,3684032,0,3,123,456,0.023250043000000001,4059.1761561903204
runtime,normal,openmp,fp64,22,3684032,0,4,123,456,0.016528540000000001,4059.1760552853343
runtime,normal,openmp,mixed_fp32_fp64,22,3684032,0,4,123,456,0.017726278000000002,4059.1761561903199
runtime,normal,openmp,fp64,22,3684032,0,5,123,456,0.025640441999999999,4059.1760552853343
runtime,normal,openmp,mixed_fp32_fp64,22,3684032,0,5,123,456,0.020944615,4059.1761561903204
runtime,normal,openmp,fp64,22,3684032,0,6,123,456,0.012176863,4059.1760552853348
runtime,normal,openmp,mixed_fp32_fp64,22,3684032,0,6,123,456,0.019117469000000002,4059.1761561903199
runtime,normal,openmp,fp64,22,3684032,0,7,123,456,0.028259435999999999,4059.1760552853348
runtime,normal,openmp,mixed_fp32_fp64,22,3684032,0,7,123,456,0.0083276470000000005,4059.1761561903209
runtime,normal,serial,fp64,,7071068,0,0,123,456,0.0065623549999999998,6473.2380080576841
runtime,normal,serial,mixed_fp32_fp64,,7071068,0,0,123,456,0.0073483560000000003,6473.2380329663774
runtime,normal,serial,fp64,,7071068,0,1,123,456,0.0061762900000000001,6473.2380080576841
runtime,normal,serial,mixed_fp32_fp64,,7071068,0,1,123,456,0.0071874979999999996,6473.2380329663774
runtime,normal,serial,fp64,,7071068,0,2,123,456,0.0061220420000000003,6473.2380080576841
runtime,normal,serial,mixed_fp32_fp64,,7071068,0,2,123,456,0.0070682660000000001,6473.2380329663774
runtime,normal,serial,fp64,,7071068,0,3,123,456,0.0061445559999999998,6473.2380080576841
runtime,normal,serial,mixed_fp32_fp64,,7071068,0,3,123,456,0.0070385769999999999,6473.2380329663774
runtime,normal,serial,fp64,,7071068,0,4,123,456,0.0059370919999999997,6473.2380080576841
runtime,normal,serial,mixed_fp32_fp64,,7071068,0,4,123,456,0.0084491219999999999,6473.2380329663774
runtime,normal,serial,fp64,,7071068,0,5,123,456,0.0059673180000000001,6473.2380080576841
runtime,normal,serial,mixed_fp32_fp64,,7071068,0,5,123,456,0.0071041619999999998,6473.2380329663774
runtime,normal,serial,fp64,,7071068,0,6,123,456,0.0060535220000000004,6473.2380080576841
runtime,normal,serial,mixed_fp32_fp64,,7071068,0,6,123,456,0.0070917089999999999,6473.2380329663774
runtime,normal,serial,fp64,,7071068,0,7,123,456,0.006012135,6473.2380080576841
runtime,normal,serial,mixed_fp32_fp64,,7071068,0,7,123,456,0.0087041370000000007,6473.2380329663774
runtime,normal,openmp,fp64,1,7071068,0,0,123,456,0.0061669029999999996,6473.2380080576841
runtime,normal,openmp,mixed_fp32_fp64,1,7071068,0,0,123,456,0.0077891899999999997,6473.2380329663774
runtime,normal,openmp,fp64,1,7071068,0,1,123,456,0.0072377750000000001,6473.2380080576841
runtime,normal,openmp,mixed_fp32_fp64,1,7071068,0,1,123,456,0.0074650300000000001,6473.2380329663774
runtime,normal,openmp,fp64,1,7071068,0,2,123,456,0.0068138180000000001,6473.2380080576841
runtime,normal,openmp,mixed_fp32_fp64,1,7071068,0,2,123,456,0.0074178910000000002,6473.2380329663774
runtime,normal,openmp,fp64,1,7071068,0,3,123,456,0.0098217040000000005,6473.2380080576841
runtime,normal,openmp,mixed_fp32_fp64,1,7071068,0,3,123,456,0.0073978489999999997,6473.2380329663774
runtime,normal,openmp,fp64,1,7071068,0,4,123,456,0.0063544500000000002,6473.2380080576841
runtime,normal,openmp,mixed_fp32_fp64,1,7071068,0,4,123,456,0.0079812379999999999,6473.2380329663774
runtime,normal,openmp,fp64,1,7071068,0,5,123,456,0.0065746119999999996,6473.2380080576841
runtime,normal,openmp,mixed_fp32_fp64,1,7071068,0,5,123,456,0.007047958,6473.2380329663774
runtime,normal,openmp,fp64,1,7071068,0,6,123,456,0.005891533,6473.2380080576841
runtime,normal,openmp,mixed_fp32_fp64,1,7071068,0,6,123,456,0.0068695739999999998,6473.2380329663774
runtime,normal,openmp,fp64,1,7071068,0,7,123,456,0.0060915880000000002,6473.2380080576841
runtime,normal,openmp,mixed_fp32_fp64,1,7071068,0,7,123,456,0.0069865109999999999,6473.2380329663774
runtime,normal,openmp,fp64,2,7071068,0,0,123,456,0.0037052140000000001,6473.2380080574676
runtime,normal,openmp,mixed_fp32_fp64,2,7071068,0,0,123,456,0.0044361369999999997,6473.2380329663793
runtime,normal,openmp,fp64,2,7071068,0,1,123,456,0.0035352130000000002,6473.2380080574676
runtime,normal,openmp,mixed_fp32_fp64,2,7071068,0,1,123,456,0.0045022250000000003,6473.2380329663793
runtime,normal,openmp,fp64,2,7071068,0,2,123,456,0.0034565120000000001,6473.2380080574676
runtime,normal,openmp,mixed_fp32_fp64,2,7071068,0,2,123,456,0.014857644,6473.2380329663793
runtime,normal,openmp,fp64,2,7071068,0,3,123,456,0.0041508949999999999,6473.2380080574676
runtime,normal,openmp,mixed_fp32_fp64,2,7071068,0,3,123,456,0.0042259180000000004,6473.2380329663793
runtime,normal,openmp,fp64,2,7071068,0,4,123,456,0.0052668649999999999,6473.2380080574676
runtime,normal,openmp,mixed_fp32_fp64,2,7071068,0,4,123,456,0.0068920470000000001,6473.2380329663793
runtime,normal,openmp,fp64,2,7071068,0,5,123,456,0.003778844,6473.2380080574676
runtime,normal,openmp,mixed_fp32_fp64,2,7071068,0,5,123,456,0.0041788449999999996,6473.2380329663793
runtime,normal,openmp,fp64,2,7071068,0,6,123,456,0.0039238850000000002,6473.2380080574676
runtime,normal,openmp,mixed_fp32_fp64,2,7071068,0,6,123,456,0.0041253499999999999,6473.2380329663793
runtime,normal,openmp,fp64,2,7071068,0,7,123,456,0.003888692,6473.2380080574676
runtime,normal,openmp,mixed_fp32_fp64,2,7071068,0,7,123,456,0.003896952,6473.2380329663793
runtime,normal,openmp,fp64,4,7071068,0,0,123,456,0.018347196,6473.2380080574503
runtime,normal,openmp,mixed_fp32_fp64,4,7071068,0,0,123,456,0.0089454919999999993,6473.2380329663747
runtime,normal,openmp,fp64,4,7071068,0,1,123,456,0.01033039,6473.2380080574503
runtime,normal,openmp,mixed_fp32_fp64,4,7071068,0,1,123,456,0.0072355040000000002,6473.2380329663738
runtime,normal,openmp,fp64,4,7071068,0,2,123,456,0.0031513740000000002,6473.2380080574503
runtime,normal,openmp,mixed_fp32_fp64,4,7071068,0,2,123,456,0.0031224209999999998,6473.2380329663747
runtime,normal,openmp,fp64,4,7071068,0,3,123,456,0.002649195,6473.2380080574503
runtime,normal,openmp,mixed_fp32_fp64,4,7071068,0,3,123,456,0.002762586,6473.2380329663747
runtime,normal,openmp,fp64,4,7071068,0,4,123,456,0.002719586,6473.2380080574494
runtime,normal,openmp,mixed_fp32_fp64,4,7071068,0,4,123,456,0.0030128279999999999,6473.2380329663738
runtime,normal,openmp,fp64,4,7071068,0,5,123,456,0.007349225,6473.2380080574503
runtime,normal,openmp,mixed_fp32_fp64,4,7071068,0,5,123,456,0.0034342399999999999,6473.2380329663747
runtime,normal,openmp,fp64,4,7071068,0,6,123,456,0.0025296759999999998,6473.2380080574494
runtime,normal,openmp,mixed_fp32_fp64,4,7071068,0,6,123,456,0.0052975870000000003,6473.2380329663738
runtime,normal,openmp,fp64,4,7071068,0,7,123,456,0.0024047700000000001,6473.2380080574503
runtime,normal,openmp,mixed_fp32_fp64,4,7071068,0,7,123,456,0.0022959809999999999,6473.2380329663738
runtime,normal,openmp,fp64,8,7071068,0,0,123,456,0.024739651000000001,6473.2380080577905
runtime,normal,openmp,mixed_fp32_fp64,8,7071068,0,0,123,456,0.027781581,6473.2380329663765
runtime,normal,openmp,fp64,8,7071068,0,1,123,456,0.019847610000000002,6473.2380080577914
runtime,normal,openmp,mixed_fp32_fp64,8,7071068,0,1,123,456,0.013252261,6473.2380329663756
runtime,normal,openmp,fp64,8,7071068,0,2,123,456,0.022681091,6473.2380080577905
runtime,normal,openmp,mixed_fp32_fp64,8,7071068,0,2,123,456,0.018120548,6473.2380329663765
runtime,normal,openmp,fp64,8,7071068,0,3,123,456,0.017526926000000002,6473.2380080577914
runtime,normal,openmp,mixed_fp32_fp64,8,7071068,0,3,123,456,0.018589306999999999,6473.2380329663765
runtime,normal,openmp,fp64,8,7071068,0,4,123,456,0.014686405,6473.2380080577905
runtime,normal,openmp,mixed_fp32_fp64,8,7071068,0,4,123,456,0.016473022,6473.2380329663756
runtime,normal,openmp,fp64,8,7071068,0,5,123,456,0.017020701999999999,6473.2380080577914
runtime,normal,openmp,mixed_fp32_fp64,8,7071068,0,5,123,456,0.018932858,6473.2380329663765
runtime,normal,openmp,fp64,8,7071068,0,6,123,456,0.0045472170000000001,6473.2380080577914
runtime,normal,openmp,mixed_fp32_fp64,8,7071068,0,6,123,456,0.0070318179999999996,6473.2380329663765
runtime,normal,openmp,fp64,8,7071068,0,7,123,456,0.0078460849999999992,6473.2380080577905
runtime,normal,openmp,mixed_fp32_fp64,8,7071068,0,7,123,456,0.0046733060000000003,6473.2380329663765
runtime,normal,openmp,fp64,16,7071068,0,0,123,456,0.020561937999999998,6473.2380080577732
runtime,normal,openmp,mixed_fp32_fp64,16,7071068,0,0,123,456,0.021777366999999999,6473.2380329663747
runtime,normal,openmp,fp64,16,7071068,0,1,123,456,0.0272115,6473.2380080577732
runtime,normal,openmp,mixed_fp32_fp64,16,7071068,0,1,123,456,0.018337422999999999,6473.2380329663774
runtime,normal,openmp,fp64,16,7071068,0,2,123,456,0.022701532999999999,6473.2380080577714
runtime,normal,openmp,mixed_fp32_fp64,16,7071068,0,2,123,456,0.016209718000000001,6473.2380329663765
runtime,normal,openmp,fp64,16,7071068,0,3,123,456,0.021539269999999999,6473.2380080577723
runtime,normal,openmp,mixed_fp32_fp64,16,7071068,0,3,123,456,0.018292624,6473.2380329663765
runtime,normal,openmp,fp64,16,7071068,0,4,123,456,0.016540948999999999,6473.2380080577732
runtime,normal,openmp,mixed_fp32_fp64,16,7071068,0,4,123,456,0.015299132999999999,6473.2380329663756
runtime,normal,openmp,fp64,16,7071068,0,5,123,456,0.019407870000000001,6473.2380080577723
runtime,normal,openmp,mixed_fp32_fp64,16,7071068,0,5,123,456,0.022370259999999999,6473.2380329663765
runtime,normal,openmp,fp64,16,7071068,0,6,123,456,0.022686774,6473.2380080577723
runtime,normal,openmp,mixed_fp32_fp64,16,7071068,0,6,123,456,0.015017852,6473.2380329663765
runtime,normal,openmp,fp64,16,7071068,0,7,123,456,0.020110018,6473.2380080577723
runtime,normal,openmp,mixed_fp32_fp64,16,7071068,0,7,123,456,0.01277413,6473.2380329663765
runtime,normal,openmp,fp64,22,7071068,0,0,123,456,0.038318783000000002,6473.2380080576913
runtime,normal,openmp,mixed_fp32_fp64,22,7071068,0,0,123,456,0.031308803000000003,6473.2380329663774
runtime,normal,openmp,fp64,22,7071068,0,1,123,456,0.032864317999999997,6473.2380080576913
runtime,normal,openmp,mixed_fp32_fp64,22,7071068,0,1,123,456,0.015336796999999999,6473.2380329663747
runtime,normal,openmp,fp64,22,7071068,0,2,123,456,0.028798003999999999,6473.2380080576913
runtime,normal,openmp,mixed_fp32_fp64,22,7071068,0,2,123,456,0.023372583999999998,6473.2380329663774
runtime,normal,openmp,fp64,22,7071068,0,3,123,456,0.020010264,6473.2380080576941
runtime,normal,openmp,mixed_fp32_fp64,22,7071068,0,3,123,456,0.017199319000000001,6473.2380329663765
runtime,normal,openmp,fp64,22,7071068,0,4,123,456,0.020219320999999998,6473.2380080576913
runtime,normal,openmp,mixed_fp32_fp64,22,7071068,0,4,123,456,0.031794933999999997,6473.2380329663738
runtime,normal,openmp,fp64,22,7071068,0,5,123,456,0.021322892,6473.2380080576913
runtime,normal,openmp,mixed_fp32_fp64,22,7071068,0,5,123,456,0.013897421,6473.2380329663756
runtime,normal,openmp,fp64,22,7071068,0,6,123,456,0.018556642000000002,6473.2380080576922
runtime,normal,openmp,mixed_fp32_fp64,22,7071068,0,6,123,456,0.017165254000000001,6473.2380329663747
runtime,normal,openmp,fp64,22,7071068,0,7,123,456,0.022153288,6473.2380080576922
runtime,normal,openmp,mixed_fp32_fp64,22,7071068,0,7,123,456,0.018198163999999999,6473.2380329663765
runtime,normal,serial,fp64,,13572088,0,0,123,456,0.01203398,5270.0082922137126
runtime,normal,serial,mixed_fp32_fp64,,13572088,0,0,123,456,0.013353863000000001,5270.0082493412992
runtime,normal,serial,fp64,,13572088,0,1,123,456,0.011213288,5270.0082922137126
runtime,normal,serial,mixed_fp32_fp64,,13572088,0,1,123,456,0.012869467000000001,5270.0082493412992
runtime,normal,serial,fp64,,13572088,0,2,123,456,0.011286444,5270.0082922137126
runtime,normal,serial,mixed_fp32_fp64,,13572088,0,2,123,456,0.013097068999999999,5270.0082493412992
runtime,normal,serial,fp64,,13572088,0,3,123,456,0.011229957,5270.0082922137126
runtime,normal,serial,mixed_fp32_fp64,,13572088,0,3,123,456,0.013035120000000001,5270.0082493412992
runtime,normal,serial,fp64,,13572088,0,4,123,456,0.011030285000000001,5270.0082922137126
runtime,normal,serial,mixed_fp32_fp64,,13572088,0,4,123,456,0.013419477000000001,5270.0082493412992
runtime,normal,serial,fp64,,13572088,0,5,123,456,0.011039162999999999,5270.0082922137126
runtime,normal,serial,mixed_fp32_fp64,,13572088,0,5,123,456,0.013244133999999999,5270.0082493412992
runtime,normal,serial,fp64,,13572088,0,6,123,456,0.011302549,5270.0082922137126
runtime,normal,serial,mixed_fp32_fp64,,13572088,0,6,123,456,0.013333995,5270.0082493412992
runtime,normal,serial,fp64,,13572088,0,7,123,456,0.011199926000000001,5270.0082922137126
runtime,normal,serial,mixed_fp32_fp64,,13572088,0,7,123,456,0.012783581,5270.0082493412992
runtime,normal,openmp,fp64,1,13572088,0,0,123,456,0.011127209000000001,5270.0082922137126
runtime,normal,openmp,mixed_fp32_fp64,1,13572088,0,0,123,456,0.01299617,5270.0082493412992
runtime,normal,openmp,fp64,1,13572088,0,1,123,456,0.011147486999999999,5270.0082922137126
runtime,normal,openmp,mixed_fp32_fp64,1,13572088,0,1,123,456,0.012659208,5270.0082493412992
runtime,normal,openmp,fp64,1,13572088,0,2,123,456,0.012473112,5270.0082922137126
runtime,normal,openmp,mixed_fp32_fp64,1,13572088,0,2,123,456,0.013106542000000001,5270.0082493412992
runtime,normal,openmp,fp64,1,13572088,0,3,123,456,0.011002852,5270.0082922137126
runtime,normal,openmp,mixed_fp32_fp64,1,13572088,0,3,123,456,0.013626677,5270.0082493412992
runtime,normal,openmp,fp64,1,13572088,0,4,123,456,0.011243138999999999,5270.0082922137126
runtime,normal,openmp,mixed_fp32_fp64,1,13572088,0,4,123,456,0.012990484,5270.0082493412992
runtime,normal,openmp,fp64,1,13572088,0,5,123,456,0.012639096000000001,5270.0082922137126
runtime,normal,openmp,mixed_fp32_fp64,1,13572088,0,5,123,456,0.013785667,5270.0082493412992
runtime,normal,openmp,fp64,1,13572088,0,6,123,456,0.012568276,5270.0082922137126
runtime,normal,openmp,mixed_fp32_fp64,1,13572088,0,6,123,456,0.013104569,5270.0082493412992
runtime,normal,openmp,fp64,1,13572088,0,7,123,456,0.011889988000000001,5270.0082922137126
runtime,normal,openmp,mixed_fp32_fp64,1,13572088,0,7,123,456,0.012790288,5270.0082493412992
runtime,normal,openmp,fp64,2,13572088,0,0,123,456,0.0076384490000000003,5270.0082922145957
runtime,normal,openmp,mixed_fp32_fp64,2,13572088,0,0,123,456,0.0079102979999999996,5270.0082493413083
runtime,normal,openmp,fp64,2,13572088,0,1,123,456,0.0070329950000000002,5270.0082922145957
runtime,normal,openmp,mixed_fp32_fp64,2,13572088,0,1,123,456,0.011987696000000001,5270.0082493413083
runtime,normal,openmp,fp64,2,13572088,0,2,123,456,0.0077774020000000001,5270.0082922145957
runtime,normal,openmp,mixed_fp32_fp64,2,13572088,0,2,123,456,0.0082902689999999994,5270.0082493413083
runtime,normal,openmp,fp64,2,13572088,0,3,123,456,0.006632565,5270.0082922145957
runtime,normal,openmp,mixed_fp32_fp64,2,13572088,0,3,123,456,0.0089054649999999996,5270.0082493413083
runtime,normal,openmp,fp64,2,13572088,0,4,123,456,0.0064327239999999999,5270.0082922145957
runtime,normal,openmp,mixed_fp32_fp64,2,13572088,0,4,123,456,0.0076177450000000004,5270.0082493413083
runtime,normal,openmp,fp64,2,13572088,0,5,123,456,0.0064913810000000001,5270.0082922145957
runtime,normal,openmp,mixed_fp32_fp64,2,13572088,0,5,123,456,0.0072601860000000001,5270.0082493413083
runtime,normal,openmp,fp64,2,13572088,0,6,123,456,0.0065491050000000004,5270.0082922145957
runtime,normal,openmp,mixed_fp32_fp64,2,13572088,0,6,123,456,0.0071745639999999996,5270.0082493413083
runtime,normal,openmp,fp64,2,13572088,0,7,123,456,0.0067956329999999997,5270.0082922145957
runtime,normal,openmp,mixed_fp32_fp64,2,13572088,0,7,123,456,0.0080005019999999996,5270.0082493413083
runtime,normal,openmp,fp64,4,13572088,0,0,123,456,0.010353861000000001,5270.008292214533
runtime,normal,openmp,mixed_fp32_fp64,4,13572088,0,0,123,456,0.0099674570000000007,5270.0082493413101
runtime,normal,openmp,fp64,4,13572088,0,1,123,456,0.011375873,5270.0082922145339
runtime,normal,openmp,mixed_fp32_fp64,4,13572088,0,1,123,456,0.0068241109999999999,5270.0082493413101
runtime,normal,openmp,fp64,4,13572088,0,2,123,456,0.0080678099999999999,5270.008292214533
runtime,normal,openmp,mixed_fp32_fp64,4,13572088,0,2,123,456,0.0060264630000000001,5270.0082493413101
runtime,normal,openmp,fp64,4,13572088,0,3,123,456,0.0065321090000000004,5270.008292214533
runtime,normal,openmp,mixed_fp32_fp64,4,13572088,0,3,123,456,0.0063805169999999996,5270.0082493413101
runtime,normal,openmp,fp64,4,13572088,0,4,123,456,0.0045036720000000002,5270.008292214533
runtime,normal,openmp,mixed_fp32_fp64,4,13572088,0,4,123,456,0.0057533549999999999,5270.0082493413101
runtime,normal,openmp,fp64,4,13572088,0,5,123,456,0.0043367029999999999,5270.008292214533
runtime,normal,openmp,mixed_fp32_fp64,4,13572088,0,5,123,456,0.0047143009999999997,5270.0082493413101
runtime,normal,openmp,fp64,4,13572088,0,6,123,456,0.0041514129999999996,5270.0082922145339
runtime,normal,openmp,mixed_fp32_fp64,4,13572088,0,6,123,456,0.0060490589999999999,5270.0082493413101
runtime,normal,openmp,fp64,4,13572088,0,7,123,456,0.0040690659999999997,5270.008292214533
runtime,normal,openmp,mixed_fp32_fp64,4,13572088,0,7,123,456,0.011426241,5270.0082493413101
runtime,normal,openmp,fp64,8,13572088,0,0,123,456,0.019960532999999999,5270.0082922149031
runtime,normal,openmp,mixed_fp32_fp64,8,13572088,0,0,123,456,0.016800953,5270.0082493413092
runtime,normal,openmp,fp64,8,13572088,0,1,123,456,0.025228960000000002,5270.0082922149013
runtime,normal,openmp,mixed_fp32_fp64,8,13572088,0,1,123,456,0.020070715999999999,5270.0082493413092
runtime,normal,openmp,fp64,8,13572088,0,2,123,456,0.016942598,5270.0082922149022
runtime,normal,openmp,mixed_fp32_fp64,8,13572088,0,2,123,456,0.012004005,5270.0082493413092
runtime,normal,openmp,fp64,8,13572088,0,3,123,456,0.01128533,5270.0082922149022
runtime,normal,openmp,mixed_fp32_fp64,8,13572088,0,3,123,456,0.011639347,5270.0082493413092
runtime,normal,openmp,fp64,8,13572088,0,4,123,456,0.015579091,5270.0082922149031
runtime,normal,openmp,mixed_fp32_fp64,8,13572088,0,4,123,456,0.014745401999999999,5270.0082493413092
runtime,normal,openmp,fp64,8,13572088,0,5,123,456,0.011457686999999999,5270.0082922149031
runtime,normal,openmp,mixed_fp32_fp64,8,13572088,0,5,123,456,0.016568751,5270.0082493413092
runtime,normal,openmp,fp64,8,13572088,0,6,123,456,0.019647635,5270.0082922149022
runtime,normal,openmp,mixed_fp32_fp64,8,13572088,0,6,123,456,0.016529205000000002,5270.0082493413092
runtime,normal,openmp,fp64,8,13572088,0,7,123,456,0.0094841140000000001,5270.0082922149013
runtime,normal,openmp,mixed_fp32_fp64,8,13572088,0,7,123,456,0.0072606779999999996,5270.0082493413092
runtime,normal,openmp,fp64,16,13572088,0,0,123,456,0.023049125,5270.0082922148185
runtime,normal,openmp,mixed_fp32_fp64,16,13572088,0,0,123,456,0.025972225000000002,5270.0082493413083
runtime,normal,openmp,fp64,16,13572088,0,1,123,456,0.024218984999999998,5270.0082922148194
runtime,normal,openmp,mixed_fp32_fp64,16,13572088,0,1,123,456,0.020105649,5270.0082493413092
runtime,normal,openmp,fp64,16,13572088,0,2,123,456,0.019580594,5270.0082922148176
runtime,normal,openmp,mixed_fp32_fp64,16,13572088,0,2,123,456,0.021603772,5270.0082493413083
runtime,normal,openmp,fp64,16,13572088,0,3,123,456,0.020369952,5270.0082922148176
runtime,normal,openmp,mixed_fp32_fp64,16,13572088,0,3,123,456,0.023990648,5270.0082493413083
runtime,normal,openmp,fp64,16,13572088,0,4,123,456,0.023159029000000001,5270.0082922148176
runtime,normal,openmp,mixed_fp32_fp64,16,13572088,0,4,123,456,0.018542080999999998,5270.0082493413083
runtime,normal,openmp,fp64,16,13572088,0,5,123,456,0.015326968,5270.0082922148185
runtime,normal,openmp,mixed_fp32_fp64,16,13572088,0,5,123,456,0.018300589999999999,5270.0082493413092
runtime,normal,openmp,fp64,16,13572088,0,6,123,456,0.017032148,5270.0082922148176
runtime,normal,openmp,mixed_fp32_fp64,16,13572088,0,6,123,456,0.015845084999999998,5270.0082493413101
runtime,normal,openmp,fp64,16,13572088,0,7,123,456,0.021371194999999999,5270.0082922148185
runtime,normal,openmp,mixed_fp32_fp64,16,13572088,0,7,123,456,0.01860417,5270.0082493413101
runtime,normal,openmp,fp64,22,13572088,0,0,123,456,0.031276302999999998,5270.0082922148649
runtime,normal,openmp,mixed_fp32_fp64,22,13572088,0,0,123,456,0.035821922999999999,5270.0082493413092
runtime,normal,openmp,fp64,22,13572088,0,1,123,456,0.021841586,5270.0082922148649
runtime,normal,openmp,mixed_fp32_fp64,22,13572088,0,1,123,456,0.027826039,5270.0082493413101
runtime,normal,openmp,fp64,22,13572088,0,2,123,456,0.021269509999999998,5270.0082922148649
runtime,normal,openmp,mixed_fp32_fp64,22,13572088,0,2,123,456,0.036346940000000001,5270.0082493413101
runtime,normal,openmp,fp64,22,13572088,0,3,123,456,0.018856675999999999,5270.0082922148649
runtime,normal,openmp,mixed_fp32_fp64,22,13572088,0,3,123,456,0.020892332999999999,5270.0082493413092
runtime,normal,openmp,fp64,22,13572088,0,4,123,456,0.012176487,5270.0082922148658
runtime,normal,openmp,mixed_fp32_fp64,22,13572088,0,4,123,456,0.017512973000000001,5270.0082493413101
runtime,normal,openmp,fp64,22,13572088,0,5,123,456,0.022278082000000001,5270.0082922148649
runtime,normal,openmp,mixed_fp32_fp64,22,13572088,0,5,123,456,0.021391772999999999,5270.0082493413101
runtime,normal,openmp,fp64,22,13572088,0,6,123,456,0.015485273000000001,5270.0082922148649
runtime,normal,openmp,mixed_fp32_fp64,22,13572088,0,6,123,456,0.017302609,5270.0082493413111
runtime,normal,openmp,fp64,22,13572088,0,7,123,456,0.018235662999999999,5270.0082922148649
runtime,normal,openmp,mixed_fp32_fp64,22,13572088,0,7,123,456,0.020773797,5270.0082493413083
runtime,normal,serial,fp64,,26050038,0,0,123,456,0.022241932999999998,5667.1000546352016
runtime,normal,serial,mixed_fp32_fp64,,26050038,0,0,123,456,0.023609462000000001,5667.1000669554169
runtime,normal,serial,fp64,,26050038,0,1,123,456,0.021763873999999999,5667.1000546352016
runtime,normal,serial,mixed_fp32_fp64,,26050038,0,1,123,456,0.024114986000000001,5667.1000669554169
runtime,normal,serial,fp64,,26050038,0,2,123,456,0.021172709000000001,5667.1000546352016
runtime,normal,serial,mixed_fp32_fp64,,26050038,0,2,123,456,0.025783977999999999,5667.1000669554169
runtime,normal,serial,fp64,,26050038,0,3,123,456,0.021936678000000001,5667.1000546352016
runtime,normal,serial,mixed_fp32_fp64,,26050038,0,3,123,456,0.023536905,5667.1000669554169
runtime,normal,serial,fp64,,26050038,0,4,123,456,0.022568079000000001,5667.1000546352016
runtime,normal,serial,mixed_fp32_fp64,,26050038,0,4,123,456,0.023482823999999999,5667.1000669554169
runtime,normal,serial,fp64,,26050038,0,5,123,456,0.021015808,5667.1000546352016
runtime,normal,serial,mixed_fp32_fp64,,26050038,0,5,123,456,0.022933691999999999,5667.1000669554169
runtime,normal,serial,fp64,,26050038,0,6,123,456,0.022456911999999999,5667.1000546352016
runtime,normal,serial,mixed_fp32_fp64,,26050038,0,6,123,456,0.023630681000000001,5667.1000669554169
runtime,normal,serial,fp64,,26050038,0,7,123,456,0.020906191000000001,5667.1000546352016
runtime,normal,serial,mixed_fp32_fp64,,26050038,0,7,123,456,0.023381892000000001,5667.1000669554169
runtime,normal,openmp,fp64,1,26050038,0,0,123,456,0.024555891999999999,5667.1000546352016
runtime,normal,openmp,mixed_fp32_fp64,1,26050038,0,0,123,456,0.024707639999999999,5667.1000669554169
runtime,normal,openmp,fp64,1,26050038,0,1,123,456,0.021991469999999999,5667.1000546352016
runtime,normal,openmp,mixed_fp32_fp64,1,26050038,0,1,123,456,0.026633206,5667.1000669554169
runtime,normal,openmp,fp64,1,26050038,0,2,123,456,0.021218115999999999,5667.1000546352016
runtime,normal,openmp,mixed_fp32_fp64,1,26050038,0,2,123,456,0.025062554000000001,5667.1000669554169
runtime,normal,openmp,fp64,1,26050038,0,3,123,456,0.022264240000000001,5667.1000546352016
runtime,normal,openmp,mixed_fp32_fp64,1,26050038,0,3,123,456,0.024252979000000001,5667.1000669554169
runtime,normal,openmp,fp64,1,26050038,0,4,123,456,0.021582456999999999,5667.1000546352016
runtime,normal,openmp,mixed_fp32_fp64,1,26050038,0,4,123,456,0.023970650999999999,5667.1000669554169
runtime,normal,openmp,fp64,1,26050038,0,5,123,456,0.022383469,5667.1000546352016
runtime,normal,openmp,mixed_fp32_fp64,1,26050038,0,5,123,456,0.025057825999999998,5667.1000669554169
runtime,normal,openmp,fp64,1,26050038,0,6,123,456,0.024845717999999999,5667.1000546352016
runtime,normal,openmp,mixed_fp32_fp64,1,26050038,0,6,123,456,0.024629486999999999,5667.1000669554169
runtime,normal,openmp,fp64,1,26050038,0,7,123,456,0.022083313,5667.1000546352016
runtime,normal,openmp,mixed_fp32_fp64,1,26050038,0,7,123,456,0.023657555,5667.1000669554169
runtime,normal,openmp,fp64,2,26050038,0,0,123,456,0.013448239000000001,5667.1000546334653
runtime,normal,openmp,mixed_fp32_fp64,2,26050038,0,0,123,456,0.015340082,5667.1000669554214
runtime,normal,openmp,fp64,2,26050038,0,1,123,456,0.012474043000000001,5667.1000546334653
runtime,normal,openmp,mixed_fp32_fp64,2,26050038,0,1,123,456,0.014453046000000001,5667.1000669554214
runtime,normal,openmp,fp64,2,26050038,0,2,123,456,0.013100404,5667.1000546334653
runtime,normal,openmp,mixed_fp32_fp64,2,26050038,0,2,123,456,0.014544377000000001,5667.1000669554214
runtime,normal,openmp,fp64,2,26050038,0,3,123,456,0.012801376,5667.1000546334653
runtime,normal,openmp,mixed_fp32_fp64,2,26050038,0,3,123,456,0.014724516,5667.1000669554214
runtime,normal,openmp,fp64,2,26050038,0,4,123,456,0.012583789,5667.1000546334653
runtime,normal,openmp,mixed_fp32_fp64,2,26050038,0,4,123,456,0.014877232000000001,5667.1000669554214
runtime,normal,openmp,fp64,2,26050038,0,5,123,456,0.013099718999999999,5667.1000546334653
runtime,normal,openmp,mixed_fp32_fp64,2,26050038,0,5,123,456,0.014438289,5667.1000669554214
runtime,normal,openmp,fp64,2,26050038,0,6,123,456,0.012302713,5667.1000546334653
runtime,normal,openmp,mixed_fp32_fp64,2,26050038,0,6,123,456,0.013773214000000001,5667.1000669554214
runtime,normal,openmp,fp64,2,26050038,0,7,123,456,0.013226247999999999,5667.1000546334653
runtime,normal,openmp,mixed_fp32_fp64,2,26050038,0,7,123,456,0.015094915,5667.1000669554214
runtime,normal,openmp,fp64,4,26050038,0,0,123,456,0.013954784,5667.1000546344203
runtime,normal,openmp,mixed_fp32_fp64,4,26050038,0,0,123,456,0.013217319,5667.1000669554342
runtime,normal,openmp,fp64,4,26050038,0,1,123,456,0.010190915,5667.1000546344203
runtime,normal,openmp,mixed_fp32_fp64,4,26050038,0,1,123,456,0.010829935000000001,5667.1000669554342
runtime,normal,openmp,fp64,4,26050038,0,2,123,456,0.0096195719999999998,5667.1000546344203
runtime,normal,openmp,mixed_fp32_fp64,4,26050038,0,2,123,456,0.0086921450000000001,5667.1000669554342
runtime,normal,openmp,fp64,4,26050038,0,3,123,456,0.0083692620000000006,5667.1000546344194
runtime,normal,openmp,mixed_fp32_fp64,4,26050038,0,3,123,456,0.013739067000000001,5667.1000669554342
runtime,normal,openmp,fp64,4,26050038,0,4,123,456,0.0091071209999999993,5667.1000546344203
runtime,normal,openmp,mixed_fp32_fp64,4,26050038,0,4,123,456,0.011286378,5667.1000669554342
runtime,normal,openmp,fp64,4,26050038,0,5,123,456,0.0089888659999999999,5667.1000546344203
runtime,normal,openmp,mixed_fp32_fp64,4,26050038,0,5,123,456,0.01066166,5667.1000669554342
runtime,normal,openmp,fp64,4,26050038,0,6,123,456,0.0087903500000000006,5667.1000546344194
runtime,normal,openmp,mixed_fp32_fp64,4,26050038,0,6,123,456,0.0089385579999999992,5667.1000669554342
runtime,normal,openmp,fp64,4,26050038,0,7,123,456,0.0082577229999999998,5667.1000546344203
runtime,normal,openmp,mixed_fp32_fp64,4,26050038,0,7,123,456,0.0089764430000000006,5667.1000669554342
runtime,normal,openmp,fp64,8,26050038,0,0,123,456,0.01454373,5667.1000546343021
runtime,normal,openmp,mixed_fp32_fp64,8,26050038,0,0,123,456,0.014545628999999999,5667.1000669554351
runtime,normal,openmp,fp64,8,26050038,0,1,123,456,0.015032647,5667.1000546343021
runtime,normal,openmp,mixed_fp32_fp64,8,26050038,0,1,123,456,0.01570939,5667.1000669554351
runtime,normal,openmp,fp64,8,26050038,0,2,123,456,0.020749018000000001,5667.1000546343012
runtime,normal,openmp,mixed_fp32_fp64,8,26050038,0,2,123,456,0.017258391000000001,5667.1000669554351
runtime,normal,openmp,fp64,8,26050038,0,3,123,456,0.012463435,5667.1000546343021
runtime,normal,openmp,mixed_fp32_fp64,8,26050038,0,3,123,456,0.018253406,5667.100066955436
runtime,normal,openmp,fp64,8,26050038,0,4,123,456,0.0075785460000000002,5667.1000546343021
runtime,normal,openmp,mixed_fp32_fp64,8,26050038,0,4,123,456,0.0096390769999999994,5667.1000669554351
runtime,normal,openmp,fp64,8,26050038,0,5,123,456,0.010134826,5667.1000546343021
runtime,normal,openmp,mixed_fp32_fp64,8,26050038,0,5,123,456,0.010349339000000001,5667.1000669554351
runtime,normal,openmp,fp64,8,26050038,0,6,123,456,0.011608459,5667.1000546343021
runtime,normal,openmp,mixed_fp32_fp64,8,26050038,0,6,123,456,0.0083168630000000007,5667.1000669554351
runtime,normal,openmp,fp64,8,26050038,0,7,123,456,0.012144011999999999,5667.1000546343021
runtime,normal,openmp,mixed_fp32_fp64,8,26050038,0,7,123,456,0.01449459,5667.100066955436
runtime,normal,openmp,fp64,16,26050038,0,0,123,456,0.022574548999999999,5667.1000546343548
runtime,normal,openmp,mixed_fp32_fp64,16,26050038,0,0,123,456,0.020824799000000001,5667.1000669554314
runtime,normal,openmp,fp64,16,26050038,0,1,123,456,0.020318461999999999,5667.1000546343566
runtime,normal,openmp,mixed_fp32_fp64,16,26050038,0,1,123,456,0.025253069,5667.1000669554323
runtime,normal,openmp,fp64,16,26050038,0,2,123,456,0.021813451000000001,5667.1000546343566
runtime,normal,openmp,mixed_fp32_fp64,16,26050038,0,2,123,456,0.020189970000000002,5667.1000669554332
runtime,normal,openmp,fp64,16,26050038,0,3,123,456,0.019639288000000001,5667.1000546343566
runtime,normal,openmp,mixed_fp32_fp64,16,26050038,0,3,123,456,0.029890547,5667.1000669554305
runtime,normal,openmp,fp64,16,26050038,0,4,123,456,0.016696875,5667.1000546343566
runtime,normal,openmp,mixed_fp32_fp64,16,26050038,0,4,123,456,0.028238681000000002,5667.1000669554305
runtime,normal,openmp,fp64,16,26050038,0,5,123,456,0.024979772000000001,5667.1000546343557
runtime,normal,openmp,mixed_fp32_fp64,16,26050038,0,5,123,456,0.021464477999999999,5667.1000669554323
runtime,normal,openmp,fp64,16,26050038,0,6,123,456,0.024089507,5667.1000546343575
runtime,normal,openmp,mixed_fp32_fp64,16,26050038,0,6,123,456,0.015276734,5667.1000669554314
runtime,normal,openmp,fp64,16,26050038,0,7,123,456,0.019459243000000001,5667.1000546343566
runtime,normal,openmp,mixed_fp32_fp64,16,26050038,0,7,123,456,0.023900910000000001,5667.1000669554323
runtime,normal,openmp,fp64,22,26050038,0,0,123,456,0.024634126999999999,5667.1000546342339
runtime,normal,openmp,mixed_fp32_fp64,22,26050038,0,0,123,456,0.025823972000000001,5667.1000669554323
runtime,normal,openmp,fp64,22,26050038,0,1,123,456,0.018048076,5667.1000546342339
runtime,normal,openmp,mixed_fp32_fp64,22,26050038,0,1,123,456,0.017993182,5667.1000669554342
runtime,normal,openmp,fp64,22,26050038,0,2,123,456,0.023263071,5667.1000546342339
runtime,normal,openmp,mixed_fp32_fp64,22,26050038,0,2,123,456,0.012171013,5667.1000669554332
runtime,normal,openmp,fp64,22,26050038,0,3,123,456,0.031524502000000003,5667.1000546342329
runtime,normal,openmp,mixed_fp32_fp64,22,26050038,0,3,123,456,0.026158280999999999,5667.1000669554332
runtime,normal,openmp,fp64,22,26050038,0,4,123,456,0.024942801000000001,5667.1000546342339
runtime,normal,openmp,mixed_fp32_fp64,22,26050038,0,4,123,456,0.026758747999999999,5667.1000669554342
runtime,normal,openmp,fp64,22,26050038,0,5,123,456,0.026225938000000001,5667.1000546342329
runtime,normal,openmp,mixed_fp32_fp64,22,26050038,0,5,123,456,0.023885235000000001,5667.1000669554323
runtime,normal,openmp,fp64,22,26050038,0,6,123,456,0.015936361,5667.1000546342339
runtime,normal,openmp,mixed_fp32_fp64,22,26050038,0,6,123,456,0.015350513,5667.1000669554323
runtime,normal,openmp,fp64,22,26050038,0,7,123,456,0.016794201000000002,5667.1000546342329
runtime,normal,openmp,mixed_fp32_fp64,22,26050038,0,7,123,456,0.010047036000000001,5667.1000669554323
runtime,normal,serial,fp64,,50000000,0,0,123,456,0.138124471,6391.7926565366497
runtime,normal,serial,mixed_fp32_fp64,,50000000,0,0,123,456,0.048748393000000001,6391.7927448365263
runtime,normal,serial,fp64,,50000000,0,1,123,456,0.054865487999999997,6391.7926565366497
runtime,normal,serial,mixed_fp32_fp64,,50000000,0,1,123,456,0.045869568999999999,6391.7927448365263
runtime,normal,serial,fp64,,50000000,0,2,123,456,0.040641515000000003,6391.7926565366497
runtime,normal,serial,mixed_fp32_fp64,,50000000,0,2,123,456,0.046564266,6391.7927448365263
runtime,normal,serial,fp64,,50000000,0,3,123,456,0.040816269000000002,6391.7926565366497
runtime,normal,serial,mixed_fp32_fp64,,50000000,0,3,123,456,0.044662120999999999,6391.7927448365263
runtime,normal,serial,fp64,,50000000,0,4,123,456,0.041598919999999998,6391.7926565366497
runtime,normal,serial,mixed_fp32_fp64,,50000000,0,4,123,456,0.044679143999999997,6391.7927448365263
runtime,normal,serial,fp64,,50000000,0,5,123,456,0.040263504999999998,6391.7926565366497
runtime,normal,serial,mixed_fp32_fp64,,50000000,0,5,123,456,0.045335162999999998,6391.7927448365263
runtime,normal,serial,fp64,,50000000,0,6,123,456,0.041110336999999997,6391.7926565366497
runtime,normal,serial,mixed_fp32_fp64,,50000000,0,6,123,456,0.052710391000000002,6391.7927448365263
runtime,normal,serial,fp64,,50000000,0,7,123,456,0.042414281999999998,6391.7926565366497
runtime,normal,serial,mixed_fp32_fp64,,50000000,0,7,123,456,0.047000610999999998,6391.7927448365263
runtime,normal,openmp,fp64,1,50000000,0,0,123,456,0.041664213999999998,6391.7926565366497
runtime,normal,openmp,mixed_fp32_fp64,1,50000000,0,0,123,456,0.044955230999999998,6391.7927448365263
runtime,normal,openmp,fp64,1,50000000,0,1,123,456,0.039883345000000001,6391.7926565366497
runtime,normal,openmp,mixed_fp32_fp64,1,50000000,0,1,123,456,0.046145448999999998,6391.7927448365263
runtime,normal,openmp,fp64,1,50000000,0,2,123,456,0.040135391999999999,6391.7926565366497
runtime,normal,openmp,mixed_fp32_fp64,1,50000000,0,2,123,456,0.048841752000000002,6391.7927448365263
runtime,normal,openmp,fp64,1,50000000,0,3,123,456,0.040757636,6391.7926565366497
runtime,normal,openmp,mixed_fp32_fp64,1,50000000,0,3,123,456,0.046919836999999999,6391.7927448365263
runtime,normal,openmp,fp64,1,50000000,0,4,123,456,0.041236668999999997,6391.7926565366497
runtime,normal,openmp,mixed_fp32_fp64,1,50000000,0,4,123,456,0.044951458,6391.7927448365263
runtime,normal,openmp,fp64,1,50000000,0,5,123,456,0.043323958000000003,6391.7926565366497
runtime,normal,openmp,mixed_fp32_fp64,1,50000000,0,5,123,456,0.047556906000000003,6391.7927448365263
runtime,normal,openmp,fp64,1,50000000,0,6,123,456,0.040151236999999999,6391.7926565366497
runtime,normal,openmp,mixed_fp32_fp64,1,50000000,0,6,123,456,0.045051534999999997,6391.7927448365263
runtime,normal,openmp,fp64,1,50000000,0,7,123,456,0.042791526000000003,6391.7926565366497
runtime,normal,openmp,mixed_fp32_fp64,1,50000000,0,7,123,456,0.043970924000000002,6391.7927448365263
runtime,normal,openmp,fp64,2,50000000,0,0,123,456,0.027862206,6391.792656536315
runtime,normal,openmp,mixed_fp32_fp64,2,50000000,0,0,123,456,0.032850559000000001,6391.7927448365053
runtime,normal,openmp,fp64,2,50000000,0,1,123,456,0.024835383999999999,6391.792656536315
runtime,normal,openmp,mixed_fp32_fp64,2,50000000,0,1,123,456,0.032577913,6391.7927448365053
runtime,normal,openmp,fp64,2,50000000,0,2,123,456,0.02631116,6391.792656536315
runtime,normal,openmp,mixed_fp32_fp64,2,50000000,0,2,123,456,0.024948978,6391.7927448365053
runtime,normal,openmp,fp64,2,50000000,0,3,123,456,0.026806516999999998,6391.792656536315
runtime,normal,openmp,mixed_fp32_fp64,2,50000000,0,3,123,456,0.031674071999999998,6391.7927448365053
runtime,normal,openmp,fp64,2,50000000,0,4,123,456,0.025951156,6391.792656536315
runtime,normal,openmp,mixed_fp32_fp64,2,50000000,0,4,123,456,0.029327063,6391.7927448365053
runtime,normal,openmp,fp64,2,50000000,0,5,123,456,0.025138303000000001,6391.792656536315
runtime,normal,openmp,mixed_fp32_fp64,2,50000000,0,5,123,456,0.025261611999999999,6391.7927448365053
runtime,normal,openmp,fp64,2,50000000,0,6,123,456,0.025062220999999999,6391.792656536315
runtime,normal,openmp,mixed_fp32_fp64,2,50000000,0,6,123,456,0.028192368999999998,6391.7927448365053
runtime,normal,openmp,fp64,2,50000000,0,7,123,456,0.023786272000000001,6391.792656536315
runtime,normal,openmp,mixed_fp32_fp64,2,50000000,0,7,123,456,0.026132044,6391.7927448365053
runtime,normal,openmp,fp64,4,50000000,0,0,123,456,0.023428784000000001,6391.7926565346443
runtime,normal,openmp,mixed_fp32_fp64,4,50000000,0,0,123,456,0.026477045000000001,6391.7927448365208
runtime,normal,openmp,fp64,4,50000000,0,1,123,456,0.016409401000000001,6391.7926565346434
runtime,normal,openmp,mixed_fp32_fp64,4,50000000,0,1,123,456,0.017560315,6391.7927448365208
runtime,normal,openmp,fp64,4,50000000,0,2,123,456,0.015993015999999999,6391.7926565346434
runtime,normal,openmp,mixed_fp32_fp64,4,50000000,0,2,123,456,0.016690578000000001,6391.7927448365208
runtime,normal,openmp,fp64,4,50000000,0,3,123,456,0.015792173999999999,6391.7926565346434
runtime,normal,openmp,mixed_fp32_fp64,4,50000000,0,3,123,456,0.017439461,6391.7927448365208
runtime,normal,openmp,fp64,4,50000000,0,4,123,456,0.021849654,6391.7926565346434
runtime,normal,openmp,mixed_fp32_fp64,4,50000000,0,4,123,456,0.017181925000000001,6391.7927448365199
runtime,normal,openmp,fp64,4,50000000,0,5,123,456,0.016394882999999999,6391.7926565346434
runtime,normal,openmp,mixed_fp32_fp64,4,50000000,0,5,123,456,0.017620798999999999,6391.7927448365199
runtime,normal,openmp,fp64,4,50000000,0,6,123,456,0.016342466999999999,6391.7926565346434
runtime,normal,openmp,mixed_fp32_fp64,4,50000000,0,6,123,456,0.017364757000000001,6391.7927448365208
runtime,normal,openmp,fp64,4,50000000,0,7,123,456,0.015925572999999998,6391.7926565346443
runtime,normal,openmp,mixed_fp32_fp64,4,50000000,0,7,123,456,0.018146335,6391.7927448365208
runtime,normal,openmp,fp64,8,50000000,0,0,123,456,0.027637862999999999,6391.7926565356056
runtime,normal,openmp,mixed_fp32_fp64,8,50000000,0,0,123,456,0.015943136,6391.7927448365263
runtime,normal,openmp,fp64,8,50000000,0,1,123,456,0.018443826,6391.7926565356056
runtime,normal,openmp,mixed_fp32_fp64,8,50000000,0,1,123,456,0.012785579,6391.7927448365263
runtime,normal,openmp,fp64,8,50000000,0,2,123,456,0.015328135,6391.7926565356047
runtime,normal,openmp,mixed_fp32_fp64,8,50000000,0,2,123,456,0.021262018000000001,6391.7927448365244
runtime,normal,openmp,fp64,8,50000000,0,3,123,456,0.01288542,6391.7926565356056
runtime,normal,openmp,mixed_fp32_fp64,8,50000000,0,3,123,456,0.013786839,6391.7927448365263
runtime,normal,openmp,fp64,8,50000000,0,4,123,456,0.011558139,6391.7926565356029
runtime,normal,openmp,mixed_fp32_fp64,8,50000000,0,4,123,456,0.012104790000000001,6391.7927448365263
runtime,normal,openmp,fp64,8,50000000,0,5,123,456,0.012659808,6391.7926565356047
runtime,normal,openmp,mixed_fp32_fp64,8,50000000,0,5,123,456,0.012779931,6391.7927448365244
runtime,normal,openmp,fp64,8,50000000,0,6,123,456,0.011172728999999999,6391.7926565356047
runtime,normal,openmp,mixed_fp32_fp64,8,50000000,0,6,123,456,0.014490266,6391.7927448365281
runtime,normal,openmp,fp64,8,50000000,0,7,123,456,0.012040399,6391.7926565356047
runtime,normal,openmp,mixed_fp32_fp64,8,50000000,0,7,123,456,0.011496964,6391.7927448365263
runtime,normal,openmp,fp64,16,50000000,0,0,123,456,0.020375805,6391.7926565362732
runtime,normal,openmp,mixed_fp32_fp64,16,50000000,0,0,123,456,0.028940869000000001,6391.7927448365181
runtime,normal,openmp,fp64,16,50000000,0,1,123,456,0.029394011000000001,6391.7926565362732
runtime,normal,openmp,mixed_fp32_fp64,16,50000000,0,1,123,456,0.026967185000000001,6391.7927448365181
runtime,normal,openmp,fp64,16,50000000,0,2,123,456,0.028647097,6391.7926565362723
runtime,normal,openmp,mixed_fp32_fp64,16,50000000,0,2,123,456,0.026598717000000001,6391.7927448365181
runtime,normal,openmp,fp64,16,50000000,0,3,123,456,0.019235988999999998,6391.7926565362723
runtime,normal,openmp,mixed_fp32_fp64,16,50000000,0,3,123,456,0.019795687999999999,6391.7927448365172
runtime,normal,openmp,fp64,16,50000000,0,4,123,456,0.018879716000000001,6391.7926565362723
runtime,normal,openmp,mixed_fp32_fp64,16,50000000,0,4,123,456,0.021430953999999999,6391.7927448365181
runtime,normal,openmp,fp64,16,50000000,0,5,123,456,0.018921080999999999,6391.7926565362723
runtime,normal,openmp,mixed_fp32_fp64,16,50000000,0,5,123,456,0.015331872999999999,6391.7927448365181
runtime,normal,openmp,fp64,16,50000000,0,6,123,456,0.022833740000000002,6391.7926565362723
runtime,normal,openmp,mixed_fp32_fp64,16,50000000,0,6,123,456,0.014731759000000001,6391.7927448365181
runtime,normal,openmp,fp64,16,50000000,0,7,123,456,0.022570508,6391.7926565362723
runtime,normal,openmp,mixed_fp32_fp64,16,50000000,0,7,123,456,0.013967789,6391.7927448365181
runtime,normal,openmp,fp64,22,50000000,0,0,123,456,0.029535377000000002,6391.7926565363696
runtime,normal,openmp,mixed_fp32_fp64,22,50000000,0,0,123,456,0.046692667,6391.7927448365244
runtime,normal,openmp,fp64,22,50000000,0,1,123,456,0.028762442999999999,6391.7926565363696
runtime,normal,openmp,mixed_fp32_fp64,22,50000000,0,1,123,456,0.044078068999999998,6391.7927448365217
runtime,normal,openmp,fp64,22,50000000,0,2,123,456,0.024763791,6391.7926565363687
runtime,normal,openmp,mixed_fp32_fp64,22,50000000,0,2,123,456,0.026953682999999999,6391.7927448365226
runtime,normal,openmp,fp64,22,50000000,0,3,123,456,0.029961113000000001,6391.7926565363696
runtime,normal,openmp,mixed_fp32_fp64,22,50000000,0,3,123,456,0.027205494,6391.7927448365226
runtime,normal,openmp,fp64,22,50000000,0,4,123,456,0.025564155000000002,6391.7926565363732
runtime,normal,openmp,mixed_fp32_fp64,22,50000000,0,4,123,456,0.019617379000000001,6391.7927448365244
runtime,normal,openmp,fp64,22,50000000,0,5,123,456,0.020508618999999999,6391.7926565363696
runtime,normal,openmp,mixed_fp32_fp64,22,50000000,0,5,123,456,0.030087062000000001,6391.7927448365226
runtime,normal,openmp,fp64,22,50000000,0,6,123,456,0.025380598000000001,6391.7926565363687
runtime,normal,openmp,mixed_fp32_fp64,22,50000000,0,6,123,456,0.022828128999999999,6391.7927448365226
runtime,normal,openmp,fp64,22,50000000,0,7,123,456,0.017609013,6391.7926565363714
runtime,normal,openmp,mixed_fp32_fp64,22,50000000,0,7,123,456,0.022569731999999999,6391.7927448365217
runtime,positive_uniform,serial,fp64,,1000000,0,0,123,456,0.00090364099999999995,250616.76842434966
runtime,positive_uniform,serial,mixed_fp32_fp64,,1000000,0,0,123,456,0.0011672659999999999,250616.76843575737
runtime,positive_uniform,serial,fp64,,1000000,0,1,123,456,0.00084460600000000002,250616.76842434966
runtime,positive_uniform,serial,mixed_fp32_fp64,,1000000,0,1,123,456,0.001065171,250616.76843575737
runtime,positive_uniform,serial,fp64,,1000000,0,2,123,456,0.000804625,250616.76842434966
runtime,positive_uniform,serial,mixed_fp32_fp64,,1000000,0,2,123,456,0.0010257669999999999,250616.76843575737
runtime,positive_uniform,serial,fp64,,1000000,0,3,123,456,0.00077121600000000002,250616.76842434966
runtime,positive_uniform,serial,mixed_fp32_fp64,,1000000,0,3,123,456,0.001018003,250616.76843575737
runtime,positive_uniform,serial,fp64,,1000000,0,4,123,456,0.00076341600000000005,250616.76842434966
runtime,positive_uniform,serial,mixed_fp32_fp64,,1000000,0,4,123,456,0.0014395110000000001,250616.76843575737
runtime,positive_uniform,serial,fp64,,1000000,0,5,123,456,0.001007219,250616.76842434966
runtime,positive_uniform,serial,mixed_fp32_fp64,,1000000,0,5,123,456,0.0014506429999999999,250616.76843575737
runtime,positive_uniform,serial,fp64,,1000000,0,6,123,456,0.00095193199999999995,250616.76842434966
runtime,positive_uniform,serial,mixed_fp32_fp64,,1000000,0,6,123,456,0.0012146360000000001,250616.76843575737
runtime,positive_uniform,serial,fp64,,1000000,0,7,123,456,0.00086535300000000002,250616.76842434966
runtime,positive_uniform,serial,mixed_fp32_fp64,,1000000,0,7,123,456,0.0012120010000000001,250616.76843575737
runtime,positive_uniform,openmp,fp64,1,1000000,0,0,123,456,0.000850864,250616.76842434966
runtime,positive_uniform,openmp,mixed_fp32_fp64,1,1000000,0,0,123,456,0.001028838,250616.76843575737
runtime,positive_uniform,openmp,fp64,1,1000000,0,1,123,456,0.00075456099999999995,250616.76842434966
runtime,positive_uniform,openmp,mixed_fp32_fp64,1,1000000,0,1,123,456,0.001001528,250616.76843575737
runtime,positive_uniform,openmp,fp64,1,1000000,0,2,123,456,0.000692901,250616.76842434966
runtime,positive_uniform,openmp,mixed_fp32_fp64,1,1000000,0,2,123,456,0.00096445799999999996,250616.76843575737
runtime,positive_uniform,openmp,fp64,1,1000000,0,3,123,456,0.00069088600000000004,250616.76842434966
runtime,positive_uniform,openmp,mixed_fp32_fp64,1,1000000,0,3,123,456,0.00094674699999999995,250616.76843575737
runtime,positive_uniform,openmp,fp64,1,1000000,0,4,123,456,0.00069311299999999998,250616.76842434966
runtime,positive_uniform,openmp,mixed_fp32_fp64,1,1000000,0,4,123,456,0.00093251300000000005,250616.76843575737
runtime,positive_uniform,openmp,fp64,1,1000000,0,5,123,456,0.00069280600000000002,250616.76842434966
runtime,positive_uniform,openmp,mixed_fp32_fp64,1,1000000,0,5,123,456,0.000934727,250616.76843575737
runtime,positive_uniform,openmp,fp64,1,1000000,0,6,123,456,0.00069018599999999997,250616.76842434966
runtime,positive_uniform,openmp,mixed_fp32_fp64,1,1000000,0,6,123,456,0.000930265,250616.76843575737
runtime,positive_uniform,openmp,fp64,1,1000000,0,7,123,456,0.00070463299999999997,250616.76842434966
runtime,positive_uniform,openmp,mixed_fp32_fp64,1,1000000,0,7,123,456,0.00096596699999999998,250616.76843575737
runtime,positive_uniform,openmp,fp64,2,1000000,0,0,123,456,0.00073316400000000002,250616.76842434233
runtime,positive_uniform,openmp,mixed_fp32_fp64,2,1000000,0,0,123,456,0.00081461200000000004,250616.76843575726
runtime,positive_uniform,openmp,fp64,2,1000000,0,1,123,456,0.00057441700000000003,250616.76842434233
runtime,positive_uniform,openmp,mixed_fp32_fp64,2,1000000,0,1,123,456,0.00059741299999999998,250616.76843575726
runtime,positive_uniform,openmp,fp64,2,1000000,0,2,123,456,0.00043476000000000002,250616.76842434233
runtime,positive_uniform,openmp,mixed_fp32_fp64,2,1000000,0,2,123,456,0.00062387900000000004,250616.76843575726
runtime,positive_uniform,openmp,fp64,2,1000000,0,3,123,456,0.00040294199999999999,250616.76842434233
runtime,positive_uniform,openmp,mixed_fp32_fp64,2,1000000,0,3,123,456,0.00063522999999999997,250616.76843575726
runtime,positive_uniform,openmp,fp64,2,1000000,0,4,123,456,0.00039398599999999998,250616.76842434233
runtime,positive_uniform,openmp,mixed_fp32_fp64,2,1000000,0,4,123,456,0.00055036699999999996,250616.76843575726
runtime,positive_uniform,openmp,fp64,2,1000000,0,5,123,456,0.00036341800000000001,250616.76842434233
runtime,positive_uniform,openmp,mixed_fp32_fp64,2,1000000,0,5,123,456,0.00047894099999999998,250616.76843575726
runtime,positive_uniform,openmp,fp64,2,1000000,0,6,123,456,0.00033982700000000001,250616.76842434233
runtime,positive_uniform,openmp,mixed_fp32_fp64,2,1000000,0,6,123,456,0.00044935199999999998,250616.76843575726
runtime,positive_uniform,openmp,fp64,2,1000000,0,7,123,456,0.00034187600000000002,250616.76842434233
runtime,positive_uniform,openmp,mixed_fp32_fp64,2,1000000,0,7,123,456,0.00043476700000000002,250616.76843575726
runtime,positive_uniform,openmp,fp64,4,1000000,0,0,123,456,0.00059919900000000002,250616.76842434198
runtime,positive_uniform,openmp,mixed_fp32_fp64,4,1000000,0,0,123,456,0.00035571700000000002,250616.76843575723
runtime,positive_uniform,openmp,fp64,4,1000000,0,1,123,456,0.000289136,250616.76842434201
runtime,positive_uniform,openmp,mixed_fp32_fp64,4,1000000,0,1,123,456,0.00042765400000000002,250616.76843575723
runtime,positive_uniform,openmp,fp64,4,1000000,0,2,123,456,0.00029120699999999998,250616.76842434198
runtime,positive_uniform,openmp,mixed_fp32_fp64,4,1000000,0,2,123,456,0.00043037499999999998,250616.76843575723
runtime,positive_uniform,openmp,fp64,4,1000000,0,3,123,456,0.00031437899999999999,250616.76842434198
runtime,positive_uniform,openmp,mixed_fp32_fp64,4,1000000,0,3,123,456,0.000442943,250616.76843575723
runtime,positive_uniform,openmp,fp64,4,1000000,0,4,123,456,0.00029112799999999998,250616.76842434198
runtime,positive_uniform,openmp,mixed_fp32_fp64,4,1000000,0,4,123,456,0.00035231500000000002,250616.76843575723
runtime,positive_uniform,openmp,fp64,4,1000000,0,5,123,456,0.00028366200000000001,250616.76842434198
runtime,positive_uniform,openmp,mixed_fp32_fp64,4,1000000,0,5,123,456,0.00042091900000000001,250616.76843575723
runtime,positive_uniform,openmp,fp64,4,1000000,0,6,123,456,0.00031073500000000003,250616.76842434201
runtime,positive_uniform,openmp,mixed_fp32_fp64,4,1000000,0,6,123,456,0.00036931600000000001,250616.76843575723
runtime,positive_uniform,openmp,fp64,4,1000000,0,7,123,456,0.00028589799999999998,250616.76842434201
runtime,positive_uniform,openmp,mixed_fp32_fp64,4,1000000,0,7,123,456,0.00038957199999999998,250616.76843575723
runtime,positive_uniform,openmp,fp64,8,1000000,0,0,123,456,0.001052309,250616.76842434201
runtime,positive_uniform,openmp,mixed_fp32_fp64,8,1000000,0,0,123,456,0.00025420999999999999,250616.7684357572
runtime,positive_uniform,openmp,fp64,8,1000000,0,1,123,456,0.00024169400000000001,250616.76842434198
runtime,positive_uniform,openmp,mixed_fp32_fp64,8,1000000,0,1,123,456,0.00024444899999999999,250616.7684357572
runtime,positive_uniform,openmp,fp64,8,1000000,0,2,123,456,0.000287156,250616.76842434201
runtime,positive_uniform,openmp,mixed_fp32_fp64,8,1000000,0,2,123,456,0.00029312099999999997,250616.76843575717
runtime,positive_uniform,openmp,fp64,8,1000000,0,3,123,456,0.00037840900000000002,250616.76842434201
runtime,positive_uniform,openmp,mixed_fp32_fp64,8,1000000,0,3,123,456,0.00054634499999999995,250616.7684357572
runtime,positive_uniform,openmp,fp64,8,1000000,0,4,123,456,0.00025838800000000002,250616.76842434198
runtime,positive_uniform,openmp,mixed_fp32_fp64,8,1000000,0,4,123,456,0.00053534000000000003,250616.7684357572
runtime,positive_uniform,openmp,fp64,8,1000000,0,5,123,456,0.00026368799999999999,250616.76842434198
runtime,positive_uniform,openmp,mixed_fp32_fp64,8,1000000,0,5,123,456,0.00050097499999999997,250616.76843575723
runtime,positive_uniform,openmp,fp64,8,1000000,0,6,123,456,0.00058019899999999999,250616.76842434198
runtime,positive_uniform,openmp,mixed_fp32_fp64,8,1000000,0,6,123,456,0.00030213400000000002,250616.7684357572
runtime,positive_uniform,openmp,fp64,8,1000000,0,7,123,456,0.00029641599999999998,250616.76842434198
runtime,positive_uniform,openmp,mixed_fp32_fp64,8,1000000,0,7,123,456,0.00028999700000000001,250616.76843575723
runtime,positive_uniform,openmp,fp64,16,1000000,0,0,123,456,0.019139498000000001,250616.76842434271
runtime,positive_uniform,openmp,mixed_fp32_fp64,16,1000000,0,0,123,456,0.026863089999999999,250616.7684357572
runtime,positive_uniform,openmp,fp64,16,1000000,0,1,123,456,0.021003763000000002,250616.76842434274
runtime,positive_uniform,openmp,mixed_fp32_fp64,16,1000000,0,1,123,456,0.020199775999999999,250616.76843575723
runtime,positive_uniform,openmp,fp64,16,1000000,0,2,123,456,0.018135741,250616.76842434274
runtime,positive_uniform,openmp,mixed_fp32_fp64,16,1000000,0,2,123,456,0.018801254999999999,250616.76843575717
runtime,positive_uniform,openmp,fp64,16,1000000,0,3,123,456,0.022691337999999998,250616.76842434274
runtime,positive_uniform,openmp,mixed_fp32_fp64,16,1000000,0,3,123,456,0.014566523,250616.76843575717
runtime,positive_uniform,openmp,fp64,16,1000000,0,4,123,456,0.018362297,250616.76842434274
runtime,positive_uniform,openmp,mixed_fp32_fp64,16,1000000,0,4,123,456,0.015800096,250616.7684357572
runtime,positive_uniform,openmp,fp64,16,1000000,0,5,123,456,0.012825968,250616.76842434274
runtime,positive_uniform,openmp,mixed_fp32_fp64,16,1000000,0,5,123,456,0.018748838,250616.76843575717
runtime,positive_uniform,openmp,fp64,16,1000000,0,6,123,456,0.017411495999999999,250616.76842434276
runtime,positive_uniform,openmp,mixed_fp32_fp64,16,1000000,0,6,123,456,0.01696309,250616.7684357572
runtime,positive_uniform,openmp,fp64,16,1000000,0,7,123,456,0.012546168999999999,250616.76842434276
runtime,positive_uniform,openmp,mixed_fp32_fp64,16,1000000,0,7,123,456,0.016644223999999999,250616.76843575714
runtime,positive_uniform,openmp,fp64,22,1000000,0,0,123,456,0.025479211000000002,250616.76842434279
runtime,positive_uniform,openmp,mixed_fp32_fp64,22,1000000,0,0,123,456,0.032799275000000003,250616.76843575714
runtime,positive_uniform,openmp,fp64,22,1000000,0,1,123,456,0.024011246999999999,250616.76842434279
runtime,positive_uniform,openmp,mixed_fp32_fp64,22,1000000,0,1,123,456,0.021107817000000001,250616.7684357572
runtime,positive_uniform,openmp,fp64,22,1000000,0,2,123,456,0.021045384,250616.76842434276
runtime,positive_uniform,openmp,mixed_fp32_fp64,22,1000000,0,2,123,456,0.014041593999999999,250616.7684357572
runtime,positive_uniform,openmp,fp64,22,1000000,0,3,123,456,0.021481268000000001,250616.76842434279
runtime,positive_uniform,openmp,mixed_fp32_fp64,22,1000000,0,3,123,456,0.026130783000000001,250616.76843575714
runtime,positive_uniform,openmp,fp64,22,1000000,0,4,123,456,0.020922394,250616.76842434279
runtime,positive_uniform,openmp,mixed_fp32_fp64,22,1000000,0,4,123,456,0.029521754000000001,250616.7684357572
runtime,positive_uniform,openmp,fp64,22,1000000,0,5,123,456,0.023571934999999999,250616.76842434274
runtime,positive_uniform,openmp,mixed_fp32_fp64,22,1000000,0,5,123,456,0.031731171000000002,250616.76843575714
runtime,positive_uniform,openmp,fp64,22,1000000,0,6,123,456,0.0079904969999999992,250616.76842434279
runtime,positive_uniform,openmp,mixed_fp32_fp64,22,1000000,0,6,123,456,0.0086550419999999999,250616.76843575717
runtime,positive_uniform,openmp,fp64,22,1000000,0,7,123,456,0.013453308000000001,250616.76842434274
runtime,positive_uniform,openmp,mixed_fp32_fp64,22,1000000,0,7,123,456,0.020589309,250616.7684357572
runtime,positive_uniform,serial,fp64,,1919384,0,0,123,456,0.0015583319999999999,480019.1677214767
runtime,positive_uniform,serial,mixed_fp32_fp64,,1919384,0,0,123,456,0.0019663319999999999,480019.16771436069
runtime,positive_uniform,serial,fp64,,1919384,0,1,123,456,0.001518597,480019.1677214767
runtime,positive_uniform,serial,mixed_fp32_fp64,,1919384,0,1,123,456,0.0019629090000000001,480019.16771436069
runtime,positive_uniform,serial,fp64,,1919384,0,2,123,456,0.0014808569999999999,480019.1677214767
runtime,positive_uniform,serial,mixed_fp32_fp64,,1919384,0,2,123,456,0.001912246,480019.16771436069
runtime,positive_uniform,serial,fp64,,1919384,0,3,123,456,0.0015043980000000001,480019.1677214767
runtime,positive_uniform,serial,mixed_fp32_fp64,,1919384,0,3,123,456,0.002064962,480019.16771436069
runtime,positive_uniform,serial,fp64,,1919384,0,4,123,456,0.001552019,480019.1677214767
runtime,positive_uniform,serial,mixed_fp32_fp64,,1919384,0,4,123,456,0.0020226300000000001,480019.16771436069
runtime,positive_uniform,serial,fp64,,1919384,0,5,123,456,0.001538527,480019.1677214767
runtime,positive_uniform,serial,mixed_fp32_fp64,,1919384,0,5,123,456,0.0020377110000000002,480019.16771436069
runtime,positive_uniform,serial,fp64,,1919384,0,6,123,456,0.0015098150000000001,480019.1677214767
runtime,positive_uniform,serial,mixed_fp32_fp64,,1919384,0,6,123,456,0.0020072470000000002,480019.16771436069
runtime,positive_uniform,serial,fp64,,1919384,0,7,123,456,0.001496891,480019.1677214767
runtime,positive_uniform,serial,mixed_fp32_fp64,,1919384,0,7,123,456,0.001980313,480019.16771436069
runtime,positive_uniform,openmp,fp64,1,1919384,0,0,123,456,0.001479791,480019.1677214767
runtime,positive_uniform,openmp,mixed_fp32_fp64,1,1919384,0,0,123,456,0.0019659,480019.16771436069
runtime,positive_uniform,openmp,fp64,1,1919384,0,1,123,456,0.001512097,480019.1677214767
runtime,positive_uniform,openmp,mixed_fp32_fp64,1,1919384,0,1,123,456,0.0020900630000000001,480019.16771436069
runtime,positive_uniform,openmp,fp64,1,1919384,0,2,123,456,0.001581631,480019.1677214767
runtime,positive_uniform,openmp,mixed_fp32_fp64,1,1919384,0,2,123,456,0.0020280049999999998,480019.16771436069
runtime,positive_uniform,openmp,fp64,1,1919384,0,3,123,456,0.0015663809999999999,480019.1677214767
runtime,positive_uniform,openmp,mixed_fp32_fp64,1,1919384,0,3,123,456,0.002036801,480019.16771436069
runtime,positive_uniform,openmp,fp64,1,1919384,0,4,123,456,0.00152542,480019.1677214767
runtime,positive_uniform,openmp,mixed_fp32_fp64,1,1919384,0,4,123,456,0.0020238259999999998,480019.16771436069
runtime,positive_uniform,openmp,fp64,1,1919384,0,5,123,456,0.00150128,480019.1677214767
runtime,positive_uniform,openmp,mixed_fp32_fp64,1,1919384,0,5,123,456,0.0019600749999999999,480019.16771436069
runtime,positive_uniform,openmp,fp64,1,1919384,0,6,123,456,0.0017338640000000001,480019.1677214767
runtime,positive_uniform,openmp,mixed_fp32_fp64,1,1919384,0,6,123,456,0.0021766070000000001,480019.16771436069
runtime,positive_uniform,openmp,fp64,1,1919384,0,7,123,456,0.0016191479999999999,480019.1677214767
runtime,positive_uniform,openmp,mixed_fp32_fp64,1,1919384,0,7,123,456,0.0022002499999999999,480019.16771436069
runtime,positive_uniform,openmp,fp64,2,1919384,0,0,123,456,0.001568016,480019.16772145627
runtime,positive_uniform,openmp,mixed_fp32_fp64,2,1919384,0,0,123,456,0.001515104,480019.16771435889
runtime,positive_uniform,openmp,fp64,2,1919384,0,1,123,456,0.0011456890000000001,480019.16772145627
runtime,positive_uniform,openmp,mixed_fp32_fp64,2,1919384,0,1,123,456,0.0015103370000000001,480019.16771435889
runtime,positive_uniform,openmp,fp64,2,1919384,0,2,123,456,0.001091592,480019.16772145627
runtime,positive_uniform,openmp,mixed_fp32_fp64,2,1919384,0,2,123,456,0.0014909789999999999,480019.16771435889
runtime,positive_uniform,openmp,fp64,2,1919384,0,3,123,456,0.001681178,480019.16772145627
runtime,positive_uniform,openmp,mixed_fp32_fp64,2,1919384,0,3,123,456,0.0027018419999999999,480019.16771435889
runtime,positive_uniform,openmp,fp64,2,1919384,0,4,123,456,0.001380533,480019.16772145627
runtime,positive_uniform,openmp,mixed_fp32_fp64,2,1919384,0,4,123,456,0.0016750319999999999,480019.16771435889
runtime,positive_uniform,openmp,fp64,2,1919384,0,5,123,456,0.001143093,480019.16772145627
runtime,positive_uniform,openmp,mixed_fp32_fp64,2,1919384,0,5,123,456,0.0017118960000000001,480019.16771435889
runtime,positive_uniform,openmp,fp64,2,1919384,0,6,123,456,0.001000038,480019.16772145627
runtime,positive_uniform,openmp,mixed_fp32_fp64,2,1919384,0,6,123,456,0.001262925,480019.16771435889
runtime,positive_uniform,openmp,fp64,2,1919384,0,7,123,456,0.0011517529999999999,480019.16772145627
runtime,positive_uniform,openmp,mixed_fp32_fp64,2,1919384,0,7,123,456,0.0014267069999999999,480019.16771435889
runtime,positive_uniform,openmp,fp64,4,1919384,0,0,123,456,0.00094165700000000004,480019.1677214487
runtime,positive_uniform,openmp,mixed_fp32_fp64,4,1919384,0,0,123,456,0.0015978730000000001,480019.16771435924
runtime,positive_uniform,openmp,fp64,4,1919384,0,1,123,456,0.00068892300000000003,480019.16772144876
runtime,positive_uniform,openmp,mixed_fp32_fp64,4,1919384,0,1,123,456,0.0011279599999999999,480019.16771435924
runtime,positive_uniform,openmp,fp64,4,1919384,0,2,123,456,0.00068537999999999997,480019.16772144876
runtime,positive_uniform,openmp,mixed_fp32_fp64,4,1919384,0,2,123,456,0.00096128299999999995,480019.16771435924
runtime,positive_uniform,openmp,fp64,4,1919384,0,3,123,456,0.00058144100000000003,480019.1677214487
runtime,positive_uniform,openmp,mixed_fp32_fp64,4,1919384,0,3,123,456,0.00079544200000000005,480019.16771435924
runtime,positive_uniform,openmp,fp64,4,1919384,0,4,123,456,0.00091086499999999996,480019.1677214487
runtime,positive_uniform,openmp,mixed_fp32_fp64,4,1919384,0,4,123,456,0.000826123,480019.16771435924
runtime,positive_uniform,openmp,fp64,4,1919384,0,5,123,456,0.00060601199999999996,480019.1677214487
runtime,positive_uniform,openmp,mixed_fp32_fp64,4,1919384,0,5,123,456,0.00077879299999999995,480019.16771435924
runtime,positive_uniform,openmp,fp64,4,1919384,0,6,123,456,0.00051382299999999995,480019.1677214487
runtime,positive_uniform,openmp,mixed_fp32_fp64,4,1919384,0,6,123,456,0.00070844699999999996,480019.16771435924
runtime,positive_uniform,openmp,fp64,4,1919384,0,7,123,456,0.00053467200000000003,480019.1677214487
runtime,positive_uniform,openmp,mixed_fp32_fp64,4,1919384,0,7,123,456,0.00095512099999999996,480019.16771435924
runtime,positive_uniform,openmp,fp64,8,1919384,0,0,123,456,0.025027396,480019.16772145161
runtime,positive_uniform,openmp,mixed_fp32_fp64,8,1919384,0,0,123,456,0.019846943999999998,480019.16771435924
runtime,positive_uniform,openmp,fp64,8,1919384,0,1,123,456,0.022371446,480019.16772145161
runtime,positive_uniform,openmp,mixed_fp32_fp64,8,1919384,0,1,123,456,0.015433726,480019.16771435918
runtime,positive_uniform,openmp,fp64,8,1919384,0,2,123,456,0.015460626999999999,480019.16772145161
runtime,positive_uniform,openmp,mixed_fp32_fp64,8,1919384,0,2,123,456,0.017047608999999998,480019.1677143593
runtime,positive_uniform,openmp,fp64,8,1919384,0,3,123,456,0.014808978,480019.16772145161
runtime,positive_uniform,openmp,mixed_fp32_fp64,8,1919384,0,3,123,456,0.016719832,480019.16771435924
runtime,positive_uniform,openmp,fp64,8,1919384,0,4,123,456,0.025514054000000001,480019.16772145161
runtime,positive_uniform,openmp,mixed_fp32_fp64,8,1919384,0,4,123,456,0.012925730999999999,480019.16771435924
runtime,positive_uniform,openmp,fp64,8,1919384,0,5,123,456,0.0049192089999999999,480019.16772145161
runtime,positive_uniform,openmp,mixed_fp32_fp64,8,1919384,0,5,123,456,0.0089092990000000007,480019.1677143593
runtime,positive_uniform,openmp,fp64,8,1919384,0,6,123,456,0.01096658,480019.16772145161
runtime,positive_uniform,openmp,mixed_fp32_fp64,8,1919384,0,6,123,456,0.0085383109999999998,480019.1677143593
runtime,positive_uniform,openmp,fp64,8,1919384,0,7,123,456,0.003327221,480019.16772145167
runtime,positive_uniform,openmp,mixed_fp32_fp64,8,1919384,0,7,123,456,0.0091943960000000005,480019.1677143593
runtime,positive_uniform,openmp,fp64,16,1919384,0,0,123,456,0.025983683,480019.16772145318
runtime,positive_uniform,openmp,mixed_fp32_fp64,16,1919384,0,0,123,456,0.022924801000000002,480019.16771435912
runtime,positive_uniform,openmp,fp64,16,1919384,0,1,123,456,0.022225386,480019.16772145312
runtime,positive_uniform,openmp,mixed_fp32_fp64,16,1919384,0,1,123,456,0.027213586000000001,480019.16771435918
runtime,positive_uniform,openmp,fp64,16,1919384,0,2,123,456,0.018648768,480019.16772145312
runtime,positive_uniform,openmp,mixed_fp32_fp64,16,1919384,0,2,123,456,0.021325645000000001,480019.16771435918
runtime,positive_uniform,openmp,fp64,16,1919384,0,3,123,456,0.020634466000000001,480019.16772145306
runtime,positive_uniform,openmp,mixed_fp32_fp64,16,1919384,0,3,123,456,0.029443811,480019.16771435924
runtime,positive_uniform,openmp,fp64,16,1919384,0,4,123,456,0.019253238999999998,480019.16772145312
runtime,positive_uniform,openmp,mixed_fp32_fp64,16,1919384,0,4,123,456,0.0097820349999999997,480019.16771435924
runtime,positive_uniform,openmp,fp64,16,1919384,0,5,123,456,0.021944544,480019.16772145318
runtime,positive_uniform,openmp,mixed_fp32_fp64,16,1919384,0,5,123,456,0.0081737879999999995,480019.16771435924
runtime,positive_uniform,openmp,fp64,16,1919384,0,6,123,456,0.015954158999999999,480019.16772145312
runtime,positive_uniform,openmp,mixed_fp32_fp64,16,1919384,0,6,123,456,0.016763891999999999,480019.16771435924
runtime,positive_uniform,openmp,fp64,16,1919384,0,7,123,456,0.014392757000000001,480019.16772145306
runtime,positive_uniform,openmp,mixed_fp32_fp64,16,1919384,0,7,123,456,0.019652577000000001,480019.16771435924
runtime,positive_uniform,openmp,fp64,22,1919384,0,0,123,456,0.023534737,480019.16772145423
runtime,positive_uniform,openmp,mixed_fp32_fp64,22,1919384,0,0,123,456,0.030944111999999999,480019.16771435918
runtime,positive_uniform,openmp,fp64,22,1919384,0,1,123,456,0.036685742,480019.16772145417
runtime,positive_uniform,openmp,mixed_fp32_fp64,22,1919384,0,1,123,456,0.030745026000000002,480019.16771435924
runtime,positive_uniform,openmp,fp64,22,1919384,0,2,123,456,0.026513947,480019.16772145417
runtime,positive_uniform,openmp,mixed_fp32_fp64,22,1919384,0,2,123,456,0.020059376,480019.16771435912
runtime,positive_uniform,openmp,fp64,22,1919384,0,3,123,456,0.017543356,480019.16772145417
runtime,positive_uniform,openmp,mixed_fp32_fp64,22,1919384,0,3,123,456,0.023851181999999999,480019.16771435924
runtime,positive_uniform,openmp,fp64,22,1919384,0,4,123,456,0.0089382980000000008,480019.16772145417
runtime,positive_uniform,openmp,mixed_fp32_fp64,22,1919384,0,4,123,456,0.029356835000000001,480019.16771435924
runtime,positive_uniform,openmp,fp64,22,1919384,0,5,123,456,0.028401577000000001,480019.16772145417
runtime,positive_uniform,openmp,mixed_fp32_fp64,22,1919384,0,5,123,456,0.0087981050000000005,480019.1677143593
runtime,positive_uniform,openmp,fp64,22,1919384,0,6,123,456,0.020147277000000002,480019.16772145411
runtime,positive_uniform,openmp,mixed_fp32_fp64,22,1919384,0,6,123,456,0.031955259,480019.16771435924
runtime,positive_uniform,openmp,fp64,22,1919384,0,7,123,456,0.012191663,480019.16772145423
runtime,positive_uniform,openmp,mixed_fp32_fp64,22,1919384,0,7,123,456,0.015675234999999999,480019.16771435924
runtime,positive_uniform,serial,fp64,,3684032,0,0,123,456,0.0032748690000000001,921103.66888249572
runtime,positive_uniform,serial,mixed_fp32_fp64,,3684032,0,0,123,456,0.003996136,921103.66887650802
runtime,positive_uniform,serial,fp64,,3684032,0,1,123,456,0.0032249599999999998,921103.66888249572
runtime,positive_uniform,serial,mixed_fp32_fp64,,3684032,0,1,123,456,0.0042125089999999997,921103.66887650802
runtime,positive_uniform,serial,fp64,,3684032,0,2,123,456,0.0030961629999999999,921103.66888249572
runtime,positive_uniform,serial,mixed_fp32_fp64,,3684032,0,2,123,456,0.0037623790000000002,921103.66887650802
runtime,positive_uniform,serial,fp64,,3684032,0,3,123,456,0.002913255,921103.66888249572
runtime,positive_uniform,serial,mixed_fp32_fp64,,3684032,0,3,123,456,0.0037521529999999998,921103.66887650802
runtime,positive_uniform,serial,fp64,,3684032,0,4,123,456,0.0029579070000000001,921103.66888249572
runtime,positive_uniform,serial,mixed_fp32_fp64,,3684032,0,4,123,456,0.003826645,921103.66887650802
runtime,positive_uniform,serial,fp64,,3684032,0,5,123,456,0.0029915190000000002,921103.66888249572
runtime,positive_uniform,serial,mixed_fp32_fp64,,3684032,0,5,123,456,0.0038733679999999999,921103.66887650802
runtime,positive_uniform,serial,fp64,,3684032,0,6,123,456,0.0030520650000000001,921103.66888249572
runtime,positive_uniform,serial,mixed_fp32_fp64,,3684032,0,6,123,456,0.003830628,921103.66887650802
runtime,positive_uniform,serial,fp64,,3684032,0,7,123,456,0.0029661980000000002,921103.66888249572
runtime,positive_uniform,serial,mixed_fp32_fp64,,3684032,0,7,123,456,0.0039016179999999999,921103.66887650802
runtime,positive_uniform,openmp,fp64,1,3684032,0,0,123,456,0.0031004639999999998,921103.66888249572
runtime,positive_uniform,openmp,mixed_fp32_fp64,1,3684032,0,0,123,456,0.0038860230000000002,921103.66887650802
runtime,positive_uniform,openmp,fp64,1,3684032,0,1,123,456,0.0029324120000000001,921103.66888249572
runtime,positive_uniform,openmp,mixed_fp32_fp64,1,3684032,0,1,123,456,0.0039073739999999999,921103.66887650802
runtime,positive_uniform,openmp,fp64,1,3684032,0,2,123,456,0.0029967739999999998,921103.66888249572
runtime,positive_uniform,openmp,mixed_fp32_fp64,1,3684032,0,2,123,456,0.0042067500000000004,921103.66887650802
runtime,positive_uniform,openmp,fp64,1,3684032,0,3,123,456,0.002989996,921103.66888249572
runtime,positive_uniform,openmp,mixed_fp32_fp64,1,3684032,0,3,123,456,0.0038641370000000001,921103.66887650802
runtime,positive_uniform,openmp,fp64,1,3684032,0,4,123,456,0.0035584330000000002,921103.66888249572
runtime,positive_uniform,openmp,mixed_fp32_fp64,1,3684032,0,4,123,456,0.0040724949999999998,921103.66887650802
runtime,positive_uniform,openmp,fp64,1,3684032,0,5,123,456,0.0035948830000000001,921103.66888249572
runtime,positive_uniform,openmp,mixed_fp32_fp64,1,3684032,0,5,123,456,0.0053296769999999997,921103.66887650802
runtime,positive_uniform,openmp,fp64,1,3684032,0,6,123,456,0.0030062909999999999,921103.66888249572
runtime,positive_uniform,openmp,mixed_fp32_fp64,1,3684032,0,6,123,456,0.0040250310000000001,921103.66887650802
runtime,positive_uniform,openmp,fp64,1,3684032,0,7,123,456,0.003226404,921103.66888249572
runtime,positive_uniform,openmp,mixed_fp32_fp64,1,3684032,0,7,123,456,0.0045694480000000003,921103.66887650802
runtime,positive_uniform,openmp,fp64,2,3684032,0,0,123,456,0.0032803950000000002,921103.66888246313
runtime,positive_uniform,openmp,mixed_fp32_fp64,2,3684032,0,0,123,456,0.0041312509999999998,921103.668876515
runtime,positive_uniform,openmp,fp64,2,3684032,0,1,123,456,0.0018462369999999999,921103.66888246313
runtime,positive_uniform,openmp,mixed_fp32_fp64,2,3684032,0,1,123,456,0.002400119,921103.668876515
runtime,positive_uniform,openmp,fp64,2,3684032,0,2,123,456,0.0036608639999999998,921103.66888246313
runtime,positive_uniform,openmp,mixed_fp32_fp64,2,3684032,0,2,123,456,0.0024901329999999998,921103.668876515
runtime,positive_uniform,openmp,fp64,2,3684032,0,3,123,456,0.0022442400000000002,921103.66888246313
runtime,positive_uniform,openmp,mixed_fp32_fp64,2,3684032,0,3,123,456,0.0024801749999999998,921103.668876515
runtime,positive_uniform,openmp,fp64,2,3684032,0,4,123,456,0.001761157,921103.66888246313
runtime,positive_uniform,openmp,mixed_fp32_fp64,2,3684032,0,4,123,456,0.0023287799999999999,921103.668876515
runtime,positive_uniform,openmp,fp64,2,3684032,0,5,123,456,0.0017298719999999999,921103.66888246313
runtime,positive_uniform,openmp,mixed_fp32_fp64,2,3684032,0,5,123,456,0.0022145229999999999,921103.668876515
runtime,positive_uniform,openmp,fp64,2,3684032,0,6,123,456,0.002037769,921103.66888246313
runtime,positive_uniform,openmp,mixed_fp32_fp64,2,3684032,0,6,123,456,0.0022566109999999999,921103.668876515
runtime,positive_uniform,openmp,fp64,2,3684032,0,7,123,456,0.0016704560000000001,921103.66888246313
runtime,positive_uniform,openmp,mixed_fp32_fp64,2,3684032,0,7,123,456,0.0021309609999999998,921103.668876515
runtime,positive_uniform,openmp,fp64,4,3684032,0,0,123,456,0.003862617,921103.66888244567
runtime,positive_uniform,openmp,mixed_fp32_fp64,4,3684032,0,0,123,456,0.0015107479999999999,921103.66887651198
runtime,positive_uniform,openmp,fp64,4,3684032,0,1,123,456,0.010297966,921103.66888244567
runtime,positive_uniform,openmp,mixed_fp32_fp64,4,3684032,0,1,123,456,0.0025417439999999999,921103.66887651198
runtime,positive_uniform,openmp,fp64,4,3684032,0,2,123,456,0.0070508879999999999,921103.66888244555
runtime,positive_uniform,openmp,mixed_fp32_fp64,4,3684032,0,2,123,456,0.023373610999999999,921103.66887651221
runtime,positive_uniform,openmp,fp64,4,3684032,0,3,123,456,0.011007916,921103.66888244555
runtime,positive_uniform,openmp,mixed_fp32_fp64,4,3684032,0,3,123,456,0.01884684,921103.66887651221
runtime,positive_uniform,openmp,fp64,4,3684032,0,4,123,456,0.020082486,921103.66888244567
runtime,positive_uniform,openmp,mixed_fp32_fp64,4,3684032,0,4,123,456,0.0084893899999999994,921103.66887651198
runtime,positive_uniform,openmp,fp64,4,3684032,0,5,123,456,0.015426627,921103.66888244555
runtime,positive_uniform,openmp,mixed_fp32_fp64,4,3684032,0,5,123,456,0.030149089,921103.66887651198
runtime,positive_uniform,openmp,fp64,4,3684032,0,6,123,456,0.002281211,921103.66888244567
runtime,positive_uniform,openmp,mixed_fp32_fp64,4,3684032,0,6,123,456,0.0015282710000000001,921103.66887651198
runtime,positive_uniform,openmp,fp64,4,3684032,0,7,123,456,0.010970901,921103.66888244555
runtime,positive_uniform,openmp,mixed_fp32_fp64,4,3684032,0,7,123,456,0.016652176000000001,921103.66887651198
runtime,positive_uniform,openmp,fp64,8,3684032,0,0,123,456,0.015775221999999998,921103.66888244555
runtime,positive_uniform,openmp,mixed_fp32_fp64,8,3684032,0,0,123,456,0.017064797999999999,921103.66887651302
runtime,positive_uniform,openmp,fp64,8,3684032,0,1,123,456,0.014463513000000001,921103.66888244543
runtime,positive_uniform,openmp,mixed_fp32_fp64,8,3684032,0,1,123,456,0.025403331000000001,921103.66887651291
runtime,positive_uniform,openmp,fp64,8,3684032,0,2,123,456,0.020473906,921103.66888244555
runtime,positive_uniform,openmp,mixed_fp32_fp64,8,3684032,0,2,123,456,0.017694514000000001,921103.66887651291
runtime,positive_uniform,openmp,fp64,8,3684032,0,3,123,456,0.016900142999999999,921103.66888244555
runtime,positive_uniform,openmp,mixed_fp32_fp64,8,3684032,0,3,123,456,0.013204791,921103.66887651302
runtime,positive_uniform,openmp,fp64,8,3684032,0,4,123,456,0.014625859999999999,921103.66888244555
runtime,positive_uniform,openmp,mixed_fp32_fp64,8,3684032,0,4,123,456,0.01678721,921103.66887651291
runtime,positive_uniform,openmp,fp64,8,3684032,0,5,123,456,0.0062627500000000001,921103.66888244555
runtime,positive_uniform,openmp,mixed_fp32_fp64,8,3684032,0,5,123,456,0.011186431,921103.66887651302
runtime,positive_uniform,openmp,fp64,8,3684032,0,6,123,456,0.013216116999999999,921103.66888244555
runtime,positive_uniform,openmp,mixed_fp32_fp64,8,3684032,0,6,123,456,0.018870212000000001,921103.66887651291
runtime,positive_uniform,openmp,fp64,8,3684032,0,7,123,456,0.0063019649999999997,921103.66888244543
runtime,positive_uniform,openmp,mixed_fp32_fp64,8,3684032,0,7,123,456,0.0056167889999999996,921103.66887651302
runtime,positive_uniform,openmp,fp64,16,3684032,0,0,123,456,0.029939418999999998,921103.66888245859
runtime,positive_uniform,openmp,mixed_fp32_fp64,16,3684032,0,0,123,456,0.022648461000000002,921103.66887651291
runtime,positive_uniform,openmp,fp64,16,3684032,0,1,123,456,0.024906632000000001,921103.66888245859
runtime,positive_uniform,openmp,mixed_fp32_fp64,16,3684032,0,1,123,456,0.021016902,921103.66887651291
runtime,positive_uniform,openmp,fp64,16,3684032,0,2,123,456,0.021693520000000001,921103.66888245847
runtime,positive_uniform,openmp,mixed_fp32_fp64,16,3684032,0,2,123,456,0.023021541999999999,921103.66887651302
runtime,positive_uniform,openmp,fp64,16,3684032,0,3,123,456,0.025732257000000001,921103.66888245859
runtime,positive_uniform,openmp,mixed_fp32_fp64,16,3684032,0,3,123,456,0.021544641999999999,921103.66887651314
runtime,positive_uniform,openmp,fp64,16,3684032,0,4,123,456,0.02036667,921103.66888245859
runtime,positive_uniform,openmp,mixed_fp32_fp64,16,3684032,0,4,123,456,0.016805186999999999,921103.66887651302
runtime,positive_uniform,openmp,fp64,16,3684032,0,5,123,456,0.022440473999999998,921103.66888245847
runtime,positive_uniform,openmp,mixed_fp32_fp64,16,3684032,0,5,123,456,0.017450723000000001,921103.66887651302
runtime,positive_uniform,openmp,fp64,16,3684032,0,6,123,456,0.013550586,921103.66888245882
runtime,positive_uniform,openmp,mixed_fp32_fp64,16,3684032,0,6,123,456,0.021473220000000001,921103.66887651279
runtime,positive_uniform,openmp,fp64,16,3684032,0,7,123,456,0.016474539999999999,921103.66888245859
runtime,positive_uniform,openmp,mixed_fp32_fp64,16,3684032,0,7,123,456,0.017533699,921103.66887651302
runtime,positive_uniform,openmp,fp64,22,3684032,0,0,123,456,0.029455761,921103.66888245917
runtime,positive_uniform,openmp,mixed_fp32_fp64,22,3684032,0,0,123,456,0.027084335000000001,921103.66887651302
runtime,positive_uniform,openmp,fp64,22,3684032,0,1,123,456,0.027590193999999998,921103.66888245917
runtime,positive_uniform,openmp,mixed_fp32_fp64,22,3684032,0,1,123,456,0.022031174000000001,921103.66887651279
runtime,positive_uniform,openmp,fp64,22,3684032,0,2,123,456,0.034770350999999998,921103.66888245929
runtime,positive_uniform,openmp,mixed_fp32_fp64,22,3684032,0,2,123,456,0.024092347,921103.66887651279
runtime,positive_uniform,openmp,fp64,22,3684032,0,3,123,456,0.021195682,921103.66888245917
runtime,positive_uniform,openmp,mixed_fp32_fp64,22,3684032,0,3,123,456,0.029362063000000001,921103.66887651279
runtime,positive_uniform,openmp,fp64,22,3684032,0,4,123,456,0.025150714000000001,921103.66888245929
runtime,positive_uniform,openmp,mixed_fp32_fp64,22,3684032,0,4,123,456,0.017617871,921103.66887651291
runtime,positive_uniform,openmp,fp64,22,3684032,0,5,123,456,0.030857167000000001,921103.66888245917
runtime,positive_uniform,openmp,mixed_fp32_fp64,22,3684032,0,5,123,456,0.021527707,921103.66887651291
runtime,positive_uniform,openmp,fp64,22,3684032,0,6,123,456,0.016176586999999999,921103.66888245905
runtime,positive_uniform,openmp,mixed_fp32_fp64,22,3684032,0,6,123,456,0.021654123000000001,921103.66887651279
runtime,positive_uniform,openmp,fp64,22,3684032,0,7,123,456,0.021042298000000001,921103.66888245917
runtime,positive_uniform,openmp,mixed_fp32_fp64,22,3684032,0,7,123,456,0.024600116000000002,921103.66887651279
runtime,positive_uniform,serial,fp64,,7071068,0,0,123,456,0.0064805349999999999,1767983.5352763035
runtime,positive_uniform,serial,mixed_fp32_fp64,,7071068,0,0,123,456,0.007187939,1767983.5353029012
runtime,positive_uniform,serial,fp64,,7071068,0,1,123,456,0.0066119890000000004,1767983.5352763035
runtime,positive_uniform,serial,mixed_fp32_fp64,,7071068,0,1,123,456,0.012086034000000001,1767983.5353029012
runtime,positive_uniform,serial,fp64,,7071068,0,2,123,456,0.0084195889999999999,1767983.5352763035
runtime,positive_uniform,serial,mixed_fp32_fp64,,7071068,0,2,123,456,0.0080262389999999992,1767983.5353029012
runtime,positive_uniform,serial,fp64,,7071068,0,3,123,456,0.0062889920000000002,1767983.5352763035
runtime,positive_uniform,serial,mixed_fp32_fp64,,7071068,0,3,123,456,0.007148438,1767983.5353029012
runtime,positive_uniform,serial,fp64,,7071068,0,4,123,456,0.0062611849999999998,1767983.5352763035
runtime,positive_uniform,serial,mixed_fp32_fp64,,7071068,0,4,123,456,0.0073654319999999999,1767983.5353029012
runtime,positive_uniform,serial,fp64,,7071068,0,5,123,456,0.0062737740000000002,1767983.5352763035
runtime,positive_uniform,serial,mixed_fp32_fp64,,7071068,0,5,123,456,0.0071465410000000002,1767983.5353029012
runtime,positive_uniform,serial,fp64,,7071068,0,6,123,456,0.0061877809999999998,1767983.5352763035
runtime,positive_uniform,serial,mixed_fp32_fp64,,7071068,0,6,123,456,0.0073198539999999998,1767983.5353029012
runtime,positive_uniform,serial,fp64,,7071068,0,7,123,456,0.0083515459999999996,1767983.5352763035
runtime,positive_uniform,serial,mixed_fp32_fp64,,7071068,0,7,123,456,0.010840035,1767983.5353029012
runtime,positive_uniform,openmp,fp64,1,7071068,0,0,123,456,0.0067202870000000001,1767983.5352763035
runtime,positive_uniform,openmp,mixed_fp32_fp64,1,7071068,0,0,123,456,0.0083878949999999994,1767983.5353029012
runtime,positive_uniform,openmp,fp64,1,7071068,0,1,123,456,0.0062920329999999998,1767983.5352763035
runtime,positive_uniform,openmp,mixed_fp32_fp64,1,7071068,0,1,123,456,0.00758612,1767983.5353029012
runtime,positive_uniform,openmp,fp64,1,7071068,0,2,123,456,0.0062680940000000001,1767983.5352763035
runtime,positive_uniform,openmp,mixed_fp32_fp64,1,7071068,0,2,123,456,0.0072663440000000001,1767983.5353029012
runtime,positive_uniform,openmp,fp64,1,7071068,0,3,123,456,0.0062826829999999998,1767983.5352763035
runtime,positive_uniform,openmp,mixed_fp32_fp64,1,7071068,0,3,123,456,0.007261394,1767983.5353029012
runtime,positive_uniform,openmp,fp64,1,7071068,0,4,123,456,0.0063826810000000003,1767983.5352763035
runtime,positive_uniform,openmp,mixed_fp32_fp64,1,7071068,0,4,123,456,0.0072926470000000002,1767983.5353029012
runtime,positive_uniform,openmp,fp64,1,7071068,0,5,123,456,0.0061742790000000004,1767983.5352763035
runtime,positive_uniform,openmp,mixed_fp32_fp64,1,7071068,0,5,123,456,0.007229498,1767983.5353029012
runtime,positive_uniform,openmp,fp64,1,7071068,0,6,123,456,0.0061778329999999998,1767983.5352763035
runtime,positive_uniform,openmp,mixed_fp32_fp64,1,7071068,0,6,123,456,0.0070067460000000003,1767983.5353029012
runtime,positive_uniform,openmp,fp64,1,7071068,0,7,123,456,0.006695477,1767983.5352763035
runtime,positive_uniform,openmp,mixed_fp32_fp64,1,7071068,0,7,123,456,0.0071493870000000001,1767983.5353029012
runtime,positive_uniform,openmp,fp64,2,7071068,0,0,123,456,0.0073139099999999999,1767983.5352762998
runtime,positive_uniform,openmp,mixed_fp32_fp64,2,7071068,0,0,123,456,0.0054092050000000003,1767983.5353028984
runtime,positive_uniform,openmp,fp64,2,7071068,0,1,123,456,0.0043796110000000003,1767983.5352762998
runtime,positive_uniform,openmp,mixed_fp32_fp64,2,7071068,0,1,123,456,0.0047308680000000001,1767983.5353028984
runtime,positive_uniform,openmp,fp64,2,7071068,0,2,123,456,0.0054544709999999998,1767983.5352762998
runtime,positive_uniform,openmp,mixed_fp32_fp64,2,7071068,0,2,123,456,0.0040289899999999997,1767983.5353028984
runtime,positive_uniform,openmp,fp64,2,7071068,0,3,123,456,0.0045384220000000003,1767983.5352762998
runtime,positive_uniform,openmp,mixed_fp32_fp64,2,7071068,0,3,123,456,0.0044242389999999999,1767983.5353028984
runtime,positive_uniform,openmp,fp64,2,7071068,0,4,123,456,0.0036505439999999999,1767983.5352762998
runtime,positive_uniform,openmp,mixed_fp32_fp64,2,7071068,0,4,123,456,0.0039876870000000002,1767983.5353028984
runtime,positive_uniform,openmp,fp64,2,7071068,0,5,123,456,0.0045416240000000002,1767983.5352762998
runtime,positive_uniform,openmp,mixed_fp32_fp64,2,7071068,0,5,123,456,0.0043732149999999997,1767983.5353028984
runtime,positive_uniform,openmp,fp64,2,7071068,0,6,123,456,0.0036731279999999999,1767983.5352762998
runtime,positive_uniform,openmp,mixed_fp32_fp64,2,7071068,0,6,123,456,0.0041435559999999996,1767983.5353028984
runtime,positive_uniform,openmp,fp64,2,7071068,0,7,123,456,0.0036462579999999999,1767983.5352762998
runtime,positive_uniform,openmp,mixed_fp32_fp64,2,7071068,0,7,123,456,0.0039548780000000002,1767983.5353028984
runtime,positive_uniform,openmp,fp64,4,7071068,0,0,123,456,0.0081789159999999996,1767983.5352762302
runtime,positive_uniform,openmp,mixed_fp32_fp64,4,7071068,0,0,123,456,0.0027840069999999998,1767983.5353029047
runtime,positive_uniform,openmp,fp64,4,7071068,0,1,123,456,0.0099561609999999998,1767983.5352762302
runtime,positive_uniform,openmp,mixed_fp32_fp64,4,7071068,0,1,123,456,0.003100102,1767983.5353029047
runtime,positive_uniform,openmp,fp64,4,7071068,0,2,123,456,0.0027422459999999998,1767983.5352762302
runtime,positive_uniform,openmp,mixed_fp32_fp64,4,7071068,0,2,123,456,0.002688363,1767983.5353029047
runtime,positive_uniform,openmp,fp64,4,7071068,0,3,123,456,0.0034549110000000002,1767983.5352762302
runtime,positive_uniform,openmp,mixed_fp32_fp64,4,7071068,0,3,123,456,0.0038047089999999999,1767983.5353029047
runtime,positive_uniform,openmp,fp64,4,7071068,0,4,123,456,0.002199828,1767983.5352762302
runtime,positive_uniform,openmp,mixed_fp32_fp64,4,7071068,0,4,123,456,0.0027819379999999999,1767983.5353029047
runtime,positive_uniform,openmp,fp64,4,7071068,0,5,123,456,0.0023017559999999999,1767983.5352762302
runtime,positive_uniform,openmp,mixed_fp32_fp64,4,7071068,0,5,123,456,0.0093031869999999992,1767983.5353029047
runtime,positive_uniform,openmp,fp64,4,7071068,0,6,123,456,0.0022614570000000001,1767983.5352762302
runtime,positive_uniform,openmp,mixed_fp32_fp64,4,7071068,0,6,123,456,0.0026106250000000001,1767983.5353029047
runtime,positive_uniform,openmp,fp64,4,7071068,0,7,123,456,0.0021878459999999998,1767983.5352762302
runtime,positive_uniform,openmp,mixed_fp32_fp64,4,7071068,0,7,123,456,0.0023457230000000001,1767983.5353029047
runtime,positive_uniform,openmp,fp64,8,7071068,0,0,123,456,0.020572818,1767983.5352762118
runtime,positive_uniform,openmp,mixed_fp32_fp64,8,7071068,0,0,123,456,0.018320098,1767983.5353029021
runtime,positive_uniform,openmp,fp64,8,7071068,0,1,123,456,0.020034206999999998,1767983.5352762116
runtime,positive_uniform,openmp,mixed_fp32_fp64,8,7071068,0,1,123,456,0.018100563,1767983.5353029021
runtime,positive_uniform,openmp,fp64,8,7071068,0,2,123,456,0.01632832,1767983.5352762118
runtime,positive_uniform,openmp,mixed_fp32_fp64,8,7071068,0,2,123,456,0.015528818999999999,1767983.5353029021
runtime,positive_uniform,openmp,fp64,8,7071068,0,3,123,456,0.012844266,1767983.535276212
runtime,positive_uniform,openmp,mixed_fp32_fp64,8,7071068,0,3,123,456,0.013477912,1767983.5353029021
runtime,positive_uniform,openmp,fp64,8,7071068,0,4,123,456,0.020838773000000001,1767983.5352762118
runtime,positive_uniform,openmp,mixed_fp32_fp64,8,7071068,0,4,123,456,0.0097560279999999999,1767983.5353029021
runtime,positive_uniform,openmp,fp64,8,7071068,0,5,123,456,0.010139251,1767983.5352762118
runtime,positive_uniform,openmp,mixed_fp32_fp64,8,7071068,0,5,123,456,0.015111352,1767983.5353029021
runtime,positive_uniform,openmp,fp64,8,7071068,0,6,123,456,0.010128442,1767983.5352762116
runtime,positive_uniform,openmp,mixed_fp32_fp64,8,7071068,0,6,123,456,0.0081601739999999992,1767983.5353029021
runtime,positive_uniform,openmp,fp64,8,7071068,0,7,123,456,0.0057858440000000001,1767983.5352762118
runtime,positive_uniform,openmp,mixed_fp32_fp64,8,7071068,0,7,123,456,0.0080529199999999999,1767983.5353029021
runtime,positive_uniform,openmp,fp64,16,7071068,0,0,123,456,0.025379308,1767983.5352762328
runtime,positive_uniform,openmp,mixed_fp32_fp64,16,7071068,0,0,123,456,0.019166051,1767983.5353029028
runtime,positive_uniform,openmp,fp64,16,7071068,0,1,123,456,0.020984828000000001,1767983.535276233
runtime,positive_uniform,openmp,mixed_fp32_fp64,16,7071068,0,1,123,456,0.027650546000000002,1767983.5353029026
runtime,positive_uniform,openmp,fp64,16,7071068,0,2,123,456,0.024143622,1767983.5352762328
runtime,positive_uniform,openmp,mixed_fp32_fp64,16,7071068,0,2,123,456,0.023407739,1767983.535302903
runtime,positive_uniform,openmp,fp64,16,7071068,0,3,123,456,0.021511082000000001,1767983.535276233
runtime,positive_uniform,openmp,mixed_fp32_fp64,16,7071068,0,3,123,456,0.018179304,1767983.5353029026
runtime,positive_uniform,openmp,fp64,16,7071068,0,4,123,456,0.018301254999999999,1767983.5352762325
runtime,positive_uniform,openmp,mixed_fp32_fp64,16,7071068,0,4,123,456,0.016715387000000002,1767983.5353029028
runtime,positive_uniform,openmp,fp64,16,7071068,0,5,123,456,0.046696434000000002,1767983.535276233
runtime,positive_uniform,openmp,mixed_fp32_fp64,16,7071068,0,5,123,456,0.011644902,1767983.5353029028
runtime,positive_uniform,openmp,fp64,16,7071068,0,6,123,456,0.011102321,1767983.5352762328
runtime,positive_uniform,openmp,mixed_fp32_fp64,16,7071068,0,6,123,456,0.014481991,1767983.535302903
runtime,positive_uniform,openmp,fp64,16,7071068,0,7,123,456,0.018554408000000001,1767983.535276233
runtime,positive_uniform,openmp,mixed_fp32_fp64,16,7071068,0,7,123,456,0.0063067169999999999,1767983.5353029028
runtime,positive_uniform,openmp,fp64,22,7071068,0,0,123,456,0.027126925999999999,1767983.5352762395
runtime,positive_uniform,openmp,mixed_fp32_fp64,22,7071068,0,0,123,456,0.028817743,1767983.5353029023
runtime,positive_uniform,openmp,fp64,22,7071068,0,1,123,456,0.027107718999999999,1767983.5352762395
runtime,positive_uniform,openmp,mixed_fp32_fp64,22,7071068,0,1,123,456,0.032710986999999997,1767983.5353029028
runtime,positive_uniform,openmp,fp64,22,7071068,0,2,123,456,0.036472180999999999,1767983.5352762395
runtime,positive_uniform,openmp,mixed_fp32_fp64,22,7071068,0,2,123,456,0.014741663,1767983.5353029028
runtime,positive_uniform,openmp,fp64,22,7071068,0,3,123,456,0.027623041000000001,1767983.5352762397
runtime,positive_uniform,openmp,mixed_fp32_fp64,22,7071068,0,3,123,456,0.019058895999999999,1767983.5353029028
runtime,positive_uniform,openmp,fp64,22,7071068,0,4,123,456,0.024748451000000001,1767983.5352762395
runtime,positive_uniform,openmp,mixed_fp32_fp64,22,7071068,0,4,123,456,0.025210964999999998,1767983.5353029028
runtime,positive_uniform,openmp,fp64,22,7071068,0,5,123,456,0.024527014,1767983.5352762397
runtime,positive_uniform,openmp,mixed_fp32_fp64,22,7071068,0,5,123,456,0.011310413,1767983.5353029026
runtime,positive_uniform,openmp,fp64,22,7071068,0,6,123,456,0.014556596999999999,1767983.5352762393
runtime,positive_uniform,openmp,mixed_fp32_fp64,22,7071068,0,6,123,456,0.027297588000000001,1767983.5353029026
runtime,positive_uniform,openmp,fp64,22,7071068,0,7,123,456,0.012370499,1767983.5352762393
runtime,positive_uniform,openmp,mixed_fp32_fp64,22,7071068,0,7,123,456,0.020263181000000002,1767983.5353029028
runtime,positive_uniform,serial,fp64,,13572088,0,0,123,456,0.013919384,3393024.735120133
runtime,positive_uniform,serial,mixed_fp32_fp64,,13572088,0,0,123,456,0.014015991,3393024.7351007946
runtime,positive_uniform,serial,fp64,,13572088,0,1,123,456,0.011851033,3393024.735120133
runtime,positive_uniform,serial,mixed_fp32_fp64,,13572088,0,1,123,456,0.013415596,3393024.7351007946
runtime,positive_uniform,serial,fp64,,13572088,0,2,123,456,0.011251225,3393024.735120133
runtime,positive_uniform,serial,mixed_fp32_fp64,,13572088,0,2,123,456,0.013053337999999999,3393024.7351007946
runtime,positive_uniform,serial,fp64,,13572088,0,3,123,456,0.011177965999999999,3393024.735120133
runtime,positive_uniform,serial,mixed_fp32_fp64,,13572088,0,3,123,456,0.013336061999999999,3393024.7351007946
runtime,positive_uniform,serial,fp64,,13572088,0,4,123,456,0.011599750000000001,3393024.735120133
runtime,positive_uniform,serial,mixed_fp32_fp64,,13572088,0,4,123,456,0.014147059999999999,3393024.7351007946
runtime,positive_uniform,serial,fp64,,13572088,0,5,123,456,0.011847506000000001,3393024.735120133
runtime,positive_uniform,serial,mixed_fp32_fp64,,13572088,0,5,123,456,0.012755023000000001,3393024.7351007946
runtime,positive_uniform,serial,fp64,,13572088,0,6,123,456,0.011325394000000001,3393024.735120133
runtime,positive_uniform,serial,mixed_fp32_fp64,,13572088,0,6,123,456,0.012837328,3393024.7351007946
runtime,positive_uniform,serial,fp64,,13572088,0,7,123,456,0.011743013,3393024.735120133
runtime,positive_uniform,serial,mixed_fp32_fp64,,13572088,0,7,123,456,0.012840443,3393024.7351007946
runtime,positive_uniform,openmp,fp64,1,13572088,0,0,123,456,0.011770319,3393024.735120133
runtime,positive_uniform,openmp,mixed_fp32_fp64,1,13572088,0,0,123,456,0.013108319,3393024.7351007946
runtime,positive_uniform,openmp,fp64,1,13572088,0,1,123,456,0.011384045000000001,3393024.735120133
runtime,positive_uniform,openmp,mixed_fp32_fp64,1,13572088,0,1,123,456,0.013786549,3393024.7351007946
runtime,positive_uniform,openmp,fp64,1,13572088,0,2,123,456,0.012507888999999999,3393024.735120133
runtime,positive_uniform,openmp,mixed_fp32_fp64,1,13572088,0,2,123,456,0.013941202,3393024.7351007946
runtime,positive_uniform,openmp,fp64,1,13572088,0,3,123,456,0.011421126,3393024.735120133
runtime,positive_uniform,openmp,mixed_fp32_fp64,1,13572088,0,3,123,456,0.012841108,3393024.7351007946
runtime,positive_uniform,openmp,fp64,1,13572088,0,4,123,456,0.011808188000000001,3393024.735120133
runtime,positive_uniform,openmp,mixed_fp32_fp64,1,13572088,0,4,123,456,0.012962843,3393024.7351007946
runtime,positive_uniform,openmp,fp64,1,13572088,0,5,123,456,0.011272590000000001,3393024.735120133
runtime,positive_uniform,openmp,mixed_fp32_fp64,1,13572088,0,5,123,456,0.015453052,3393024.7351007946
runtime,positive_uniform,openmp,fp64,1,13572088,0,6,123,456,0.011905814000000001,3393024.735120133
runtime,positive_uniform,openmp,mixed_fp32_fp64,1,13572088,0,6,123,456,0.014637384999999999,3393024.7351007946
runtime,positive_uniform,openmp,fp64,1,13572088,0,7,123,456,0.011577202,3393024.735120133
runtime,positive_uniform,openmp,mixed_fp32_fp64,1,13572088,0,7,123,456,0.013191479000000001,3393024.7351007946
runtime,positive_uniform,openmp,fp64,2,13572088,0,0,123,456,0.0095989869999999998,3393024.7351195868
runtime,positive_uniform,openmp,mixed_fp32_fp64,2,13572088,0,0,123,456,0.0084218669999999995,3393024.7351007704
runtime,positive_uniform,openmp,fp64,2,13572088,0,1,123,456,0.0073684019999999996,3393024.7351195868
runtime,positive_uniform,openmp,mixed_fp32_fp64,2,13572088,0,1,123,456,0.0084678670000000004,3393024.7351007704
runtime,positive_uniform,openmp,fp64,2,13572088,0,2,123,456,0.0066445239999999997,3393024.7351195868
runtime,positive_uniform,openmp,mixed_fp32_fp64,2,13572088,0,2,123,456,0.0073184449999999998,3393024.7351007704
runtime,positive_uniform,openmp,fp64,2,13572088,0,3,123,456,0.00723079,3393024.7351195868
runtime,positive_uniform,openmp,mixed_fp32_fp64,2,13572088,0,3,123,456,0.0079089880000000005,3393024.7351007704
runtime,positive_uniform,openmp,fp64,2,13572088,0,4,123,456,0.0070196659999999999,3393024.7351195868
runtime,positive_uniform,openmp,mixed_fp32_fp64,2,13572088,0,4,123,456,0.0081228010000000007,3393024.7351007704
runtime,positive_uniform,openmp,fp64,2,13572088,0,5,123,456,0.0067038100000000002,3393024.7351195868
runtime,positive_uniform,openmp,mixed_fp32_fp64,2,13572088,0,5,123,456,0.0076884350000000004,3393024.7351007704
runtime,positive_uniform,openmp,fp64,2,13572088,0,6,123,456,0.0073379780000000002,3393024.7351195868
runtime,positive_uniform,openmp,mixed_fp32_fp64,2,13572088,0,6,123,456,0.0072020349999999999,3393024.7351007704
runtime,positive_uniform,openmp,fp64,2,13572088,0,7,123,456,0.0070570809999999998,3393024.7351195868
runtime,positive_uniform,openmp,mixed_fp32_fp64,2,13572088,0,7,123,456,0.0072299579999999999,3393024.7351007704
runtime,positive_uniform,openmp,fp64,4,13572088,0,0,123,456,0.013028405,3393024.7351198709
runtime,positive_uniform,openmp,mixed_fp32_fp64,4,13572088,0,0,123,456,0.0051159489999999998,3393024.7351007657
runtime,positive_uniform,openmp,fp64,4,13572088,0,1,123,456,0.006902867,3393024.7351198704
runtime,positive_uniform,openmp,mixed_fp32_fp64,4,13572088,0,1,123,456,0.0052021180000000004,3393024.7351007657
runtime,positive_uniform,openmp,fp64,4,13572088,0,2,123,456,0.0045606240000000001,3393024.7351198704
runtime,positive_uniform,openmp,mixed_fp32_fp64,4,13572088,0,2,123,456,0.0053480180000000004,3393024.7351007657
runtime,positive_uniform,openmp,fp64,4,13572088,0,3,123,456,0.0087730559999999996,3393024.7351198704
runtime,positive_uniform,openmp,mixed_fp32_fp64,4,13572088,0,3,123,456,0.0072323420000000001,3393024.7351007657
runtime,positive_uniform,openmp,fp64,4,13572088,0,4,123,456,0.0049601430000000002,3393024.7351198709
runtime,positive_uniform,openmp,mixed_fp32_fp64,4,13572088,0,4,123,456,0.0060661589999999998,3393024.7351007657
runtime,positive_uniform,openmp,fp64,4,13572088,0,5,123,456,0.005090748,3393024.7351198704
runtime,positive_uniform,openmp,mixed_fp32_fp64,4,13572088,0,5,123,456,0.0059478580000000003,3393024.7351007652
runtime,positive_uniform,openmp,fp64,4,13572088,0,6,123,456,0.0049419080000000001,3393024.7351198709
runtime,positive_uniform,openmp,mixed_fp32_fp64,4,13572088,0,6,123,456,0.0047720540000000004,3393024.7351007657
runtime,positive_uniform,openmp,fp64,4,13572088,0,7,123,456,0.016905916999999999,3393024.7351198704
runtime,positive_uniform,openmp,mixed_fp32_fp64,4,13572088,0,7,123,456,0.0061260860000000002,3393024.7351007657
runtime,positive_uniform,openmp,fp64,8,13572088,0,0,123,456,0.012984592999999999,3393024.7351198592
runtime,positive_uniform,openmp,mixed_fp32_fp64,8,13572088,0,0,123,456,0.019152893000000001,3393024.7351007769
runtime,positive_uniform,openmp,fp64,8,13572088,0,1,123,456,0.013481678,3393024.7351198597
runtime,positive_uniform,openmp,mixed_fp32_fp64,8,13572088,0,1,123,456,0.0096328879999999992,3393024.7351007769
runtime,positive_uniform,openmp,fp64,8,13572088,0,2,123,456,0.016464535999999998,3393024.7351198597
runtime,positive_uniform,openmp,mixed_fp32_fp64,8,13572088,0,2,123,456,0.017361354999999998,3393024.7351007769
runtime,positive_uniform,openmp,fp64,8,13572088,0,3,123,456,0.017974539000000001,3393024.7351198597
runtime,positive_uniform,openmp,mixed_fp32_fp64,8,13572088,0,3,123,456,0.015743724000000001,3393024.7351007769
runtime,positive_uniform,openmp,fp64,8,13572088,0,4,123,456,0.010579651000000001,3393024.7351198597
runtime,positive_uniform,openmp,mixed_fp32_fp64,8,13572088,0,4,123,456,0.010692139999999999,3393024.7351007769
runtime,positive_uniform,openmp,fp64,8,13572088,0,5,123,456,0.0080907989999999992,3393024.7351198592
runtime,positive_uniform,openmp,mixed_fp32_fp64,8,13572088,0,5,123,456,0.0067989779999999998,3393024.7351007769
runtime,positive_uniform,openmp,fp64,8,13572088,0,6,123,456,0.011653642000000001,3393024.7351198592
runtime,positive_uniform,openmp,mixed_fp32_fp64,8,13572088,0,6,123,456,0.011149552,3393024.7351007769
runtime,positive_uniform,openmp,fp64,8,13572088,0,7,123,456,0.013089574,3393024.7351198597
runtime,positive_uniform,openmp,mixed_fp32_fp64,8,13572088,0,7,123,456,0.0072285520000000001,3393024.7351007764
runtime,positive_uniform,openmp,fp64,16,13572088,0,0,123,456,0.030529814999999998,3393024.7351198578
runtime,positive_uniform,openmp,mixed_fp32_fp64,16,13572088,0,0,123,456,0.017932525000000001,3393024.7351007769
runtime,positive_uniform,openmp,fp64,16,13572088,0,1,123,456,0.026935225,3393024.7351198578
runtime,positive_uniform,openmp,mixed_fp32_fp64,16,13572088,0,1,123,456,0.022571727,3393024.7351007769
runtime,positive_uniform,openmp,fp64,16,13572088,0,2,123,456,0.019329886000000001,3393024.7351198578
runtime,positive_uniform,openmp,mixed_fp32_fp64,16,13572088,0,2,123,456,0.021206897999999998,3393024.7351007769
runtime,positive_uniform,openmp,fp64,16,13572088,0,3,123,456,0.019029422000000001,3393024.7351198578
runtime,positive_uniform,openmp,mixed_fp32_fp64,16,13572088,0,3,123,456,0.023906862000000001,3393024.7351007769
runtime,positive_uniform,openmp,fp64,16,13572088,0,4,123,456,0.020429849999999999,3393024.7351198578
runtime,positive_uniform,openmp,mixed_fp32_fp64,16,13572088,0,4,123,456,0.017264506999999998,3393024.7351007769
runtime,positive_uniform,openmp,fp64,16,13572088,0,5,123,456,0.018893396999999999,3393024.7351198578
runtime,positive_uniform,openmp,mixed_fp32_fp64,16,13572088,0,5,123,456,0.025598076000000001,3393024.7351007764
runtime,positive_uniform,openmp,fp64,16,13572088,0,6,123,456,0.011262338,3393024.7351198578
runtime,positive_uniform,openmp,mixed_fp32_fp64,16,13572088,0,6,123,456,0.020296883000000002,3393024.7351007769
runtime,positive_uniform,openmp,fp64,16,13572088,0,7,123,456,0.019043384999999999,3393024.7351198578
runtime,positive_uniform,openmp,mixed_fp32_fp64,16,13572088,0,7,123,456,0.014687733999999999,3393024.7351007769
runtime,positive_uniform,openmp,fp64,22,13572088,0,0,123,456,0.032577680999999997,3393024.7351198839
runtime,positive_uniform,openmp,mixed_fp32_fp64,22,13572088,0,0,123,456,0.026270923000000002,3393024.735100776
runtime,positive_uniform,openmp,fp64,22,13572088,0,1,123,456,0.031581801999999999,3393024.7351198839
runtime,positive_uniform,openmp,mixed_fp32_fp64,22,13572088,0,1,123,456,0.030232129999999999,3393024.7351007764
runtime,positive_uniform,openmp,fp64,22,13572088,0,2,123,456,0.023536626000000001,3393024.7351198839
runtime,positive_uniform,openmp,mixed_fp32_fp64,22,13572088,0,2,123,456,0.031097656000000001,3393024.7351007764
runtime,positive_uniform,openmp,fp64,22,13572088,0,3,123,456,0.027348712000000001,3393024.7351198844
runtime,positive_uniform,openmp,mixed_fp32_fp64,22,13572088,0,3,123,456,0.028753781999999999,3393024.7351007755
runtime,positive_uniform,openmp,fp64,22,13572088,0,4,123,456,0.022253436000000001,3393024.7351198834
runtime,positive_uniform,openmp,mixed_fp32_fp64,22,13572088,0,4,123,456,0.018767563000000001,3393024.7351007764
runtime,positive_uniform,openmp,fp64,22,13572088,0,5,123,456,0.021273671000000001,3393024.7351198839
runtime,positive_uniform,openmp,mixed_fp32_fp64,22,13572088,0,5,123,456,0.020314127000000001,3393024.735100776
runtime,positive_uniform,openmp,fp64,22,13572088,0,6,123,456,0.012078323,3393024.7351198844
runtime,positive_uniform,openmp,mixed_fp32_fp64,22,13572088,0,6,123,456,0.019405726000000002,3393024.7351007764
runtime,positive_uniform,openmp,fp64,22,13572088,0,7,123,456,0.020987906000000001,3393024.7351198839
runtime,positive_uniform,openmp,mixed_fp32_fp64,22,13572088,0,7,123,456,0.020657594000000001,3393024.7351007755
runtime,positive_uniform,serial,fp64,,26050038,0,0,123,456,0.021986373,6513914.7411216088
runtime,positive_uniform,serial,mixed_fp32_fp64,,26050038,0,0,123,456,0.024286210999999999,6513914.7411387963
runtime,positive_uniform,serial,fp64,,26050038,0,1,123,456,0.022514124999999999,6513914.7411216088
runtime,positive_uniform,serial,mixed_fp32_fp64,,26050038,0,1,123,456,0.026968524000000001,6513914.7411387963
runtime,positive_uniform,serial,fp64,,26050038,0,2,123,456,0.021137369,6513914.7411216088
runtime,positive_uniform,serial,mixed_fp32_fp64,,26050038,0,2,123,456,0.025015602000000001,6513914.7411387963
runtime,positive_uniform,serial,fp64,,26050038,0,3,123,456,0.021061370999999999,6513914.7411216088
runtime,positive_uniform,serial,mixed_fp32_fp64,,26050038,0,3,123,456,0.024120441999999999,6513914.7411387963
runtime,positive_uniform,serial,fp64,,26050038,0,4,123,456,0.022088892999999998,6513914.7411216088
runtime,positive_uniform,serial,mixed_fp32_fp64,,26050038,0,4,123,456,0.023353932000000001,6513914.7411387963
runtime,positive_uniform,serial,fp64,,26050038,0,5,123,456,0.021101489000000001,6513914.7411216088
runtime,positive_uniform,serial,mixed_fp32_fp64,,26050038,0,5,123,456,0.024134722000000001,6513914.7411387963
runtime,positive_uniform,serial,fp64,,26050038,0,6,123,456,0.022338614999999999,6513914.7411216088
runtime,positive_uniform,serial,mixed_fp32_fp64,,26050038,0,6,123,456,0.023974786000000001,6513914.7411387963
runtime,positive_uniform,serial,fp64,,26050038,0,7,123,456,0.021127099999999999,6513914.7411216088
runtime,positive_uniform,serial,mixed_fp32_fp64,,26050038,0,7,123,456,0.023985573,6513914.7411387963
runtime,positive_uniform,openmp,fp64,1,26050038,0,0,123,456,0.022675794999999999,6513914.7411216088
runtime,positive_uniform,openmp,mixed_fp32_fp64,1,26050038,0,0,123,456,0.024217701000000001,6513914.7411387963
runtime,positive_uniform,openmp,fp64,1,26050038,0,1,123,456,0.021342844999999999,6513914.7411216088
runtime,positive_uniform,openmp,mixed_fp32_fp64,1,26050038,0,1,123,456,0.023379325999999999,6513914.7411387963
runtime,positive_uniform,openmp,fp64,1,26050038,0,2,123,456,0.021659484,6513914.7411216088
runtime,positive_uniform,openmp,mixed_fp32_fp64,1,26050038,0,2,123,456,0.029894554,6513914.7411387963
runtime,positive_uniform,openmp,fp64,1,26050038,0,3,123,456,0.022150565000000001,6513914.7411216088
runtime,positive_uniform,openmp,mixed_fp32_fp64,1,26050038,0,3,123,456,0.023572177999999999,6513914.7411387963
runtime,positive_uniform,openmp,fp64,1,26050038,0,4,123,456,0.021327662000000001,6513914.7411216088
runtime,positive_uniform,openmp,mixed_fp32_fp64,1,26050038,0,4,123,456,0.023670801000000002,6513914.7411387963
runtime,positive_uniform,openmp,fp64,1,26050038,0,5,123,456,0.021808846,6513914.7411216088
runtime,positive_uniform,openmp,mixed_fp32_fp64,1,26050038,0,5,123,456,0.024404445,6513914.7411387963
runtime,positive_uniform,openmp,fp64,1,26050038,0,6,123,456,0.021857412999999999,6513914.7411216088
runtime,positive_uniform,openmp,mixed_fp32_fp64,1,26050038,0,6,123,456,0.024560546999999999,6513914.7411387963
runtime,positive_uniform,openmp,fp64,1,26050038,0,7,123,456,0.021109038,6513914.7411216088
runtime,positive_uniform,openmp,mixed_fp32_fp64,1,26050038,0,7,123,456,0.023913396999999999,6513914.7411387963
runtime,positive_uniform,openmp,fp64,2,26050038,0,0,123,456,0.015176949,6513914.741122297
runtime,positive_uniform,openmp,mixed_fp32_fp64,2,26050038,0,0,123,456,0.017551223000000001,6513914.7411389882
runtime,positive_uniform,openmp,fp64,2,26050038,0,1,123,456,0.013868884999999999,6513914.741122297
runtime,positive_uniform,openmp,mixed_fp32_fp64,2,26050038,0,1,123,456,0.014977858,6513914.7411389882
runtime,positive_uniform,openmp,fp64,2,26050038,0,2,123,456,0.012652459,6513914.741122297
runtime,positive_uniform,openmp,mixed_fp32_fp64,2,26050038,0,2,123,456,0.01383556,6513914.7411389882
runtime,positive_uniform,openmp,fp64,2,26050038,0,3,123,456,0.016238944000000002,6513914.741122297
runtime,positive_uniform,openmp,mixed_fp32_fp64,2,26050038,0,3,123,456,0.015703193000000001,6513914.7411389882
runtime,positive_uniform,openmp,fp64,2,26050038,0,4,123,456,0.014084704,6513914.741122297
runtime,positive_uniform,openmp,mixed_fp32_fp64,2,26050038,0,4,123,456,0.014994185,6513914.7411389882
runtime,positive_uniform,openmp,fp64,2,26050038,0,5,123,456,0.012675908,6513914.741122297
runtime,positive_uniform,openmp,mixed_fp32_fp64,2,26050038,0,5,123,456,0.014051724999999999,6513914.7411389882
runtime,positive_uniform,openmp,fp64,2,26050038,0,6,123,456,0.01445516,6513914.741122297
runtime,positive_uniform,openmp,mixed_fp32_fp64,2,26050038,0,6,123,456,0.014962919,6513914.7411389882
runtime,positive_uniform,openmp,fp64,2,26050038,0,7,123,456,0.012533374999999999,6513914.741122297
runtime,positive_uniform,openmp,mixed_fp32_fp64,2,26050038,0,7,123,456,0.013682031000000001,6513914.7411389882
runtime,positive_uniform,openmp,fp64,4,26050038,0,0,123,456,0.016810227000000001,6513914.741121674
runtime,positive_uniform,openmp,mixed_fp32_fp64,4,26050038,0,0,123,456,0.021245208000000002,6513914.7411388746
runtime,positive_uniform,openmp,fp64,4,26050038,0,1,123,456,0.012976961,6513914.741121674
runtime,positive_uniform,openmp,mixed_fp32_fp64,4,26050038,0,1,123,456,0.012230892,6513914.7411388746
runtime,positive_uniform,openmp,fp64,4,26050038,0,2,123,456,0.01049399,6513914.741121674
runtime,positive_uniform,openmp,mixed_fp32_fp64,4,26050038,0,2,123,456,0.0093036750000000008,6513914.7411388736
runtime,positive_uniform,openmp,fp64,4,26050038,0,3,123,456,0.0084228299999999992,6513914.741121674
runtime,positive_uniform,openmp,mixed_fp32_fp64,4,26050038,0,3,123,456,0.0087865530000000008,6513914.7411388736
runtime,positive_uniform,openmp,fp64,4,26050038,0,4,123,456,0.0088542540000000006,6513914.741121674
runtime,positive_uniform,openmp,mixed_fp32_fp64,4,26050038,0,4,123,456,0.0091049440000000002,6513914.7411388746
runtime,positive_uniform,openmp,fp64,4,26050038,0,5,123,456,0.0096106239999999999,6513914.741121674
runtime,positive_uniform,openmp,mixed_fp32_fp64,4,26050038,0,5,123,456,0.014755579,6513914.7411388746
runtime,positive_uniform,openmp,fp64,4,26050038,0,6,123,456,0.01085449,6513914.741121674
runtime,positive_uniform,openmp,mixed_fp32_fp64,4,26050038,0,6,123,456,0.0097738149999999999,6513914.7411388746
runtime,positive_uniform,openmp,fp64,4,26050038,0,7,123,456,0.0085948450000000003,6513914.741121674
runtime,positive_uniform,openmp,mixed_fp32_fp64,4,26050038,0,7,123,456,0.0087907929999999999,6513914.7411388746
runtime,positive_uniform,openmp,fp64,8,26050038,0,0,123,456,0.014993329999999999,6513914.7411220074
runtime,positive_uniform,openmp,mixed_fp32_fp64,8,26050038,0,0,123,456,0.013896584999999999,6513914.7411388867
runtime,positive_uniform,openmp,fp64,8,26050038,0,1,123,456,0.018246952,6513914.7411220064
runtime,positive_uniform,openmp,mixed_fp32_fp64,8,26050038,0,1,123,456,0.017172985000000002,6513914.7411388867
runtime,positive_uniform,openmp,fp64,8,26050038,0,2,123,456,0.015248187999999999,6513914.7411220074
runtime,positive_uniform,openmp,mixed_fp32_fp64,8,26050038,0,2,123,456,0.011508298,6513914.7411388867
runtime,positive_uniform,openmp,fp64,8,26050038,0,3,123,456,0.017229379999999999,6513914.7411220064
runtime,positive_uniform,openmp,mixed_fp32_fp64,8,26050038,0,3,123,456,0.022179674999999999,6513914.7411388867
runtime,positive_uniform,openmp,fp64,8,26050038,0,4,123,456,0.023511073,6513914.7411220064
runtime,positive_uniform,openmp,mixed_fp32_fp64,8,26050038,0,4,123,456,0.014392561,6513914.7411388876
runtime,positive_uniform,openmp,fp64,8,26050038,0,5,123,456,0.019532773999999999,6513914.7411220074
runtime,positive_uniform,openmp,mixed_fp32_fp64,8,26050038,0,5,123,456,0.018762847999999999,6513914.7411388867
runtime,positive_uniform,openmp,fp64,8,26050038,0,6,123,456,0.013771616,6513914.7411220064
runtime,positive_uniform,openmp,mixed_fp32_fp64,8,26050038,0,6,123,456,0.014775524999999999,6513914.7411388867
runtime,positive_uniform,openmp,fp64,8,26050038,0,7,123,456,0.0099182509999999995,6513914.7411220074
runtime,positive_uniform,openmp,mixed_fp32_fp64,8,26050038,0,7,123,456,0.0068717270000000002,6513914.7411388867
runtime,positive_uniform,openmp,fp64,16,26050038,0,0,123,456,0.022063823999999999,6513914.7411219636
runtime,positive_uniform,openmp,mixed_fp32_fp64,16,26050038,0,0,123,456,0.024177306999999999,6513914.7411389044
runtime,positive_uniform,openmp,fp64,16,26050038,0,1,123,456,0.023562752999999999,6513914.7411219636
runtime,positive_uniform,openmp,mixed_fp32_fp64,16,26050038,0,1,123,456,0.024770791,6513914.7411389044
runtime,positive_uniform,openmp,fp64,16,26050038,0,2,123,456,0.013523087,6513914.7411219627
runtime,positive_uniform,openmp,mixed_fp32_fp64,16,26050038,0,2,123,456,0.013547059,6513914.7411389034
runtime,positive_uniform,openmp,fp64,16,26050038,0,3,123,456,0.016310241999999999,6513914.7411219636
runtime,positive_uniform,openmp,mixed_fp32_fp64,16,26050038,0,3,123,456,0.026338884,6513914.7411389034
runtime,positive_uniform,openmp,fp64,16,26050038,0,4,123,456,0.022386082000000002,6513914.7411219627
runtime,positive_uniform,openmp,mixed_fp32_fp64,16,26050038,0,4,123,456,0.022654216000000001,6513914.7411389034
runtime,positive_uniform,openmp,fp64,16,26050038,0,5,123,456,0.018276154999999999,6513914.7411219636
runtime,positive_uniform,openmp,mixed_fp32_fp64,16,26050038,0,5,123,456,0.018042394999999999,6513914.7411389044
runtime,positive_uniform,openmp,fp64,16,26050038,0,6,123,456,0.011183761,6513914.7411219636
runtime,positive_uniform,openmp,mixed_fp32_fp64,16,26050038,0,6,123,456,0.016933034,6513914.7411389034
runtime,positive_uniform,openmp,fp64,16,26050038,0,7,123,456,0.019785731000000001,6513914.7411219627
runtime,positive_uniform,openmp,mixed_fp32_fp64,16,26050038,0,7,123,456,0.014783256,6513914.7411389034
runtime,positive_uniform,openmp,fp64,22,26050038,0,0,123,456,0.040399718000000001,6513914.7411219953
runtime,positive_uniform,openmp,mixed_fp32_fp64,22,26050038,0,0,123,456,0.021102386000000001,6513914.7411389118
runtime,positive_uniform,openmp,fp64,22,26050038,0,1,123,456,0.036456860000000001,6513914.7411219953
runtime,positive_uniform,openmp,mixed_fp32_fp64,22,26050038,0,1,123,456,0.032229076000000002,6513914.7411389127
runtime,positive_uniform,openmp,fp64,22,26050038,0,2,123,456,0.023533945000000001,6513914.7411219953
runtime,positive_uniform,openmp,mixed_fp32_fp64,22,26050038,0,2,123,456,0.031809075999999999,6513914.7411389127
runtime,positive_uniform,openmp,fp64,22,26050038,0,3,123,456,0.020254695,6513914.7411219953
runtime,positive_uniform,openmp,mixed_fp32_fp64,22,26050038,0,3,123,456,0.030627912,6513914.7411389118
runtime,positive_uniform,openmp,fp64,22,26050038,0,4,123,456,0.029540463999999999,6513914.7411219934
runtime,positive_uniform,openmp,mixed_fp32_fp64,22,26050038,0,4,123,456,0.020617204,6513914.7411389118
runtime,positive_uniform,openmp,fp64,22,26050038,0,5,123,456,0.016089155000000001,6513914.7411219953
runtime,positive_uniform,openmp,mixed_fp32_fp64,22,26050038,0,5,123,456,0.027063589999999998,6513914.7411389118
runtime,positive_uniform,openmp,fp64,22,26050038,0,6,123,456,0.012621148,6513914.7411219943
runtime,positive_uniform,openmp,mixed_fp32_fp64,22,26050038,0,6,123,456,0.01499608,6513914.7411389118
runtime,positive_uniform,openmp,fp64,22,26050038,0,7,123,456,0.015390701999999999,6513914.7411219943
runtime,positive_uniform,openmp,mixed_fp32_fp64,22,26050038,0,7,123,456,0.026834424999999999,6513914.7411389137
runtime,positive_uniform,serial,fp64,,50000000,0,0,123,456,0.040927625000000002,12501529.336738564
runtime,positive_uniform,serial,mixed_fp32_fp64,,50000000,0,0,123,456,0.045742247999999999,12501529.336694384
runtime,positive_uniform,serial,fp64,,50000000,0,1,123,456,0.044202329999999998,12501529.336738564
runtime,positive_uniform,serial,mixed_fp32_fp64,,50000000,0,1,123,456,0.046631300000000001,12501529.336694384
runtime,positive_uniform,serial,fp64,,50000000,0,2,123,456,0.039798295999999997,12501529.336738564
runtime,positive_uniform,serial,mixed_fp32_fp64,,50000000,0,2,123,456,0.047326439999999997,12501529.336694384
runtime,positive_uniform,serial,fp64,,50000000,0,3,123,456,0.040975219,12501529.336738564
runtime,positive_uniform,serial,mixed_fp32_fp64,,50000000,0,3,123,456,0.051003609999999998,12501529.336694384
runtime,positive_uniform,serial,fp64,,50000000,0,4,123,456,0.042307519000000002,12501529.336738564
runtime,positive_uniform,serial,mixed_fp32_fp64,,50000000,0,4,123,456,0.044925548000000003,12501529.336694384
runtime,positive_uniform,serial,fp64,,50000000,0,5,123,456,0.041904259999999999,12501529.336738564
runtime,positive_uniform,serial,mixed_fp32_fp64,,50000000,0,5,123,456,0.051791285999999999,12501529.336694384
runtime,positive_uniform,serial,fp64,,50000000,0,6,123,456,0.044336133999999999,12501529.336738564
runtime,positive_uniform,serial,mixed_fp32_fp64,,50000000,0,6,123,456,0.045895251999999997,12501529.336694384
runtime,positive_uniform,serial,fp64,,50000000,0,7,123,456,0.044069970999999999,12501529.336738564
runtime,positive_uniform,serial,mixed_fp32_fp64,,50000000,0,7,123,456,0.044672294000000001,12501529.336694384
runtime,positive_uniform,openmp,fp64,1,50000000,0,0,123,456,0.044667257000000002,12501529.336738564
runtime,positive_uniform,openmp,mixed_fp32_fp64,1,50000000,0,0,123,456,0.045146498,12501529.336694384
runtime,positive_uniform,openmp,fp64,1,50000000,0,1,123,456,0.041908023000000003,12501529.336738564
runtime,positive_uniform,openmp,mixed_fp32_fp64,1,50000000,0,1,123,456,0.046883903999999997,12501529.336694384
runtime,positive_uniform,openmp,fp64,1,50000000,0,2,123,456,0.044099874999999997,12501529.336738564
runtime,positive_uniform,openmp,mixed_fp32_fp64,1,50000000,0,2,123,456,0.045653463999999998,12501529.336694384
runtime,positive_uniform,openmp,fp64,1,50000000,0,3,123,456,0.042641375000000002,12501529.336738564
runtime,positive_uniform,openmp,mixed_fp32_fp64,1,50000000,0,3,123,456,0.045640044999999997,12501529.336694384
runtime,positive_uniform,openmp,fp64,1,50000000,0,4,123,456,0.047791662999999998,12501529.336738564
runtime,positive_uniform,openmp,mixed_fp32_fp64,1,50000000,0,4,123,456,0.049033597999999998,12501529.336694384
runtime,positive_uniform,openmp,fp64,1,50000000,0,5,123,456,0.041425232999999999,12501529.336738564
runtime,positive_uniform,openmp,mixed_fp32_fp64,1,50000000,0,5,123,456,0.045179927000000002,12501529.336694384
runtime,positive_uniform,openmp,fp64,1,50000000,0,6,123,456,0.040781236999999998,12501529.336738564
runtime,positive_uniform,openmp,mixed_fp32_fp64,1,50000000,0,6,123,456,0.045087083999999999,12501529.336694384
runtime,positive_uniform,openmp,fp64,1,50000000,0,7,123,456,0.042422301000000003,12501529.336738564
runtime,positive_uniform,openmp,mixed_fp32_fp64,1,50000000,0,7,123,456,0.044627567,12501529.336694384
runtime,positive_uniform,openmp,fp64,2,50000000,0,0,123,456,0.027515508000000001,12501529.336737245
runtime,positive_uniform,openmp,mixed_fp32_fp64,2,50000000,0,0,123,456,0.026221201,12501529.336695816
runtime,positive_uniform,openmp,fp64,2,50000000,0,1,123,456,0.023938755999999999,12501529.336737245
runtime,positive_uniform,openmp,mixed_fp32_fp64,2,50000000,0,1,123,456,0.026159669,12501529.336695816
runtime,positive_uniform,openmp,fp64,2,50000000,0,2,123,456,0.025293700999999998,12501529.336737245
runtime,positive_uniform,openmp,mixed_fp32_fp64,2,50000000,0,2,123,456,0.026071891,12501529.336695816
runtime,positive_uniform,openmp,fp64,2,50000000,0,3,123,456,0.024370619999999999,12501529.336737245
runtime,positive_uniform,openmp,mixed_fp32_fp64,2,50000000,0,3,123,456,0.027622164000000001,12501529.336695816
runtime,positive_uniform,openmp,fp64,2,50000000,0,4,123,456,0.031662082000000001,12501529.336737245
runtime,positive_uniform,openmp,mixed_fp32_fp64,2,50000000,0,4,123,456,0.032088209999999999,12501529.336695816
runtime,positive_uniform,openmp,fp64,2,50000000,0,5,123,456,0.025928211,12501529.336737245
runtime,positive_uniform,openmp,mixed_fp32_fp64,2,50000000,0,5,123,456,0.026826994,12501529.336695816
runtime,positive_uniform,openmp,fp64,2,50000000,0,6,123,456,0.024591473999999999,12501529.336737245
runtime,positive_uniform,openmp,mixed_fp32_fp64,2,50000000,0,6,123,456,0.027503652,12501529.336695816
runtime,positive_uniform,openmp,fp64,2,50000000,0,7,123,456,0.024034976,12501529.336737245
runtime,positive_uniform,openmp,mixed_fp32_fp64,2,50000000,0,7,123,456,0.025878364000000001,12501529.336695816
runtime,positive_uniform,openmp,fp64,4,50000000,0,0,123,456,0.021232943000000001,12501529.33673748
runtime,positive_uniform,openmp,mixed_fp32_fp64,4,50000000,0,0,123,456,0.029116337999999999,12501529.336696118
runtime,positive_uniform,openmp,fp64,4,50000000,0,1,123,456,0.017146357000000001,12501529.336737478
runtime,positive_uniform,openmp,mixed_fp32_fp64,4,50000000,0,1,123,456,0.017473155000000001,12501529.336696118
runtime,positive_uniform,openmp,fp64,4,50000000,0,2,123,456,0.015924045000000001,12501529.336737476
runtime,positive_uniform,openmp,mixed_fp32_fp64,4,50000000,0,2,123,456,0.024397760000000001,12501529.336696116
runtime,positive_uniform,openmp,fp64,4,50000000,0,3,123,456,0.015782592000000002,12501529.336737476
runtime,positive_uniform,openmp,mixed_fp32_fp64,4,50000000,0,3,123,456,0.017936220999999999,12501529.336696116
runtime,positive_uniform,openmp,fp64,4,50000000,0,4,123,456,0.017573462000000001,12501529.33673748
runtime,positive_uniform,openmp,mixed_fp32_fp64,4,50000000,0,4,123,456,0.020457514999999999,12501529.336696114
runtime,positive_uniform,openmp,fp64,4,50000000,0,5,123,456,0.016227557,12501529.336737478
runtime,positive_uniform,openmp,mixed_fp32_fp64,4,50000000,0,5,123,456,0.017473484000000001,12501529.336696116
runtime,positive_uniform,openmp,fp64,4,50000000,0,6,123,456,0.017615863999999998,12501529.33673748
runtime,positive_uniform,openmp,mixed_fp32_fp64,4,50000000,0,6,123,456,0.018252484999999999,12501529.336696118
runtime,positive_uniform,openmp,fp64,4,50000000,0,7,123,456,0.016217233000000001,12501529.336737478
runtime,positive_uniform,openmp,mixed_fp32_fp64,4,50000000,0,7,123,456,0.016989549,12501529.336696118
runtime,positive_uniform,openmp,fp64,8,50000000,0,0,123,456,0.025365077,12501529.336736867
runtime,positive_uniform,openmp,mixed_fp32_fp64,8,50000000,0,0,123,456,0.025056212000000001,12501529.336696001
runtime,positive_uniform,openmp,fp64,8,50000000,0,1,123,456,0.016924808,12501529.336736867
runtime,positive_uniform,openmp,mixed_fp32_fp64,8,50000000,0,1,123,456,0.02247569,12501529.336696001
runtime,positive_uniform,openmp,fp64,8,50000000,0,2,123,456,0.015724727000000001,12501529.336736869
runtime,positive_uniform,openmp,mixed_fp32_fp64,8,50000000,0,2,123,456,0.028121968000000001,12501529.336696001
runtime,positive_uniform,openmp,fp64,8,50000000,0,3,123,456,0.021159147999999999,12501529.336736865
runtime,positive_uniform,openmp,mixed_fp32_fp64,8,50000000,0,3,123,456,0.013437062,12501529.336696001
runtime,positive_uniform,openmp,fp64,8,50000000,0,4,123,456,0.015797724999999999,12501529.336736867
runtime,positive_uniform,openmp,mixed_fp32_fp64,8,50000000,0,4,123,456,0.017512288000000001,12501529.336696001
runtime,positive_uniform,openmp,fp64,8,50000000,0,5,123,456,0.01480327,12501529.336736867
runtime,positive_uniform,openmp,mixed_fp32_fp64,8,50000000,0,5,123,456,0.012452525000000001,12501529.336696003
runtime,positive_uniform,openmp,fp64,8,50000000,0,6,123,456,0.011850143,12501529.336736867
runtime,positive_uniform,openmp,mixed_fp32_fp64,8,50000000,0,6,123,456,0.013539192,12501529.336696003
runtime,positive_uniform,openmp,fp64,8,50000000,0,7,123,456,0.012284675,12501529.336736865
runtime,positive_uniform,openmp,mixed_fp32_fp64,8,50000000,0,7,123,456,0.011771491,12501529.336696001
runtime,positive_uniform,openmp,fp64,16,50000000,0,0,123,456,0.033436855000000001,12501529.336736711
runtime,positive_uniform,openmp,mixed_fp32_fp64,16,50000000,0,0,123,456,0.039106952,12501529.336696032
runtime,positive_uniform,openmp,fp64,16,50000000,0,1,123,456,0.020373147000000001,12501529.336736714
runtime,positive_uniform,openmp,mixed_fp32_fp64,16,50000000,0,1,123,456,0.026706849000000001,12501529.336696032
runtime,positive_uniform,openmp,fp64,16,50000000,0,2,123,456,0.026035783999999999,12501529.336736713
runtime,positive_uniform,openmp,mixed_fp32_fp64,16,50000000,0,2,123,456,0.016353217,12501529.336696034
runtime,positive_uniform,openmp,fp64,16,50000000,0,3,123,456,0.033858305999999998,12501529.336736711
runtime,positive_uniform,openmp,mixed_fp32_fp64,16,50000000,0,3,123,456,0.026733657000000001,12501529.336696032
runtime,positive_uniform,openmp,fp64,16,50000000,0,4,123,456,0.027262990000000001,12501529.336736713
runtime,positive_uniform,openmp,mixed_fp32_fp64,16,50000000,0,4,123,456,0.028518918000000001,12501529.336696032
runtime,positive_uniform,openmp,fp64,16,50000000,0,5,123,456,0.02436203,12501529.336736713
runtime,positive_uniform,openmp,mixed_fp32_fp64,16,50000000,0,5,123,456,0.024174794999999999,12501529.336696034
runtime,positive_uniform,openmp,fp64,16,50000000,0,6,123,456,0.019503909,12501529.336736713
runtime,positive_uniform,openmp,mixed_fp32_fp64,16,50000000,0,6,123,456,0.034710361000000002,12501529.336696032
runtime,positive_uniform,openmp,fp64,16,50000000,0,7,123,456,0.020113829,12501529.336736713
runtime,positive_uniform,openmp,mixed_fp32_fp64,16,50000000,0,7,123,456,0.023664218000000001,12501529.336696034
runtime,positive_uniform,openmp,fp64,22,50000000,0,0,123,456,0.036729024999999998,12501529.3367367
runtime,positive_uniform,openmp,mixed_fp32_fp64,22,50000000,0,0,123,456,0.033140035999999998,12501529.33669604
runtime,positive_uniform,openmp,fp64,22,50000000,0,1,123,456,0.031980587999999997,12501529.3367367
runtime,positive_uniform,openmp,mixed_fp32_fp64,22,50000000,0,1,123,456,0.025075229000000001,12501529.33669604
runtime,positive_uniform,openmp,fp64,22,50000000,0,2,123,456,0.038433535999999997,12501529.3367367
runtime,positive_uniform,openmp,mixed_fp32_fp64,22,50000000,0,2,123,456,0.035608716999999998,12501529.33669604
runtime,positive_uniform,openmp,fp64,22,50000000,0,3,123,456,0.019172282999999998,12501529.336736698
runtime,positive_uniform,openmp,mixed_fp32_fp64,22,50000000,0,3,123,456,0.020557084999999999,12501529.336696042
runtime,positive_uniform,openmp,fp64,22,50000000,0,4,123,456,0.017553111999999999,12501529.336736701
runtime,positive_uniform,openmp,mixed_fp32_fp64,22,50000000,0,4,123,456,0.020985904999999999,12501529.336696038
runtime,positive_uniform,openmp,fp64,22,50000000,0,5,123,456,0.027766328,12501529.3367367
runtime,positive_uniform,openmp,mixed_fp32_fp64,22,50000000,0,5,123,456,0.018345790000000001,12501529.33669604
runtime,positive_uniform,openmp,fp64,22,50000000,0,6,123,456,0.019405723,12501529.3367367
runtime,positive_uniform,openmp,mixed_fp32_fp64,22,50000000,0,6,123,456,0.020097884999999999,12501529.33669604
runtime,positive_uniform,openmp,fp64,22,50000000,0,7,123,456,0.016260172,12501529.336736698
runtime,positive_uniform,openmp,mixed_fp32_fp64,22,50000000,0,7,123,456,0.016810395999999998,12501529.33669604
runtime,alternating_sign,serial,fp64,,1000000,0,0,123,456,0.00094212099999999997,208.383066462107
runtime,alternating_sign,serial,mixed_fp32_fp64,,1000000,0,0,123,456,0.00109373,208.38303507686146
runtime,alternating_sign,serial,fp64,,1000000,0,1,123,456,0.00087054899999999998,208.383066462107
runtime,alternating_sign,serial,mixed_fp32_fp64,,1000000,0,1,123,456,0.0010777779999999999,208.38303507686146
runtime,alternating_sign,serial,fp64,,1000000,0,2,123,456,0.00085508700000000003,208.383066462107
runtime,alternating_sign,serial,mixed_fp32_fp64,,1000000,0,2,123,456,0.001066485,208.38303507686146
runtime,alternating_sign,serial,fp64,,1000000,0,3,123,456,0.00080290299999999999,208.383066462107
runtime,alternating_sign,serial,mixed_fp32_fp64,,1000000,0,3,123,456,0.001038635,208.38303507686146
runtime,alternating_sign,serial,fp64,,1000000,0,4,123,456,0.00079577000000000001,208.383066462107
runtime,alternating_sign,serial,mixed_fp32_fp64,,1000000,0,4,123,456,0.0011642250000000001,208.38303507686146
runtime,alternating_sign,serial,fp64,,1000000,0,5,123,456,0.00078869499999999996,208.383066462107
runtime,alternating_sign,serial,mixed_fp32_fp64,,1000000,0,5,123,456,0.0010531340000000001,208.38303507686146
runtime,alternating_sign,serial,fp64,,1000000,0,6,123,456,0.00084884900000000004,208.383066462107
runtime,alternating_sign,serial,mixed_fp32_fp64,,1000000,0,6,123,456,0.001085503,208.38303507686146
runtime,alternating_sign,serial,fp64,,1000000,0,7,123,456,0.00079157700000000001,208.383066462107
runtime,alternating_sign,serial,mixed_fp32_fp64,,1000000,0,7,123,456,0.0010147509999999999,208.38303507686146
runtime,alternating_sign,openmp,fp64,1,1000000,0,0,123,456,0.00078436900000000004,208.383066462107
runtime,alternating_sign,openmp,mixed_fp32_fp64,1,1000000,0,0,123,456,0.00099811299999999991,208.38303507686146
runtime,alternating_sign,openmp,fp64,1,1000000,0,1,123,456,0.00077167299999999996,208.383066462107
runtime,alternating_sign,openmp,mixed_fp32_fp64,1,1000000,0,1,123,456,0.00098768100000000002,208.38303507686146
runtime,alternating_sign,openmp,fp64,1,1000000,0,2,123,456,0.00072145100000000002,208.383066462107
runtime,alternating_sign,openmp,mixed_fp32_fp64,1,1000000,0,2,123,456,0.00097080400000000002,208.38303507686146
runtime,alternating_sign,openmp,fp64,1,1000000,0,3,123,456,0.0012087160000000001,208.383066462107
runtime,alternating_sign,openmp,mixed_fp32_fp64,1,1000000,0,3,123,456,0.0015487350000000001,208.38303507686146
runtime,alternating_sign,openmp,fp64,1,1000000,0,4,123,456,0.0014420349999999999,208.383066462107
runtime,alternating_sign,openmp,mixed_fp32_fp64,1,1000000,0,4,123,456,0.0015980339999999999,208.38303507686146
runtime,alternating_sign,openmp,fp64,1,1000000,0,5,123,456,0.0010425899999999999,208.383066462107
runtime,alternating_sign,openmp,mixed_fp32_fp64,1,1000000,0,5,123,456,0.0013337920000000001,208.38303507686146
runtime,alternating_sign,openmp,fp64,1,1000000,0,6,123,456,0.00090611800000000003,208.383066462107
runtime,alternating_sign,openmp,mixed_fp32_fp64,1,1000000,0,6,123,456,0.001248727,208.38303507686146
runtime,alternating_sign,openmp,fp64,1,1000000,0,7,123,456,0.00080892599999999996,208.383066462107
runtime,alternating_sign,openmp,mixed_fp32_fp64,1,1000000,0,7,123,456,0.001071933,208.38303507686146
runtime,alternating_sign,openmp,fp64,2,1000000,0,0,123,456,0.00072009199999999998,208.38306646212482
runtime,alternating_sign,openmp,mixed_fp32_fp64,2,1000000,0,0,123,456,0.000505818,208.38303507686169
runtime,alternating_sign,openmp,fp64,2,1000000,0,1,123,456,0.00037415700000000002,208.38306646212482
runtime,alternating_sign,openmp,mixed_fp32_fp64,2,1000000,0,1,123,456,0.00049174799999999997,208.38303507686169
runtime,alternating_sign,openmp,fp64,2,1000000,0,2,123,456,0.00034250099999999999,208.38306646212482
runtime,alternating_sign,openmp,mixed_fp32_fp64,2,1000000,0,2,123,456,0.00043623000000000002,208.38303507686169
runtime,alternating_sign,openmp,fp64,2,1000000,0,3,123,456,0.00031435700000000003,208.38306646212482
runtime,alternating_sign,openmp,mixed_fp32_fp64,2,1000000,0,3,123,456,0.00043556500000000001,208.38303507686169
runtime,alternating_sign,openmp,fp64,2,1000000,0,4,123,456,0.00034080800000000001,208.38306646212482
runtime,alternating_sign,openmp,mixed_fp32_fp64,2,1000000,0,4,123,456,0.00042268600000000003,208.38303507686169
runtime,alternating_sign,openmp,fp64,2,1000000,0,5,123,456,0.00032098700000000001,208.38306646212482
runtime,alternating_sign,openmp,mixed_fp32_fp64,2,1000000,0,5,123,456,0.00040987700000000001,208.38303507686169
runtime,alternating_sign,openmp,fp64,2,1000000,0,6,123,456,0.000303596,208.38306646212482
runtime,alternating_sign,openmp,mixed_fp32_fp64,2,1000000,0,6,123,456,0.000424361,208.38303507686169
runtime,alternating_sign,openmp,fp64,2,1000000,0,7,123,456,0.00030836299999999997,208.38306646212482
runtime,alternating_sign,openmp,mixed_fp32_fp64,2,1000000,0,7,123,456,0.00044377499999999999,208.38303507686169
runtime,alternating_sign,openmp,fp64,4,1000000,0,0,123,456,0.00048809999999999999,208.3830664621222
runtime,alternating_sign,openmp,mixed_fp32_fp64,4,1000000,0,0,123,456,0.000359358,208.38303507686157
runtime,alternating_sign,openmp,fp64,4,1000000,0,1,123,456,0.00025396000000000001,208.38306646212214
runtime,alternating_sign,openmp,mixed_fp32_fp64,4,1000000,0,1,123,456,0.000419128,208.38303507686152
runtime,alternating_sign,openmp,fp64,4,1000000,0,2,123,456,0.00027051700000000001,208.38306646212214
runtime,alternating_sign,openmp,mixed_fp32_fp64,4,1000000,0,2,123,456,0.00037567900000000002,208.38303507686152
runtime,alternating_sign,openmp,fp64,4,1000000,0,3,123,456,0.000253639,208.38306646212214
runtime,alternating_sign,openmp,mixed_fp32_fp64,4,1000000,0,3,123,456,0.00034672400000000002,208.38303507686152
runtime,alternating_sign,openmp,fp64,4,1000000,0,4,123,456,0.00025746699999999999,208.38306646212214
runtime,alternating_sign,openmp,mixed_fp32_fp64,4,1000000,0,4,123,456,0.000364946,208.38303507686152
runtime,alternating_sign,openmp,fp64,4,1000000,0,5,123,456,0.00026607099999999999,208.38306646212214
runtime,alternating_sign,openmp,mixed_fp32_fp64,4,1000000,0,5,123,456,0.00038828499999999999,208.38303507686157
runtime,alternating_sign,openmp,fp64,4,1000000,0,6,123,456,0.00026628900000000001,208.38306646212214
runtime,alternating_sign,openmp,mixed_fp32_fp64,4,1000000,0,6,123,456,0.00036478999999999998,208.38303507686152
runtime,alternating_sign,openmp,fp64,4,1000000,0,7,123,456,0.00026550199999999998,208.38306646212214
runtime,alternating_sign,openmp,mixed_fp32_fp64,4,1000000,0,7,123,456,0.000411247,208.38303507686152
runtime,alternating_sign,openmp,fp64,8,1000000,0,0,123,456,0.00055732799999999995,208.38306646211851
runtime,alternating_sign,openmp,mixed_fp32_fp64,8,1000000,0,0,123,456,0.00018391300000000001,208.38303507686152
runtime,alternating_sign,openmp,fp64,8,1000000,0,1,123,456,0.000134337,208.38306646211851
runtime,alternating_sign,openmp,mixed_fp32_fp64,8,1000000,0,1,123,456,0.00019174599999999999,208.38303507686157
runtime,alternating_sign,openmp,fp64,8,1000000,0,2,123,456,0.00014083800000000001,208.38306646211851
runtime,alternating_sign,openmp,mixed_fp32_fp64,8,1000000,0,2,123,456,0.000193036,208.38303507686157
runtime,alternating_sign,openmp,fp64,8,1000000,0,3,123,456,0.00015777099999999999,208.38306646211851
runtime,alternating_sign,openmp,mixed_fp32_fp64,8,1000000,0,3,123,456,0.00019305599999999999,208.38303507686157
runtime,alternating_sign,openmp,fp64,8,1000000,0,4,123,456,0.00026517799999999997,208.38306646211856
runtime,alternating_sign,openmp,mixed_fp32_fp64,8,1000000,0,4,123,456,0.00022807,208.38303507686157
runtime,alternating_sign,openmp,fp64,8,1000000,0,5,123,456,0.000209953,208.38306646211856
runtime,alternating_sign,openmp,mixed_fp32_fp64,8,1000000,0,5,123,456,0.000211504,208.38303507686152
runtime,alternating_sign,openmp,fp64,8,1000000,0,6,123,456,0.00020986,208.38306646211856
runtime,alternating_sign,openmp,mixed_fp32_fp64,8,1000000,0,6,123,456,0.00021900899999999999,208.38303507686146
runtime,alternating_sign,openmp,fp64,8,1000000,0,7,123,456,0.00022224899999999999,208.38306646211856
runtime,alternating_sign,openmp,mixed_fp32_fp64,8,1000000,0,7,123,456,0.000204456,208.38303507686152
runtime,alternating_sign,openmp,fp64,16,1000000,0,0,123,456,0.00055928900000000003,208.38306646211709
runtime,alternating_sign,openmp,mixed_fp32_fp64,16,1000000,0,0,123,456,0.00024013699999999999,208.38303507686163
runtime,alternating_sign,openmp,fp64,16,1000000,0,1,123,456,9.3183000000000006e-05,208.38306646211711
runtime,alternating_sign,openmp,mixed_fp32_fp64,16,1000000,0,1,123,456,0.00020446799999999999,208.38303507686157
runtime,alternating_sign,openmp,fp64,16,1000000,0,2,123,456,8.3426999999999999e-05,208.38306646211703
runtime,alternating_sign,openmp,mixed_fp32_fp64,16,1000000,0,2,123,456,0.0096544049999999996,208.38303507686157
runtime,alternating_sign,openmp,fp64,16,1000000,0,3,123,456,0.019155947999999999,208.38306646211709
runtime,alternating_sign,openmp,mixed_fp32_fp64,16,1000000,0,3,123,456,0.021824285999999998,208.38303507686152
runtime,alternating_sign,openmp,fp64,16,1000000,0,4,123,456,0.027331866,208.38306646211706
runtime,alternating_sign,openmp,mixed_fp32_fp64,16,1000000,0,4,123,456,0.010517079,208.38303507686157
runtime,alternating_sign,openmp,fp64,16,1000000,0,5,123,456,0.015806058000000001,208.38306646211694
runtime,alternating_sign,openmp,mixed_fp32_fp64,16,1000000,0,5,123,456,0.014181592,208.38303507686163
runtime,alternating_sign,openmp,fp64,16,1000000,0,6,123,456,0.019316031000000001,208.38306646211709
runtime,alternating_sign,openmp,mixed_fp32_fp64,16,1000000,0,6,123,456,0.016872034000000001,208.38303507686157
runtime,alternating_sign,openmp,fp64,16,1000000,0,7,123,456,0.015427987000000001,208.38306646211709
runtime,alternating_sign,openmp,mixed_fp32_fp64,16,1000000,0,7,123,456,0.0068249629999999999,208.38303507686146
runtime,alternating_sign,openmp,fp64,22,1000000,0,0,123,456,0.031627657000000003,208.38306646211794
runtime,alternating_sign,openmp,mixed_fp32_fp64,22,1000000,0,0,123,456,0.021697619000000001,208.38303507686157
runtime,alternating_sign,openmp,fp64,22,1000000,0,1,123,456,0.02007167,208.38306646211788
runtime,alternating_sign,openmp,mixed_fp32_fp64,22,1000000,0,1,123,456,0.019089815999999999,208.38303507686157
runtime,alternating_sign,openmp,fp64,22,1000000,0,2,123,456,0.02262981,208.38306646211797
runtime,alternating_sign,openmp,mixed_fp32_fp64,22,1000000,0,2,123,456,0.021520093000000001,208.38303507686155
runtime,alternating_sign,openmp,fp64,22,1000000,0,3,123,456,0.022430702,208.38306646211805
runtime,alternating_sign,openmp,mixed_fp32_fp64,22,1000000,0,3,123,456,0.011694349999999999,208.38303507686157
runtime,alternating_sign,openmp,fp64,22,1000000,0,4,123,456,0.016955885,208.38306646211799
runtime,alternating_sign,openmp,mixed_fp32_fp64,22,1000000,0,4,123,456,0.020610097000000001,208.38303507686157
runtime,alternating_sign,openmp,fp64,22,1000000,0,5,123,456,0.0095590090000000003,208.38306646211797
runtime,alternating_sign,openmp,mixed_fp32_fp64,22,1000000,0,5,123,456,0.018340565,208.38303507686152
runtime,alternating_sign,openmp,fp64,22,1000000,0,6,123,456,0.030162906,208.38306646211794
runtime,alternating_sign,openmp,mixed_fp32_fp64,22,1000000,0,6,123,456,0.019938020000000001,208.38303507686157
runtime,alternating_sign,openmp,fp64,22,1000000,0,7,123,456,0.0053627229999999998,208.38306646211794
runtime,alternating_sign,openmp,mixed_fp32_fp64,22,1000000,0,7,123,456,0.023319886000000001,208.38303507686152
runtime,alternating_sign,serial,fp64,,1919384,0,0,123,456,0.001789169,-244.45287223181072
runtime,alternating_sign,serial,mixed_fp32_fp64,,1919384,0,0,123,456,0.002309649,-244.452982937027
runtime,alternating_sign,serial,fp64,,1919384,0,1,123,456,0.001712412,-244.45287223181072
runtime,alternating_sign,serial,mixed_fp32_fp64,,1919384,0,1,123,456,0.0022309700000000001,-244.452982937027
runtime,alternating_sign,serial,fp64,,1919384,0,2,123,456,0.0016914569999999999,-244.45287223181072
runtime,alternating_sign,serial,mixed_fp32_fp64,,1919384,0,2,123,456,0.0022808659999999999,-244.452982937027
runtime,alternating_sign,serial,fp64,,1919384,0,3,123,456,0.0016109640000000001,-244.45287223181072
runtime,alternating_sign,serial,mixed_fp32_fp64,,1919384,0,3,123,456,0.0021941830000000002,-244.452982937027
runtime,alternating_sign,serial,fp64,,1919384,0,4,123,456,0.00163127,-244.45287223181072
runtime,alternating_sign,serial,mixed_fp32_fp64,,1919384,0,4,123,456,0.0022000219999999998,-244.452982937027
runtime,alternating_sign,serial,fp64,,1919384,0,5,123,456,0.001570323,-244.45287223181072
runtime,alternating_sign,serial,mixed_fp32_fp64,,1919384,0,5,123,456,0.0022635910000000001,-244.452982937027
runtime,alternating_sign,serial,fp64,,1919384,0,6,123,456,0.0016093500000000001,-244.45287223181072
runtime,alternating_sign,serial,mixed_fp32_fp64,,1919384,0,6,123,456,0.002156341,-244.452982937027
runtime,alternating_sign,serial,fp64,,1919384,0,7,123,456,0.0016138840000000001,-244.45287223181072
runtime,alternating_sign,serial,mixed_fp32_fp64,,1919384,0,7,123,456,0.0021412699999999998,-244.452982937027
runtime,alternating_sign,openmp,fp64,1,1919384,0,0,123,456,0.0016290289999999999,-244.45287223181072
runtime,alternating_sign,openmp,mixed_fp32_fp64,1,1919384,0,0,123,456,0.0021483589999999999,-244.452982937027
runtime,alternating_sign,openmp,fp64,1,1919384,0,1,123,456,0.0016369900000000001,-244.45287223181072
runtime,alternating_sign,openmp,mixed_fp32_fp64,1,1919384,0,1,123,456,0.002159504,-244.452982937027
runtime,alternating_sign,openmp,fp64,1,1919384,0,2,123,456,0.0016069649999999999,-244.45287223181072
runtime,alternating_sign,openmp,mixed_fp32_fp64,1,1919384,0,2,123,456,0.0021564589999999999,-244.452982937027
runtime,alternating_sign,openmp,fp64,1,1919384,0,3,123,456,0.0016539180000000001,-244.45287223181072
runtime,alternating_sign,openmp,mixed_fp32_fp64,1,1919384,0,3,123,456,0.0021773169999999998,-244.452982937027
runtime,alternating_sign,openmp,fp64,1,1919384,0,4,123,456,0.0016243620000000001,-244.45287223181072
runtime,alternating_sign,openmp,mixed_fp32_fp64,1,1919384,0,4,123,456,0.002107083,-244.452982937027
runtime,alternating_sign,openmp,fp64,1,1919384,0,5,123,456,0.0019531139999999999,-244.45287223181072
runtime,alternating_sign,openmp,mixed_fp32_fp64,1,1919384,0,5,123,456,0.0025553279999999999,-244.452982937027
runtime,alternating_sign,openmp,fp64,1,1919384,0,6,123,456,0.0015925080000000001,-244.45287223181072
runtime,alternating_sign,openmp,mixed_fp32_fp64,1,1919384,0,6,123,456,0.00211414,-244.452982937027
runtime,alternating_sign,openmp,fp64,1,1919384,0,7,123,456,0.0015670720000000001,-244.45287223181072
runtime,alternating_sign,openmp,mixed_fp32_fp64,1,1919384,0,7,123,456,0.0020973110000000001,-244.452982937027
runtime,alternating_sign,openmp,fp64,2,1919384,0,0,123,456,0.001450341,-244.4528722318299
runtime,alternating_sign,openmp,mixed_fp32_fp64,2,1919384,0,0,123,456,0.001734855,-244.45298293702695
runtime,alternating_sign,openmp,fp64,2,1919384,0,1,123,456,0.0012265240000000001,-244.4528722318299
runtime,alternating_sign,openmp,mixed_fp32_fp64,2,1919384,0,1,123,456,0.0016492989999999999,-244.45298293702695
runtime,alternating_sign,openmp,fp64,2,1919384,0,2,123,456,0.0011135819999999999,-244.4528722318299
runtime,alternating_sign,openmp,mixed_fp32_fp64,2,1919384,0,2,123,456,0.0020620119999999998,-244.45298293702695
runtime,alternating_sign,openmp,fp64,2,1919384,0,3,123,456,0.001262574,-244.4528722318299
runtime,alternating_sign,openmp,mixed_fp32_fp64,2,1919384,0,3,123,456,0.0013802770000000001,-244.45298293702695
runtime,alternating_sign,openmp,fp64,2,1919384,0,4,123,456,0.0013229170000000001,-244.4528722318299
runtime,alternating_sign,openmp,mixed_fp32_fp64,2,1919384,0,4,123,456,0.001463944,-244.45298293702695
runtime,alternating_sign,openmp,fp64,2,1919384,0,5,123,456,0.0011490750000000001,-244.4528722318299
runtime,alternating_sign,openmp,mixed_fp32_fp64,2,1919384,0,5,123,456,0.001909708,-244.45298293702695
runtime,alternating_sign,openmp,fp64,2,1919384,0,6,123,456,0.0013692699999999999,-244.4528722318299
runtime,alternating_sign,openmp,mixed_fp32_fp64,2,1919384,0,6,123,456,0.0016697789999999999,-244.45298293702695
runtime,alternating_sign,openmp,fp64,2,1919384,0,7,123,456,0.0011628879999999999,-244.4528722318299
runtime,alternating_sign,openmp,mixed_fp32_fp64,2,1919384,0,7,123,456,0.001497703,-244.45298293702695
runtime,alternating_sign,openmp,fp64,4,1919384,0,0,123,456,0.00079766899999999998,-244.45287223183487
runtime,alternating_sign,openmp,mixed_fp32_fp64,4,1919384,0,0,123,456,0.00083895499999999995,-244.45298293702683
runtime,alternating_sign,openmp,fp64,4,1919384,0,1,123,456,0.000597173,-244.45287223183482
runtime,alternating_sign,openmp,mixed_fp32_fp64,4,1919384,0,1,123,456,0.000744456,-244.45298293702683
runtime,alternating_sign,openmp,fp64,4,1919384,0,2,123,456,0.00046779200000000002,-244.45287223183482
runtime,alternating_sign,openmp,mixed_fp32_fp64,4,1919384,0,2,123,456,0.0011499240000000001,-244.45298293702695
runtime,alternating_sign,openmp,fp64,4,1919384,0,3,123,456,0.00046292600000000001,-244.45287223183482
runtime,alternating_sign,openmp,mixed_fp32_fp64,4,1919384,0,3,123,456,0.00058432999999999998,-244.45298293702683
runtime,alternating_sign,openmp,fp64,4,1919384,0,4,123,456,0.00058619100000000001,-244.45287223183482
runtime,alternating_sign,openmp,mixed_fp32_fp64,4,1919384,0,4,123,456,0.000581907,-244.45298293702683
runtime,alternating_sign,openmp,fp64,4,1919384,0,5,123,456,0.00058415099999999998,-244.45287223183482
runtime,alternating_sign,openmp,mixed_fp32_fp64,4,1919384,0,5,123,456,0.00068132800000000003,-244.45298293702683
runtime,alternating_sign,openmp,fp64,4,1919384,0,6,123,456,0.00040939900000000002,-244.45287223183482
runtime,alternating_sign,openmp,mixed_fp32_fp64,4,1919384,0,6,123,456,0.0019371340000000001,-244.45298293702695
runtime,alternating_sign,openmp,fp64,4,1919384,0,7,123,456,0.00077351600000000003,-244.45287223183482
runtime,alternating_sign,openmp,mixed_fp32_fp64,4,1919384,0,7,123,456,0.000891229,-244.45298293702683
runtime,alternating_sign,openmp,fp64,8,1919384,0,0,123,456,0.016290509000000002,-244.45287223181538
runtime,alternating_sign,openmp,mixed_fp32_fp64,8,1919384,0,0,123,456,0.0083136210000000002,-244.45298293702672
runtime,alternating_sign,openmp,fp64,8,1919384,0,1,123,456,0.012123940999999999,-244.45287223181538
runtime,alternating_sign,openmp,mixed_fp32_fp64,8,1919384,0,1,123,456,0.012448043000000001,-244.45298293702672
runtime,alternating_sign,openmp,fp64,8,1919384,0,2,123,456,0.0080028919999999993,-244.45287223181538
runtime,alternating_sign,openmp,mixed_fp32_fp64,8,1919384,0,2,123,456,0.0074625389999999998,-244.45298293702672
runtime,alternating_sign,openmp,fp64,8,1919384,0,3,123,456,0.0063447349999999998,-244.45287223181532
runtime,alternating_sign,openmp,mixed_fp32_fp64,8,1919384,0,3,123,456,0.0055046030000000003,-244.45298293702672
runtime,alternating_sign,openmp,fp64,8,1919384,0,4,123,456,0.012167602,-244.45287223181538
runtime,alternating_sign,openmp,mixed_fp32_fp64,8,1919384,0,4,123,456,0.015178259,-244.45298293702683
runtime,alternating_sign,openmp,fp64,8,1919384,0,5,123,456,0.02432142,-244.45287223181538
runtime,alternating_sign,openmp,mixed_fp32_fp64,8,1919384,0,5,123,456,0.0057633930000000003,-244.4529829370266
runtime,alternating_sign,openmp,fp64,8,1919384,0,6,123,456,0.0060579329999999997,-244.45287223181526
runtime,alternating_sign,openmp,mixed_fp32_fp64,8,1919384,0,6,123,456,0.0083124429999999992,-244.45298293702672
runtime,alternating_sign,openmp,fp64,8,1919384,0,7,123,456,0.0010148119999999999,-244.45287223181549
runtime,alternating_sign,openmp,mixed_fp32_fp64,8,1919384,0,7,123,456,0.0082670279999999992,-244.45298293702672
runtime,alternating_sign,openmp,fp64,16,1919384,0,0,123,456,0.029559789999999999,-244.45287223180549
runtime,alternating_sign,openmp,mixed_fp32_fp64,16,1919384,0,0,123,456,0.020739223000000001,-244.45298293702666
runtime,alternating_sign,openmp,fp64,16,1919384,0,1,123,456,0.021730840000000001,-244.4528722318056
runtime,alternating_sign,openmp,mixed_fp32_fp64,16,1919384,0,1,123,456,0.022058655999999999,-244.45298293702663
runtime,alternating_sign,openmp,fp64,16,1919384,0,2,123,456,0.021807374000000001,-244.45287223180543
runtime,alternating_sign,openmp,mixed_fp32_fp64,16,1919384,0,2,123,456,0.026541219000000001,-244.45298293702666
runtime,alternating_sign,openmp,fp64,16,1919384,0,3,123,456,0.018763594000000001,-244.4528722318056
runtime,alternating_sign,openmp,mixed_fp32_fp64,16,1919384,0,3,123,456,0.013014398999999999,-244.45298293702675
runtime,alternating_sign,openmp,fp64,16,1919384,0,4,123,456,0.016903801999999999,-244.45287223180549
runtime,alternating_sign,openmp,mixed_fp32_fp64,16,1919384,0,4,123,456,0.016753168999999998,-244.45298293702686
runtime,alternating_sign,openmp,fp64,16,1919384,0,5,123,456,0.022180449000000001,-244.45287223180549
runtime,alternating_sign,openmp,mixed_fp32_fp64,16,1919384,0,5,123,456,0.022215236999999999,-244.45298293702672
runtime,alternating_sign,openmp,fp64,16,1919384,0,6,123,456,0.0063384699999999997,-244.45287223180543
runtime,alternating_sign,openmp,mixed_fp32_fp64,16,1919384,0,6,123,456,0.01966379,-244.45298293702675
runtime,alternating_sign,openmp,fp64,16,1919384,0,7,123,456,0.018217371999999999,-244.45287223180554
runtime,alternating_sign,openmp,mixed_fp32_fp64,16,1919384,0,7,123,456,0.01425673,-244.45298293702672
runtime,alternating_sign,openmp,fp64,22,1919384,0,0,123,456,0.018772684000000001,-244.45287223180964
runtime,alternating_sign,openmp,mixed_fp32_fp64,22,1919384,0,0,123,456,0.022688363,-244.45298293702695
runtime,alternating_sign,openmp,fp64,22,1919384,0,1,123,456,0.029958485999999999,-244.45287223180972
runtime,alternating_sign,openmp,mixed_fp32_fp64,22,1919384,0,1,123,456,0.025213129000000001,-244.45298293702692
runtime,alternating_sign,openmp,fp64,22,1919384,0,2,123,456,0.026604237999999999,-244.45287223180966
runtime,alternating_sign,openmp,mixed_fp32_fp64,22,1919384,0,2,123,456,0.014539425,-244.45298293702692
runtime,alternating_sign,openmp,fp64,22,1919384,0,3,123,456,0.018037807999999999,-244.45287223180944
runtime,alternating_sign,openmp,mixed_fp32_fp64,22,1919384,0,3,123,456,0.020657201,-244.45298293702695
runtime,alternating_sign,openmp,fp64,22,1919384,0,4,123,456,0.025610028999999999,-244.45287223180958
runtime,alternating_sign,openmp,mixed_fp32_fp64,22,1919384,0,4,123,456,0.022152345,-244.45298293702672
runtime,alternating_sign,openmp,fp64,22,1919384,0,5,123,456,0.014965789,-244.45287223180972
runtime,alternating_sign,openmp,mixed_fp32_fp64,22,1919384,0,5,123,456,0.030625982,-244.45298293702689
runtime,alternating_sign,openmp,fp64,22,1919384,0,6,123,456,0.010684111,-244.45287223180955
runtime,alternating_sign,openmp,mixed_fp32_fp64,22,1919384,0,6,123,456,0.016998459,-244.45298293702689
runtime,alternating_sign,openmp,fp64,22,1919384,0,7,123,456,0.020281013000000001,-244.45287223180966
runtime,alternating_sign,openmp,mixed_fp32_fp64,22,1919384,0,7,123,456,0.025944353999999999,-244.4529829370268
runtime,alternating_sign,serial,fp64,,3684032,0,0,123,456,0.0034366039999999998,61.191462689768983
runtime,alternating_sign,serial,mixed_fp32_fp64,,3684032,0,0,123,456,0.0043792630000000004,61.191403434046379
runtime,alternating_sign,serial,fp64,,3684032,0,1,123,456,0.0033491689999999999,61.191462689768983
runtime,alternating_sign,serial,mixed_fp32_fp64,,3684032,0,1,123,456,0.004303795,61.191403434046379
runtime,alternating_sign,serial,fp64,,3684032,0,2,123,456,0.0036173799999999999,61.191462689768983
runtime,alternating_sign,serial,mixed_fp32_fp64,,3684032,0,2,123,456,0.0045258,61.191403434046379
runtime,alternating_sign,serial,fp64,,3684032,0,3,123,456,0.003392848,61.191462689768983
runtime,alternating_sign,serial,mixed_fp32_fp64,,3684032,0,3,123,456,0.0042226779999999997,61.191403434046379
runtime,alternating_sign,serial,fp64,,3684032,0,4,123,456,0.0032496880000000001,61.191462689768983
runtime,alternating_sign,serial,mixed_fp32_fp64,,3684032,0,4,123,456,0.0041633440000000002,61.191403434046379
runtime,alternating_sign,serial,fp64,,3684032,0,5,123,456,0.0033477649999999999,61.191462689768983
runtime,alternating_sign,serial,mixed_fp32_fp64,,3684032,0,5,123,456,0.0042539680000000003,61.191403434046379
runtime,alternating_sign,serial,fp64,,3684032,0,6,123,456,0.003158531,61.191462689768983
runtime,alternating_sign,serial,mixed_fp32_fp64,,3684032,0,6,123,456,0.0041767109999999996,61.191403434046379
runtime,alternating_sign,serial,fp64,,3684032,0,7,123,456,0.0033649079999999998,61.191462689768983
runtime,alternating_sign,serial,mixed_fp32_fp64,,3684032,0,7,123,456,0.0045133949999999999,61.191403434046379
runtime,alternating_sign,openmp,fp64,1,3684032,0,0,123,456,0.0034440849999999999,61.191462689768983
runtime,alternating_sign,openmp,mixed_fp32_fp64,1,3684032,0,0,123,456,0.0046003099999999998,61.191403434046379
runtime,alternating_sign,openmp,fp64,1,3684032,0,1,123,456,0.0033807720000000002,61.191462689768983
runtime,alternating_sign,openmp,mixed_fp32_fp64,1,3684032,0,1,123,456,0.0047781020000000002,61.191403434046379
runtime,alternating_sign,openmp,fp64,1,3684032,0,2,123,456,0.0042903639999999996,61.191462689768983
runtime,alternating_sign,openmp,mixed_fp32_fp64,1,3684032,0,2,123,456,0.0044056080000000001,61.191403434046379
runtime,alternating_sign,openmp,fp64,1,3684032,0,3,123,456,0.0035312080000000001,61.191462689768983
runtime,alternating_sign,openmp,mixed_fp32_fp64,1,3684032,0,3,123,456,0.0045286880000000003,61.191403434046379
runtime,alternating_sign,openmp,fp64,1,3684032,0,4,123,456,0.0044244230000000002,61.191462689768983
runtime,alternating_sign,openmp,mixed_fp32_fp64,1,3684032,0,4,123,456,0.0048902629999999997,61.191403434046379
runtime,alternating_sign,openmp,fp64,1,3684032,0,5,123,456,0.0034845200000000001,61.191462689768983
runtime,alternating_sign,openmp,mixed_fp32_fp64,1,3684032,0,5,123,456,0.0042978920000000002,61.191403434046379
runtime,alternating_sign,openmp,fp64,1,3684032,0,6,123,456,0.0035339310000000001,61.191462689768983
runtime,alternating_sign,openmp,mixed_fp32_fp64,1,3684032,0,6,123,456,0.0059870519999999997,61.191403434046379
runtime,alternating_sign,openmp,fp64,1,3684032,0,7,123,456,0.0032998670000000002,61.191462689768983
runtime,alternating_sign,openmp,mixed_fp32_fp64,1,3684032,0,7,123,456,0.0041742840000000003,61.191403434046379
runtime,alternating_sign,openmp,fp64,2,3684032,0,0,123,456,0.002171615,61.19146268976732
runtime,alternating_sign,openmp,mixed_fp32_fp64,2,3684032,0,0,123,456,0.0087114849999999997,61.19140343404635
runtime,alternating_sign,openmp,fp64,2,3684032,0,1,123,456,0.002780004,61.19146268976732
runtime,alternating_sign,openmp,mixed_fp32_fp64,2,3684032,0,1,123,456,0.0024092779999999999,61.19140343404635
runtime,alternating_sign,openmp,fp64,2,3684032,0,2,123,456,0.002159668,61.19146268976732
runtime,alternating_sign,openmp,mixed_fp32_fp64,2,3684032,0,2,123,456,0.002384831,61.19140343404635
runtime,alternating_sign,openmp,fp64,2,3684032,0,3,123,456,0.0056584230000000001,61.19146268976732
runtime,alternating_sign,openmp,mixed_fp32_fp64,2,3684032,0,3,123,456,0.0028988640000000001,61.19140343404635
runtime,alternating_sign,openmp,fp64,2,3684032,0,4,123,456,0.0020789950000000001,61.19146268976732
runtime,alternating_sign,openmp,mixed_fp32_fp64,2,3684032,0,4,123,456,0.003026637,61.19140343404635
runtime,alternating_sign,openmp,fp64,2,3684032,0,5,123,456,0.0018694720000000001,61.19146268976732
runtime,alternating_sign,openmp,mixed_fp32_fp64,2,3684032,0,5,123,456,0.0023135579999999998,61.19140343404635
runtime,alternating_sign,openmp,fp64,2,3684032,0,6,123,456,0.0018980069999999999,61.19146268976732
runtime,alternating_sign,openmp,mixed_fp32_fp64,2,3684032,0,6,123,456,0.0025396479999999998,61.19140343404635
runtime,alternating_sign,openmp,fp64,2,3684032,0,7,123,456,0.002186262,61.19146268976732
runtime,alternating_sign,openmp,mixed_fp32_fp64,2,3684032,0,7,123,456,0.0027723510000000002,61.19140343404635
runtime,alternating_sign,openmp,fp64,4,3684032,0,0,123,456,0.0024285829999999998,61.191462689775108
runtime,alternating_sign,openmp,mixed_fp32_fp64,4,3684032,0,0,123,456,0.001714276,61.191403434046151
runtime,alternating_sign,openmp,fp64,4,3684032,0,1,123,456,0.001014437,61.191462689775165
runtime,alternating_sign,openmp,mixed_fp32_fp64,4,3684032,0,1,123,456,0.001153725,61.191403434046151
runtime,alternating_sign,openmp,fp64,4,3684032,0,2,123,456,0.0010093999999999999,61.191462689775165
runtime,alternating_sign,openmp,mixed_fp32_fp64,4,3684032,0,2,123,456,0.001149455,61.191403434046151
runtime,alternating_sign,openmp,fp64,4,3684032,0,3,123,456,0.0019735960000000002,61.191462689775108
runtime,alternating_sign,openmp,mixed_fp32_fp64,4,3684032,0,3,123,456,0.0079081759999999994,61.191403434046151
runtime,alternating_sign,openmp,fp64,4,3684032,0,4,123,456,0.002569867,61.191462689775108
runtime,alternating_sign,openmp,mixed_fp32_fp64,4,3684032,0,4,123,456,0.001390322,61.191403434046151
runtime,alternating_sign,openmp,fp64,4,3684032,0,5,123,456,0.0011438640000000001,61.191462689775108
runtime,alternating_sign,openmp,mixed_fp32_fp64,4,3684032,0,5,123,456,0.0089341160000000006,61.191403434046151
runtime,alternating_sign,openmp,fp64,4,3684032,0,6,123,456,0.0013435299999999999,61.191462689775108
runtime,alternating_sign,openmp,mixed_fp32_fp64,4,3684032,0,6,123,456,0.00234403,61.191403434046151
runtime,alternating_sign,openmp,fp64,4,3684032,0,7,123,456,0.0011924590000000001,61.191462689775165
runtime,alternating_sign,openmp,mixed_fp32_fp64,4,3684032,0,7,123,456,0.001359893,61.191403434046151
runtime,alternating_sign,openmp,fp64,8,3684032,0,0,123,456,0.011340808000000001,61.191462689755781
runtime,alternating_sign,openmp,mixed_fp32_fp64,8,3684032,0,0,123,456,0.015267383000000001,61.19140343404672
runtime,alternating_sign,openmp,fp64,8,3684032,0,1,123,456,0.013191728,61.191462689755781
runtime,alternating_sign,openmp,mixed_fp32_fp64,8,3684032,0,1,123,456,0.013175783999999999,61.19140343404672
runtime,alternating_sign,openmp,fp64,8,3684032,0,2,123,456,0.020879413999999999,61.191462689755838
runtime,alternating_sign,openmp,mixed_fp32_fp64,8,3684032,0,2,123,456,0.016189716,61.191403434046663
runtime,alternating_sign,openmp,fp64,8,3684032,0,3,123,456,0.025405088999999999,61.191462689755667
runtime,alternating_sign,openmp,mixed_fp32_fp64,8,3684032,0,3,123,456,0.022238121999999999,61.191403434046578
runtime,alternating_sign,openmp,fp64,8,3684032,0,4,123,456,0.0098626619999999995,61.191462689755895
runtime,alternating_sign,openmp,mixed_fp32_fp64,8,3684032,0,4,123,456,0.017144136000000001,61.19140343404672
runtime,alternating_sign,openmp,fp64,8,3684032,0,5,123,456,0.015015215,61.191462689755895
runtime,alternating_sign,openmp,mixed_fp32_fp64,8,3684032,0,5,123,456,0.016124455999999999,61.191403434046663
runtime,alternating_sign,openmp,fp64,8,3684032,0,6,123,456,0.016816912,61.191462689755781
runtime,alternating_sign,openmp,mixed_fp32_fp64,8,3684032,0,6,123,456,0.013849475999999999,61.191403434046606
runtime,alternating_sign,openmp,fp64,8,3684032,0,7,123,456,0.010498145,61.191462689755781
runtime,alternating_sign,openmp,mixed_fp32_fp64,8,3684032,0,7,123,456,0.0018342479999999999,61.19140343404672
runtime,alternating_sign,openmp,fp64,16,3684032,0,0,123,456,0.026177845000000002,61.191462689778177
runtime,alternating_sign,openmp,mixed_fp32_fp64,16,3684032,0,0,123,456,0.032306300000000003,61.19140343404672
runtime,alternating_sign,openmp,fp64,16,3684032,0,1,123,456,0.015603942000000001,61.191462689778177
runtime,alternating_sign,openmp,mixed_fp32_fp64,16,3684032,0,1,123,456,0.024004582,61.191403434046549
runtime,alternating_sign,openmp,fp64,16,3684032,0,2,123,456,0.024218554999999999,61.191462689778177
runtime,alternating_sign,openmp,mixed_fp32_fp64,16,3684032,0,2,123,456,0.023416517000000001,61.191403434046606
runtime,alternating_sign,openmp,fp64,16,3684032,0,3,123,456,0.020201172,61.191462689778177
runtime,alternating_sign,openmp,mixed_fp32_fp64,16,3684032,0,3,123,456,0.024543908999999999,61.191403434046549
runtime,alternating_sign,openmp,fp64,16,3684032,0,4,123,456,0.023811282999999999,61.191462689778291
runtime,alternating_sign,openmp,mixed_fp32_fp64,16,3684032,0,4,123,456,0.020457365000000002,61.191403434046606
runtime,alternating_sign,openmp,fp64,16,3684032,0,5,123,456,0.020696009000000001,61.19146268977795
runtime,alternating_sign,openmp,mixed_fp32_fp64,16,3684032,0,5,123,456,0.013108603999999999,61.191403434046549
runtime,alternating_sign,openmp,fp64,16,3684032,0,6,123,456,0.022289399000000001,61.191462689778291
runtime,alternating_sign,openmp,mixed_fp32_fp64,16,3684032,0,6,123,456,0.015482009,61.191403434046606
runtime,alternating_sign,openmp,fp64,16,3684032,0,7,123,456,0.022388314999999999,61.19146268977812
runtime,alternating_sign,openmp,mixed_fp32_fp64,16,3684032,0,7,123,456,0.019635351999999998,61.191403434046606
runtime,alternating_sign,openmp,fp64,22,3684032,0,0,123,456,0.020167543,61.191462689778234
runtime,alternating_sign,openmp,mixed_fp32_fp64,22,3684032,0,0,123,456,0.024246558000000001,61.191403434046521
runtime,alternating_sign,openmp,fp64,22,3684032,0,1,123,456,0.038463229000000002,61.191462689778213
runtime,alternating_sign,openmp,mixed_fp32_fp64,22,3684032,0,1,123,456,0.0278354,61.191403434046549
runtime,alternating_sign,openmp,fp64,22,3684032,0,2,123,456,0.020516724,61.191462689778348
runtime,alternating_sign,openmp,mixed_fp32_fp64,22,3684032,0,2,123,456,0.025014958,61.191403434046549
runtime,alternating_sign,openmp,fp64,22,3684032,0,3,123,456,0.016739046,61.19146268977812
runtime,alternating_sign,openmp,mixed_fp32_fp64,22,3684032,0,3,123,456,0.024157456000000001,61.191403434046492
runtime,alternating_sign,openmp,fp64,22,3684032,0,4,123,456,0.025170946999999999,61.191462689778291
runtime,alternating_sign,openmp,mixed_fp32_fp64,22,3684032,0,4,123,456,0.028377704,61.191403434046521
runtime,alternating_sign,openmp,fp64,22,3684032,0,5,123,456,0.021505417999999998,61.191462689778128
runtime,alternating_sign,openmp,mixed_fp32_fp64,22,3684032,0,5,123,456,0.011900681999999999,61.191403434046521
runtime,alternating_sign,openmp,fp64,22,3684032,0,6,123,456,0.01991915,61.191462689778177
runtime,alternating_sign,openmp,mixed_fp32_fp64,22,3684032,0,6,123,456,0.018578812,61.191403434046606
runtime,alternating_sign,openmp,fp64,22,3684032,0,7,123,456,0.017360725,61.191462689778007
runtime,alternating_sign,openmp,mixed_fp32_fp64,22,3684032,0,7,123,456,0.021103136000000002,61.191403434046435
runtime,alternating_sign,serial,fp64,,7071068,0,0,123,456,0.0065158289999999999,-256.33001016594767
runtime,alternating_sign,serial,mixed_fp32_fp64,,7071068,0,0,123,456,0.0085877829999999999,-256.33012836085231
runtime,alternating_sign,serial,fp64,,7071068,0,1,123,456,0.0061881009999999997,-256.33001016594767
runtime,alternating_sign,serial,mixed_fp32_fp64,,7071068,0,1,123,456,0.007268048,-256.33012836085231
runtime,alternating_sign,serial,fp64,,7071068,0,2,123,456,0.0061350099999999998,-256.33001016594767
runtime,alternating_sign,serial,mixed_fp32_fp64,,7071068,0,2,123,456,0.0071447100000000003,-256.33012836085231
runtime,alternating_sign,serial,fp64,,7071068,0,3,123,456,0.0062694730000000002,-256.33001016594767
runtime,alternating_sign,serial,mixed_fp32_fp64,,7071068,0,3,123,456,0.0073527250000000001,-256.33012836085231
runtime,alternating_sign,serial,fp64,,7071068,0,4,123,456,0.0064694160000000004,-256.33001016594767
runtime,alternating_sign,serial,mixed_fp32_fp64,,7071068,0,4,123,456,0.007363067,-256.33012836085231
runtime,alternating_sign,serial,fp64,,7071068,0,5,123,456,0.007396606,-256.33001016594767
runtime,alternating_sign,serial,mixed_fp32_fp64,,7071068,0,5,123,456,0.0073518530000000002,-256.33012836085231
runtime,alternating_sign,serial,fp64,,7071068,0,6,123,456,0.0071240039999999998,-256.33001016594767
runtime,alternating_sign,serial,mixed_fp32_fp64,,7071068,0,6,123,456,0.0071982039999999997,-256.33012836085231
runtime,alternating_sign,serial,fp64,,7071068,0,7,123,456,0.0060966370000000002,-256.33001016594767
runtime,alternating_sign,serial,mixed_fp32_fp64,,7071068,0,7,123,456,0.008578568,-256.33012836085231
runtime,alternating_sign,openmp,fp64,1,7071068,0,0,123,456,0.0064163199999999997,-256.33001016594767
runtime,alternating_sign,openmp,mixed_fp32_fp64,1,7071068,0,0,123,456,0.010470283,-256.33012836085231
runtime,alternating_sign,openmp,fp64,1,7071068,0,1,123,456,0.0062090610000000001,-256.33001016594767
runtime,alternating_sign,openmp,mixed_fp32_fp64,1,7071068,0,1,123,456,0.007005084,-256.33012836085231
runtime,alternating_sign,openmp,fp64,1,7071068,0,2,123,456,0.0076305519999999996,-256.33001016594767
runtime,alternating_sign,openmp,mixed_fp32_fp64,1,7071068,0,2,123,456,0.0081360800000000004,-256.33012836085231
runtime,alternating_sign,openmp,fp64,1,7071068,0,3,123,456,0.015886425999999999,-256.33001016594767
runtime,alternating_sign,openmp,mixed_fp32_fp64,1,7071068,0,3,123,456,0.0078034769999999996,-256.33012836085231
runtime,alternating_sign,openmp,fp64,1,7071068,0,4,123,456,0.014332375,-256.33001016594767
runtime,alternating_sign,openmp,mixed_fp32_fp64,1,7071068,0,4,123,456,0.0078669310000000006,-256.33012836085231
runtime,alternating_sign,openmp,fp64,1,7071068,0,5,123,456,0.0072464130000000002,-256.33001016594767
runtime,alternating_sign,openmp,mixed_fp32_fp64,1,7071068,0,5,123,456,0.0075097580000000001,-256.33012836085231
runtime,alternating_sign,openmp,fp64,1,7071068,0,6,123,456,0.013370238,-256.33001016594767
runtime,alternating_sign,openmp,mixed_fp32_fp64,1,7071068,0,6,123,456,0.0074695600000000001,-256.33012836085231
runtime,alternating_sign,openmp,fp64,1,7071068,0,7,123,456,0.0067628840000000003,-256.33001016594767
runtime,alternating_sign,openmp,mixed_fp32_fp64,1,7071068,0,7,123,456,0.01212885,-256.33012836085231
runtime,alternating_sign,openmp,fp64,2,7071068,0,0,123,456,0.011262506,-256.33001016565868
runtime,alternating_sign,openmp,mixed_fp32_fp64,2,7071068,0,0,123,456,0.0073931939999999996,-256.33012836085095
runtime,alternating_sign,openmp,fp64,2,7071068,0,1,123,456,0.0039880510000000003,-256.33001016565868
runtime,alternating_sign,openmp,mixed_fp32_fp64,2,7071068,0,1,123,456,0.0043906209999999999,-256.33012836085095
runtime,alternating_sign,openmp,fp64,2,7071068,0,2,123,456,0.0035563040000000001,-256.33001016565868
runtime,alternating_sign,openmp,mixed_fp32_fp64,2,7071068,0,2,123,456,0.0046381410000000001,-256.33012836085095
runtime,alternating_sign,openmp,fp64,2,7071068,0,3,123,456,0.003587074,-256.33001016565868
runtime,alternating_sign,openmp,mixed_fp32_fp64,2,7071068,0,3,123,456,0.0040477480000000003,-256.33012836085095
runtime,alternating_sign,openmp,fp64,2,7071068,0,4,123,456,0.0034743,-256.33001016565868
runtime,alternating_sign,openmp,mixed_fp32_fp64,2,7071068,0,4,123,456,0.0041819609999999997,-256.33012836085095
runtime,alternating_sign,openmp,fp64,2,7071068,0,5,123,456,0.004517872,-256.33001016565868
runtime,alternating_sign,openmp,mixed_fp32_fp64,2,7071068,0,5,123,456,0.0038890050000000001,-256.33012836085095
runtime,alternating_sign,openmp,fp64,2,7071068,0,6,123,456,0.0033663730000000002,-256.33001016565868
runtime,alternating_sign,openmp,mixed_fp32_fp64,2,7071068,0,6,123,456,0.0046395439999999998,-256.33012836085095
runtime,alternating_sign,openmp,fp64,2,7071068,0,7,123,456,0.003752324,-256.33001016565868
runtime,alternating_sign,openmp,mixed_fp32_fp64,2,7071068,0,7,123,456,0.0040157200000000004,-256.33012836085095
runtime,alternating_sign,openmp,fp64,4,7071068,0,0,123,456,0.0030450809999999998,-256.33001016581602
runtime,alternating_sign,openmp,mixed_fp32_fp64,4,7071068,0,0,123,456,0.0032073750000000002,-256.33012836085118
runtime,alternating_sign,openmp,fp64,4,7071068,0,1,123,456,0.002497797,-256.33001016581608
runtime,alternating_sign,openmp,mixed_fp32_fp64,4,7071068,0,1,123,456,0.0032340799999999999,-256.33012836085106
runtime,alternating_sign,openmp,fp64,4,7071068,0,2,123,456,0.002358672,-256.33001016581613
runtime,alternating_sign,openmp,mixed_fp32_fp64,4,7071068,0,2,123,456,0.002610546,-256.33012836085106
runtime,alternating_sign,openmp,fp64,4,7071068,0,3,123,456,0.0023809199999999999,-256.33001016581602
runtime,alternating_sign,openmp,mixed_fp32_fp64,4,7071068,0,3,123,456,0.0024207389999999999,-256.33012836085095
runtime,alternating_sign,openmp,fp64,4,7071068,0,4,123,456,0.0020959479999999998,-256.33001016581613
runtime,alternating_sign,openmp,mixed_fp32_fp64,4,7071068,0,4,123,456,0.0022899690000000002,-256.33012836085106
runtime,alternating_sign,openmp,fp64,4,7071068,0,5,123,456,0.002045491,-256.33001016581613
runtime,alternating_sign,openmp,mixed_fp32_fp64,4,7071068,0,5,123,456,0.0029961079999999999,-256.33012836085118
runtime,alternating_sign,openmp,fp64,4,7071068,0,6,123,456,0.002419966,-256.33001016581613
runtime,alternating_sign,openmp,mixed_fp32_fp64,4,7071068,0,6,123,456,0.0029384849999999998,-256.33012836085106
runtime,alternating_sign,openmp,fp64,4,7071068,0,7,123,456,0.0024452670000000001,-256.33001016581602
runtime,alternating_sign,openmp,mixed_fp32_fp64,4,7071068,0,7,123,456,0.0024701359999999999,-256.33012836085106
runtime,alternating_sign,openmp,fp64,8,7071068,0,0,123,456,0.022894976000000001,-256.33001016587741
runtime,alternating_sign,openmp,mixed_fp32_fp64,8,7071068,0,0,123,456,0.0076977900000000004,-256.3301283608514
runtime,alternating_sign,openmp,fp64,8,7071068,0,1,123,456,0.0091201200000000007,-256.33001016587752
runtime,alternating_sign,openmp,mixed_fp32_fp64,8,7071068,0,1,123,456,0.011720258000000001,-256.33012836085118
runtime,alternating_sign,openmp,fp64,8,7071068,0,2,123,456,0.015750586,-256.33001016587747
runtime,alternating_sign,openmp,mixed_fp32_fp64,8,7071068,0,2,123,456,0.0079037900000000008,-256.3301283608514
runtime,alternating_sign,openmp,fp64,8,7071068,0,3,123,456,0.005177124,-256.33001016587747
runtime,alternating_sign,openmp,mixed_fp32_fp64,8,7071068,0,3,123,456,0.013137071,-256.3301283608514
runtime,alternating_sign,openmp,fp64,8,7071068,0,4,123,456,0.011193217,-256.3300101658773
runtime,alternating_sign,openmp,mixed_fp32_fp64,8,7071068,0,4,123,456,0.012443221000000001,-256.3301283608514
runtime,alternating_sign,openmp,fp64,8,7071068,0,5,123,456,0.0114441,-256.33001016587752
runtime,alternating_sign,openmp,mixed_fp32_fp64,8,7071068,0,5,123,456,0.0060839040000000002,-256.3301283608514
runtime,alternating_sign,openmp,fp64,8,7071068,0,6,123,456,0.017055437,-256.33001016587741
runtime,alternating_sign,openmp,mixed_fp32_fp64,8,7071068,0,6,123,456,0.0059107910000000003,-256.3301283608514
runtime,alternating_sign,openmp,fp64,8,7071068,0,7,123,456,0.0041057649999999999,-256.33001016587735
runtime,alternating_sign,openmp,mixed_fp32_fp64,8,7071068,0,7,123,456,0.01001613,-256.3301283608514
runtime,alternating_sign,openmp,fp64,16,7071068,0,0,123,456,0.034295247000000001,-256.33001016596012
runtime,alternating_sign,openmp,mixed_fp32_fp64,16,7071068,0,0,123,456,0.026597433,-256.3301283608518
runtime,alternating_sign,openmp,fp64,16,7071068,0,1,123,456,0.015919147000000002,-256.33001016596006
runtime,alternating_sign,openmp,mixed_fp32_fp64,16,7071068,0,1,123,456,0.020968763000000001,-256.33012836085186
runtime,alternating_sign,openmp,fp64,16,7071068,0,2,123,456,0.031296189000000002,-256.33001016596029
runtime,alternating_sign,openmp,mixed_fp32_fp64,16,7071068,0,2,123,456,0.01525864,-256.33012836085192
runtime,alternating_sign,openmp,fp64,16,7071068,0,3,123,456,0.026045348999999999,-256.33001016595995
runtime,alternating_sign,openmp,mixed_fp32_fp64,16,7071068,0,3,123,456,0.023949460999999998,-256.33012836085186
runtime,alternating_sign,openmp,fp64,16,7071068,0,4,123,456,0.021069401000000001,-256.33001016595995
runtime,alternating_sign,openmp,mixed_fp32_fp64,16,7071068,0,4,123,456,0.021157945000000001,-256.33012836085186
runtime,alternating_sign,openmp,fp64,16,7071068,0,5,123,456,0.027683453,-256.33001016596012
runtime,alternating_sign,openmp,mixed_fp32_fp64,16,7071068,0,5,123,456,0.012980624,-256.33012836085186
runtime,alternating_sign,openmp,fp64,16,7071068,0,6,123,456,0.0094438620000000008,-256.33001016596018
runtime,alternating_sign,openmp,mixed_fp32_fp64,16,7071068,0,6,123,456,0.020914802999999999,-256.33012836085186
runtime,alternating_sign,openmp,fp64,16,7071068,0,7,123,456,0.019806837000000001,-256.33001016596023
runtime,alternating_sign,openmp,mixed_fp32_fp64,16,7071068,0,7,123,456,0.015807526999999998,-256.3301283608518
runtime,alternating_sign,openmp,fp64,22,7071068,0,0,123,456,0.028257203000000002,-256.33001016591106
runtime,alternating_sign,openmp,mixed_fp32_fp64,22,7071068,0,0,123,456,0.055311531999999997,-256.33012836085243
runtime,alternating_sign,openmp,fp64,22,7071068,0,1,123,456,0.014056782,-256.33001016591112
runtime,alternating_sign,openmp,mixed_fp32_fp64,22,7071068,0,1,123,456,0.024383189,-256.33012836085226
runtime,alternating_sign,openmp,fp64,22,7071068,0,2,123,456,0.029017211000000001,-256.33001016591089
runtime,alternating_sign,openmp,mixed_fp32_fp64,22,7071068,0,2,123,456,0.045913350999999998,-256.33012836085248
runtime,alternating_sign,openmp,fp64,22,7071068,0,3,123,456,0.017327950000000002,-256.33001016591106
runtime,alternating_sign,openmp,mixed_fp32_fp64,22,7071068,0,3,123,456,0.02688339,-256.33012836085231
runtime,alternating_sign,openmp,fp64,22,7071068,0,4,123,456,0.027118573,-256.33001016591089
runtime,alternating_sign,openmp,mixed_fp32_fp64,22,7071068,0,4,123,456,0.016731863999999999,-256.33012836085237
runtime,alternating_sign,openmp,fp64,22,7071068,0,5,123,456,0.024726169999999999,-256.33001016591101
runtime,alternating_sign,openmp,mixed_fp32_fp64,22,7071068,0,5,123,456,0.028439748000000001,-256.33012836085163
runtime,alternating_sign,openmp,fp64,22,7071068,0,6,123,456,0.010398208000000001,-256.33001016591101
runtime,alternating_sign,openmp,mixed_fp32_fp64,22,7071068,0,6,123,456,0.016257530999999999,-256.3301283608526
runtime,alternating_sign,openmp,fp64,22,7071068,0,7,123,456,0.014619231,-256.33001016591123
runtime,alternating_sign,openmp,mixed_fp32_fp64,22,7071068,0,7,123,456,0.017876823999999999,-256.3301283608522
runtime,alternating_sign,serial,fp64,,13572088,0,0,123,456,0.012599363000000001,-696.6628856115251
runtime,alternating_sign,serial,mixed_fp32_fp64,,13572088,0,0,123,456,0.016522839000000001,-696.662980415996
runtime,alternating_sign,serial,fp64,,13572088,0,1,123,456,0.012943715999999999,-696.6628856115251
runtime,alternating_sign,serial,mixed_fp32_fp64,,13572088,0,1,123,456,0.015402786999999999,-696.662980415996
runtime,alternating_sign,serial,fp64,,13572088,0,2,123,456,0.013496286,-696.6628856115251
runtime,alternating_sign,serial,mixed_fp32_fp64,,13572088,0,2,123,456,0.013660877,-696.662980415996
runtime,alternating_sign,serial,fp64,,13572088,0,3,123,456,0.011627670999999999,-696.6628856115251
runtime,alternating_sign,serial,mixed_fp32_fp64,,13572088,0,3,123,456,0.01301093,-696.662980415996
runtime,alternating_sign,serial,fp64,,13572088,0,4,123,456,0.011591831,-696.6628856115251
runtime,alternating_sign,serial,mixed_fp32_fp64,,13572088,0,4,123,456,0.013297435,-696.662980415996
runtime,alternating_sign,serial,fp64,,13572088,0,5,123,456,0.011720662,-696.6628856115251
runtime,alternating_sign,serial,mixed_fp32_fp64,,13572088,0,5,123,456,0.013471612000000001,-696.662980415996
runtime,alternating_sign,serial,fp64,,13572088,0,6,123,456,0.011087552000000001,-696.6628856115251
runtime,alternating_sign,serial,mixed_fp32_fp64,,13572088,0,6,123,456,0.016180702000000002,-696.662980415996
runtime,alternating_sign,serial,fp64,,13572088,0,7,123,456,0.013818049000000001,-696.6628856115251
runtime,alternating_sign,serial,mixed_fp32_fp64,,13572088,0,7,123,456,0.025504384000000001,-696.662980415996
runtime,alternating_sign,openmp,fp64,1,13572088,0,0,123,456,0.011568892000000001,-696.6628856115251
runtime,alternating_sign,openmp,mixed_fp32_fp64,1,13572088,0,0,123,456,0.013198118999999999,-696.662980415996
runtime,alternating_sign,openmp,fp64,1,13572088,0,1,123,456,0.011759197000000001,-696.6628856115251
runtime,alternating_sign,openmp,mixed_fp32_fp64,1,13572088,0,1,123,456,0.013272604,-696.662980415996
runtime,alternating_sign,openmp,fp64,1,13572088,0,2,123,456,0.011538278000000001,-696.6628856115251
runtime,alternating_sign,openmp,mixed_fp32_fp64,1,13572088,0,2,123,456,0.013020459999999999,-696.662980415996
runtime,alternating_sign,openmp,fp64,1,13572088,0,3,123,456,0.011355700999999999,-696.6628856115251
runtime,alternating_sign,openmp,mixed_fp32_fp64,1,13572088,0,3,123,456,0.013772103000000001,-696.662980415996
runtime,alternating_sign,openmp,fp64,1,13572088,0,4,123,456,0.011824092,-696.6628856115251
runtime,alternating_sign,openmp,mixed_fp32_fp64,1,13572088,0,4,123,456,0.012988090000000001,-696.662980415996
runtime,alternating_sign,openmp,fp64,1,13572088,0,5,123,456,0.015183523000000001,-696.6628856115251
runtime,alternating_sign,openmp,mixed_fp32_fp64,1,13572088,0,5,123,456,0.015856685999999998,-696.662980415996
runtime,alternating_sign,openmp,fp64,1,13572088,0,6,123,456,0.011537475,-696.6628856115251
runtime,alternating_sign,openmp,mixed_fp32_fp64,1,13572088,0,6,123,456,0.013226628000000001,-696.662980415996
runtime,alternating_sign,openmp,fp64,1,13572088,0,7,123,456,0.011165197,-696.6628856115251
runtime,alternating_sign,openmp,mixed_fp32_fp64,1,13572088,0,7,123,456,0.013510174999999999,-696.662980415996
runtime,alternating_sign,openmp,fp64,2,13572088,0,0,123,456,0.0089263840000000007,-696.66288561158547
runtime,alternating_sign,openmp,mixed_fp32_fp64,2,13572088,0,0,123,456,0.017901569999999999,-696.66298041599816
runtime,alternating_sign,openmp,fp64,2,13572088,0,1,123,456,0.013556581999999999,-696.66288561158547
runtime,alternating_sign,openmp,mixed_fp32_fp64,2,13572088,0,1,123,456,0.018144829000000001,-696.66298041599816
runtime,alternating_sign,openmp,fp64,2,13572088,0,2,123,456,0.0095535780000000001,-696.66288561158547
runtime,alternating_sign,openmp,mixed_fp32_fp64,2,13572088,0,2,123,456,0.010102857,-696.66298041599816
runtime,alternating_sign,openmp,fp64,2,13572088,0,3,123,456,0.021856686,-696.66288561158547
runtime,alternating_sign,openmp,mixed_fp32_fp64,2,13572088,0,3,123,456,0.0079996310000000001,-696.66298041599816
runtime,alternating_sign,openmp,fp64,2,13572088,0,4,123,456,0.014917769000000001,-696.66288561158547
runtime,alternating_sign,openmp,mixed_fp32_fp64,2,13572088,0,4,123,456,0.011843688,-696.66298041599816
runtime,alternating_sign,openmp,fp64,2,13572088,0,5,123,456,0.011320288,-696.66288561158547
runtime,alternating_sign,openmp,mixed_fp32_fp64,2,13572088,0,5,123,456,0.0081877789999999992,-696.66298041599816
runtime,alternating_sign,openmp,fp64,2,13572088,0,6,123,456,0.0069542299999999996,-696.66288561158547
runtime,alternating_sign,openmp,mixed_fp32_fp64,2,13572088,0,6,123,456,0.0080730960000000001,-696.66298041599816
runtime,alternating_sign,openmp,fp64,2,13572088,0,7,123,456,0.0066885929999999996,-696.66288561158547
runtime,alternating_sign,openmp,mixed_fp32_fp64,2,13572088,0,7,123,456,0.0086473799999999997,-696.66298041599816
runtime,alternating_sign,openmp,fp64,4,13572088,0,0,123,456,0.012958206999999999,-696.66288561138094
runtime,alternating_sign,openmp,mixed_fp32_fp64,4,13572088,0,0,123,456,0.013215687,-696.66298041599703
runtime,alternating_sign,openmp,fp64,4,13572088,0,1,123,456,0.020289844000000001,-696.66288561138094
runtime,alternating_sign,openmp,mixed_fp32_fp64,4,13572088,0,1,123,456,0.0058376269999999997,-696.66298041599703
runtime,alternating_sign,openmp,fp64,4,13572088,0,2,123,456,0.0070108779999999999,-696.66288561138094
runtime,alternating_sign,openmp,mixed_fp32_fp64,4,13572088,0,2,123,456,0.0073142570000000002,-696.66298041599703
runtime,alternating_sign,openmp,fp64,4,13572088,0,3,123,456,0.0051167679999999998,-696.66288561138094
runtime,alternating_sign,openmp,mixed_fp32_fp64,4,13572088,0,3,123,456,0.0059858810000000002,-696.66298041599703
runtime,alternating_sign,openmp,fp64,4,13572088,0,4,123,456,0.0045216470000000002,-696.66288561138094
runtime,alternating_sign,openmp,mixed_fp32_fp64,4,13572088,0,4,123,456,0.0046647599999999996,-696.66298041599703
runtime,alternating_sign,openmp,fp64,4,13572088,0,5,123,456,0.004291736,-696.66288561138094
runtime,alternating_sign,openmp,mixed_fp32_fp64,4,13572088,0,5,123,456,0.004818368,-696.66298041599703
runtime,alternating_sign,openmp,fp64,4,13572088,0,6,123,456,0.0042126899999999998,-696.66288561138094
runtime,alternating_sign,openmp,mixed_fp32_fp64,4,13572088,0,6,123,456,0.0044052459999999998,-696.66298041599703
runtime,alternating_sign,openmp,fp64,4,13572088,0,7,123,456,0.004460777,-696.66288561138094
runtime,alternating_sign,openmp,mixed_fp32_fp64,4,13572088,0,7,123,456,0.0046040170000000002,-696.66298041599703
runtime,alternating_sign,openmp,fp64,8,13572088,0,0,123,456,0.015735849,-696.66288561163822
runtime,alternating_sign,openmp,mixed_fp32_fp64,8,13572088,0,0,123,456,0.014965061999999999,-696.66298041599566
runtime,alternating_sign,openmp,fp64,8,13572088,0,1,123,456,0.018435610000000002,-696.66288561163833
runtime,alternating_sign,openmp,mixed_fp32_fp64,8,13572088,0,1,123,456,0.011244641999999999,-696.66298041599566
runtime,alternating_sign,openmp,fp64,8,13572088,0,2,123,456,0.011509139999999999,-696.6628856116381
runtime,alternating_sign,openmp,mixed_fp32_fp64,8,13572088,0,2,123,456,0.0092356190000000005,-696.66298041599555
runtime,alternating_sign,openmp,fp64,8,13572088,0,3,123,456,0.016024732,-696.66288561163822
runtime,alternating_sign,openmp,mixed_fp32_fp64,8,13572088,0,3,123,456,0.014093415,-696.66298041599555
runtime,alternating_sign,openmp,fp64,8,13572088,0,4,123,456,0.010152372999999999,-696.6628856116381
runtime,alternating_sign,openmp,mixed_fp32_fp64,8,13572088,0,4,123,456,0.016985474,-696.66298041599543
runtime,alternating_sign,openmp,fp64,8,13572088,0,5,123,456,0.010935869000000001,-696.66288561163856
runtime,alternating_sign,openmp,mixed_fp32_fp64,8,13572088,0,5,123,456,0.0086242209999999996,-696.66298041599555
runtime,alternating_sign,openmp,fp64,8,13572088,0,6,123,456,0.0068058629999999997,-696.66288561163833
runtime,alternating_sign,openmp,mixed_fp32_fp64,8,13572088,0,6,123,456,0.0067270999999999997,-696.66298041599543
runtime,alternating_sign,openmp,fp64,8,13572088,0,7,123,456,0.013116243,-696.66288561163833
runtime,alternating_sign,openmp,mixed_fp32_fp64,8,13572088,0,7,123,456,0.0063410749999999998,-696.66298041599566
runtime,alternating_sign,openmp,fp64,16,13572088,0,0,123,456,0.031413095000000002,-696.66288561159058
runtime,alternating_sign,openmp,mixed_fp32_fp64,16,13572088,0,0,123,456,0.027943928,-696.66298041599771
runtime,alternating_sign,openmp,fp64,16,13572088,0,1,123,456,0.019095033000000001,-696.66288561159035
runtime,alternating_sign,openmp,mixed_fp32_fp64,16,13572088,0,1,123,456,0.029446710000000001,-696.66298041599725
runtime,alternating_sign,openmp,fp64,16,13572088,0,2,123,456,0.016199353,-696.66288561159058
runtime,alternating_sign,openmp,mixed_fp32_fp64,16,13572088,0,2,123,456,0.020715313999999999,-696.66298041599725
runtime,alternating_sign,openmp,fp64,16,13572088,0,3,123,456,0.017219267,-696.66288561159035
runtime,alternating_sign,openmp,mixed_fp32_fp64,16,13572088,0,3,123,456,0.018432323,-696.66298041599703
runtime,alternating_sign,openmp,fp64,16,13572088,0,4,123,456,0.015580808,-696.66288561159058
runtime,alternating_sign,openmp,mixed_fp32_fp64,16,13572088,0,4,123,456,0.018868392000000001,-696.66298041599748
runtime,alternating_sign,openmp,fp64,16,13572088,0,5,123,456,0.023143990999999999,-696.66288561159058
runtime,alternating_sign,openmp,mixed_fp32_fp64,16,13572088,0,5,123,456,0.014625209,-696.66298041599725
runtime,alternating_sign,openmp,fp64,16,13572088,0,6,123,456,0.021308425999999998,-696.66288561159035
runtime,alternating_sign,openmp,mixed_fp32_fp64,16,13572088,0,6,123,456,0.013420820999999999,-696.66298041599748
runtime,alternating_sign,openmp,fp64,16,13572088,0,7,123,456,0.026237429999999999,-696.66288561159035
runtime,alternating_sign,openmp,mixed_fp32_fp64,16,13572088,0,7,123,456,0.027344532000000001,-696.66298041599748
runtime,alternating_sign,openmp,fp64,22,13572088,0,0,123,456,0.037909764999999998,-696.6628856115185
runtime,alternating_sign,openmp,mixed_fp32_fp64,22,13572088,0,0,123,456,0.022337352000000001,-696.66298041599691
runtime,alternating_sign,openmp,fp64,22,13572088,0,1,123,456,0.044343184000000001,-696.66288561151828
runtime,alternating_sign,openmp,mixed_fp32_fp64,22,13572088,0,1,123,456,0.035167037999999998,-696.66298041599657
runtime,alternating_sign,openmp,fp64,22,13572088,0,2,123,456,0.021127527,-696.66288561151862
runtime,alternating_sign,openmp,mixed_fp32_fp64,22,13572088,0,2,123,456,0.014146234000000001,-696.66298041599669
runtime,alternating_sign,openmp,fp64,22,13572088,0,3,123,456,0.030856756999999999,-696.6628856115185
runtime,alternating_sign,openmp,mixed_fp32_fp64,22,13572088,0,3,123,456,0.031342487000000002,-696.66298041599646
runtime,alternating_sign,openmp,fp64,22,13572088,0,4,123,456,0.025881930000000001,-696.66288561151816
runtime,alternating_sign,openmp,mixed_fp32_fp64,22,13572088,0,4,123,456,0.042283851999999997,-696.66298041599623
runtime,alternating_sign,openmp,fp64,22,13572088,0,5,123,456,0.035268319999999999,-696.66288561151816
runtime,alternating_sign,openmp,mixed_fp32_fp64,22,13572088,0,5,123,456,0.022440358000000001,-696.66298041599646
runtime,alternating_sign,openmp,fp64,22,13572088,0,6,123,456,0.033937172000000002,-696.6628856115185
runtime,alternating_sign,openmp,mixed_fp32_fp64,22,13572088,0,6,123,456,0.016105820999999999,-696.66298041599646
runtime,alternating_sign,openmp,fp64,22,13572088,0,7,123,456,0.014058500999999999,-696.66288561151782
runtime,alternating_sign,openmp,mixed_fp32_fp64,22,13572088,0,7,123,456,0.032165741999999997,-696.66298041599612
runtime,alternating_sign,serial,fp64,,26050038,0,0,123,456,0.034270061999999997,1403.6888064108607
runtime,alternating_sign,serial,mixed_fp32_fp64,,26050038,0,0,123,456,0.026297784000000001,1403.6890167303616
runtime,alternating_sign,serial,fp64,,26050038,0,1,123,456,0.02351263,1403.6888064108607
runtime,alternating_sign,serial,mixed_fp32_fp64,,26050038,0,1,123,456,0.025651681999999999,1403.6890167303616
runtime,alternating_sign,serial,fp64,,26050038,0,2,123,456,0.030560226999999999,1403.6888064108607
runtime,alternating_sign,serial,mixed_fp32_fp64,,26050038,0,2,123,456,0.037816661000000001,1403.6890167303616
runtime,alternating_sign,serial,fp64,,26050038,0,3,123,456,0.039052123000000001,1403.6888064108607
runtime,alternating_sign,serial,mixed_fp32_fp64,,26050038,0,3,123,456,0.034302871999999998,1403.6890167303616
runtime,alternating_sign,serial,fp64,,26050038,0,4,123,456,0.025604689999999999,1403.6888064108607
runtime,alternating_sign,serial,mixed_fp32_fp64,,26050038,0,4,123,456,0.026707041000000001,1403.6890167303616
runtime,alternating_sign,serial,fp64,,26050038,0,5,123,456,0.024162685999999999,1403.6888064108607
runtime,alternating_sign,serial,mixed_fp32_fp64,,26050038,0,5,123,456,0.026180218000000002,1403.6890167303616
runtime,alternating_sign,serial,fp64,,26050038,0,6,123,456,0.025389044,1403.6888064108607
runtime,alternating_sign,serial,mixed_fp32_fp64,,26050038,0,6,123,456,0.027441565000000001,1403.6890167303616
runtime,alternating_sign,serial,fp64,,26050038,0,7,123,456,0.029225950000000001,1403.6888064108607
runtime,alternating_sign,serial,mixed_fp32_fp64,,26050038,0,7,123,456,0.026449931999999999,1403.6890167303616
runtime,alternating_sign,openmp,fp64,1,26050038,0,0,123,456,0.024501274,1403.6888064108607
runtime,alternating_sign,openmp,mixed_fp32_fp64,1,26050038,0,0,123,456,0.032824352000000001,1403.6890167303616
runtime,alternating_sign,openmp,fp64,1,26050038,0,1,123,456,0.033991709000000002,1403.6888064108607
runtime,alternating_sign,openmp,mixed_fp32_fp64,1,26050038,0,1,123,456,0.026680361999999999,1403.6890167303616
runtime,alternating_sign,openmp,fp64,1,26050038,0,2,123,456,0.025835651000000001,1403.6888064108607
runtime,alternating_sign,openmp,mixed_fp32_fp64,1,26050038,0,2,123,456,0.032114325999999999,1403.6890167303616
runtime,alternating_sign,openmp,fp64,1,26050038,0,3,123,456,0.025827526999999999,1403.6888064108607
runtime,alternating_sign,openmp,mixed_fp32_fp64,1,26050038,0,3,123,456,0.028538086000000001,1403.6890167303616
runtime,alternating_sign,openmp,fp64,1,26050038,0,4,123,456,0.023117998000000001,1403.6888064108607
runtime,alternating_sign,openmp,mixed_fp32_fp64,1,26050038,0,4,123,456,0.026685671000000001,1403.6890167303616
runtime,alternating_sign,openmp,fp64,1,26050038,0,5,123,456,0.02758994,1403.6888064108607
runtime,alternating_sign,openmp,mixed_fp32_fp64,1,26050038,0,5,123,456,0.024483020000000001,1403.6890167303616
runtime,alternating_sign,openmp,fp64,1,26050038,0,6,123,456,0.024204057000000001,1403.6888064108607
runtime,alternating_sign,openmp,mixed_fp32_fp64,1,26050038,0,6,123,456,0.029856379999999998,1403.6890167303616
runtime,alternating_sign,openmp,fp64,1,26050038,0,7,123,456,0.029216391000000001,1403.6888064108607
runtime,alternating_sign,openmp,mixed_fp32_fp64,1,26050038,0,7,123,456,0.036571009000000002,1403.6890167303616
runtime,alternating_sign,openmp,fp64,2,26050038,0,0,123,456,0.016284033,1403.6888064109608
runtime,alternating_sign,openmp,mixed_fp32_fp64,2,26050038,0,0,123,456,0.015734679000000001,1403.6890167303661
runtime,alternating_sign,openmp,fp64,2,26050038,0,1,123,456,0.013173170999999999,1403.6888064109608
runtime,alternating_sign,openmp,mixed_fp32_fp64,2,26050038,0,1,123,456,0.01479924,1403.6890167303661
runtime,alternating_sign,openmp,fp64,2,26050038,0,2,123,456,0.013043011,1403.6888064109608
runtime,alternating_sign,openmp,mixed_fp32_fp64,2,26050038,0,2,123,456,0.014517178,1403.6890167303661
runtime,alternating_sign,openmp,fp64,2,26050038,0,3,123,456,0.014446893000000001,1403.6888064109608
runtime,alternating_sign,openmp,mixed_fp32_fp64,2,26050038,0,3,123,456,0.016125568999999999,1403.6890167303661
runtime,alternating_sign,openmp,fp64,2,26050038,0,4,123,456,0.012928733,1403.6888064109608
runtime,alternating_sign,openmp,mixed_fp32_fp64,2,26050038,0,4,123,456,0.013929851,1403.6890167303661
runtime,alternating_sign,openmp,fp64,2,26050038,0,5,123,456,0.012796571,1403.6888064109608
runtime,alternating_sign,openmp,mixed_fp32_fp64,2,26050038,0,5,123,456,0.014078016,1403.6890167303661
runtime,alternating_sign,openmp,fp64,2,26050038,0,6,123,456,0.013527424,1403.6888064109608
runtime,alternating_sign,openmp,mixed_fp32_fp64,2,26050038,0,6,123,456,0.017472193,1403.6890167303661
runtime,alternating_sign,openmp,fp64,2,26050038,0,7,123,456,0.017799321,1403.6888064109608
runtime,alternating_sign,openmp,mixed_fp32_fp64,2,26050038,0,7,123,456,0.014897914,1403.6890167303661
runtime,alternating_sign,openmp,fp64,4,26050038,0,0,123,456,0.022162602,1403.6888064095981
runtime,alternating_sign,openmp,mixed_fp32_fp64,4,26050038,0,0,123,456,0.013607331,1403.6890167303609
runtime,alternating_sign,openmp,fp64,4,26050038,0,1,123,456,0.010081613999999999,1403.6888064095981
runtime,alternating_sign,openmp,mixed_fp32_fp64,4,26050038,0,1,123,456,0.010952603999999999,1403.6890167303609
runtime,alternating_sign,openmp,fp64,4,26050038,0,2,123,456,0.010551771999999999,1403.6888064095986
runtime,alternating_sign,openmp,mixed_fp32_fp64,4,26050038,0,2,123,456,0.017996020000000001,1403.6890167303607
runtime,alternating_sign,openmp,fp64,4,26050038,0,3,123,456,0.011300579999999999,1403.6888064095981
runtime,alternating_sign,openmp,mixed_fp32_fp64,4,26050038,0,3,123,456,0.012627976000000001,1403.6890167303604
runtime,alternating_sign,openmp,fp64,4,26050038,0,4,123,456,0.0082916009999999991,1403.6888064095983
runtime,alternating_sign,openmp,mixed_fp32_fp64,4,26050038,0,4,123,456,0.011314833,1403.6890167303607
runtime,alternating_sign,openmp,fp64,4,26050038,0,5,123,456,0.0082410290000000004,1403.6888064095981
runtime,alternating_sign,openmp,mixed_fp32_fp64,4,26050038,0,5,123,456,0.0089563960000000001,1403.6890167303609
runtime,alternating_sign,openmp,fp64,4,26050038,0,6,123,456,0.0082842079999999995,1403.6888064095981
runtime,alternating_sign,openmp,mixed_fp32_fp64,4,26050038,0,6,123,456,0.0092987820000000002,1403.6890167303607
runtime,alternating_sign,openmp,fp64,4,26050038,0,7,123,456,0.0084836119999999998,1403.6888064095981
runtime,alternating_sign,openmp,mixed_fp32_fp64,4,26050038,0,7,123,456,0.0088723640000000006,1403.6890167303607
runtime,alternating_sign,openmp,fp64,8,26050038,0,0,123,456,0.018425739,1403.6888064102648
runtime,alternating_sign,openmp,mixed_fp32_fp64,8,26050038,0,0,123,456,0.022598092,1403.6890167303623
runtime,alternating_sign,openmp,fp64,8,26050038,0,1,123,456,0.017596291999999999,1403.6888064102643
runtime,alternating_sign,openmp,mixed_fp32_fp64,8,26050038,0,1,123,456,0.018415045000000001,1403.689016730362
runtime,alternating_sign,openmp,fp64,8,26050038,0,2,123,456,0.016802089999999999,1403.6888064102643
runtime,alternating_sign,openmp,mixed_fp32_fp64,8,26050038,0,2,123,456,0.017351366999999999,1403.6890167303613
runtime,alternating_sign,openmp,fp64,8,26050038,0,3,123,456,0.023462800999999998,1403.6888064102645
runtime,alternating_sign,openmp,mixed_fp32_fp64,8,26050038,0,3,123,456,0.016866918000000002,1403.689016730362
runtime,alternating_sign,openmp,fp64,8,26050038,0,4,123,456,0.013076265,1403.6888064102639
runtime,alternating_sign,openmp,mixed_fp32_fp64,8,26050038,0,4,123,456,0.015040067000000001,1403.6890167303623
runtime,alternating_sign,openmp,fp64,8,26050038,0,5,123,456,0.015998154000000001,1403.6888064102645
runtime,alternating_sign,openmp,mixed_fp32_fp64,8,26050038,0,5,123,456,0.010506967000000001,1403.689016730362
runtime,alternating_sign,openmp,fp64,8,26050038,0,6,123,456,0.0072203140000000002,1403.688806410265
runtime,alternating_sign,openmp,mixed_fp32_fp64,8,26050038,0,6,123,456,0.014300057,1403.689016730362
runtime,alternating_sign,openmp,fp64,8,26050038,0,7,123,456,0.0077931780000000004,1403.6888064102641
runtime,alternating_sign,openmp,mixed_fp32_fp64,8,26050038,0,7,123,456,0.0076530310000000002,1403.6890167303613
runtime,alternating_sign,openmp,fp64,16,26050038,0,0,123,456,0.020076717000000001,1403.6888064099899
runtime,alternating_sign,openmp,mixed_fp32_fp64,16,26050038,0,0,123,456,0.020910403000000001,1403.6890167303623
runtime,alternating_sign,openmp,fp64,16,26050038,0,1,123,456,0.021261571,1403.6888064099896
runtime,alternating_sign,openmp,mixed_fp32_fp64,16,26050038,0,1,123,456,0.017251373,1403.6890167303623
runtime,alternating_sign,openmp,fp64,16,26050038,0,2,123,456,0.021679309000000001,1403.688806409989
runtime,alternating_sign,openmp,mixed_fp32_fp64,16,26050038,0,2,123,456,0.021451596,1403.6890167303618
runtime,alternating_sign,openmp,fp64,16,26050038,0,3,123,456,0.026506946999999999,1403.688806409988
runtime,alternating_sign,openmp,mixed_fp32_fp64,16,26050038,0,3,123,456,0.019676708000000001,1403.6890167303623
runtime,alternating_sign,openmp,fp64,16,26050038,0,4,123,456,0.012398342999999999,1403.6888064099901
runtime,alternating_sign,openmp,mixed_fp32_fp64,16,26050038,0,4,123,456,0.014621088000000001,1403.6890167303623
runtime,alternating_sign,openmp,fp64,16,26050038,0,5,123,456,0.015865299999999999,1403.6888064099896
runtime,alternating_sign,openmp,mixed_fp32_fp64,16,26050038,0,5,123,456,0.017499304,1403.6890167303618
runtime,alternating_sign,openmp,fp64,16,26050038,0,6,123,456,0.024547933000000001,1403.6888064099896
runtime,alternating_sign,openmp,mixed_fp32_fp64,16,26050038,0,6,123,456,0.010954926,1403.6890167303629
runtime,alternating_sign,openmp,fp64,16,26050038,0,7,123,456,0.014441027,1403.6888064099885
runtime,alternating_sign,openmp,mixed_fp32_fp64,16,26050038,0,7,123,456,0.018701896999999999,1403.6890167303627
runtime,alternating_sign,openmp,fp64,22,26050038,0,0,123,456,0.029801050999999999,1403.6888064101179
runtime,alternating_sign,openmp,mixed_fp32_fp64,22,26050038,0,0,123,456,0.029146459999999999,1403.689016730362
runtime,alternating_sign,openmp,fp64,22,26050038,0,1,123,456,0.026276158000000001,1403.6888064101176
runtime,alternating_sign,openmp,mixed_fp32_fp64,22,26050038,0,1,123,456,0.033055789000000002,1403.6890167303618
runtime,alternating_sign,openmp,fp64,22,26050038,0,2,123,456,0.021475186,1403.6888064101179
runtime,alternating_sign,openmp,mixed_fp32_fp64,22,26050038,0,2,123,456,0.029257803999999998,1403.6890167303623
runtime,alternating_sign,openmp,fp64,22,26050038,0,3,123,456,0.018829663999999999,1403.6888064101179
runtime,alternating_sign,openmp,mixed_fp32_fp64,22,26050038,0,3,123,456,0.023950037,1403.6890167303625
runtime,alternating_sign,openmp,fp64,22,26050038,0,4,123,456,0.023585577,1403.6888064101176
runtime,alternating_sign,openmp,mixed_fp32_fp64,22,26050038,0,4,123,456,0.015907860999999999,1403.6890167303618
runtime,alternating_sign,openmp,fp64,22,26050038,0,5,123,456,0.014756625000000001,1403.6888064101172
runtime,alternating_sign,openmp,mixed_fp32_fp64,22,26050038,0,5,123,456,0.022147831999999999,1403.6890167303616
runtime,alternating_sign,openmp,fp64,22,26050038,0,6,123,456,0.013666556,1403.6888064101176
runtime,alternating_sign,openmp,mixed_fp32_fp64,22,26050038,0,6,123,456,0.016293403000000001,1403.6890167303613
runtime,alternating_sign,openmp,fp64,22,26050038,0,7,123,456,0.012141288,1403.6888064101179
runtime,alternating_sign,openmp,mixed_fp32_fp64,22,26050038,0,7,123,456,0.016463451,1403.6890167303623
runtime,alternating_sign,serial,fp64,,50000000,0,0,123,456,0.049012985000000002,642.95592803330067
runtime,alternating_sign,serial,mixed_fp32_fp64,,50000000,0,0,123,456,0.045729856999999999,642.95601966565346
runtime,alternating_sign,serial,fp64,,50000000,0,1,123,456,0.040603360999999998,642.95592803330067
runtime,alternating_sign,serial,mixed_fp32_fp64,,50000000,0,1,123,456,0.045641893000000003,642.95601966565346
runtime,alternating_sign,serial,fp64,,50000000,0,2,123,456,0.040988233999999998,642.95592803330067
runtime,alternating_sign,serial,mixed_fp32_fp64,,50000000,0,2,123,456,0.046266539000000002,642.95601966565346
runtime,alternating_sign,serial,fp64,,50000000,0,3,123,456,0.041015477000000002,642.95592803330067
runtime,alternating_sign,serial,mixed_fp32_fp64,,50000000,0,3,123,456,0.045347757000000002,642.95601966565346
runtime,alternating_sign,serial,fp64,,50000000,0,4,123,456,0.040872725999999998,642.95592803330067
runtime,alternating_sign,serial,mixed_fp32_fp64,,50000000,0,4,123,456,0.044285111000000002,642.95601966565346
runtime,alternating_sign,serial,fp64,,50000000,0,5,123,456,0.043166666999999999,642.95592803330067
runtime,alternating_sign,serial,mixed_fp32_fp64,,50000000,0,5,123,456,0.048792302000000003,642.95601966565346
runtime,alternating_sign,serial,fp64,,50000000,0,6,123,456,0.040700636999999998,642.95592803330067
runtime,alternating_sign,serial,mixed_fp32_fp64,,50000000,0,6,123,456,0.045152799,642.95601966565346
runtime,alternating_sign,serial,fp64,,50000000,0,7,123,456,0.041510496000000001,642.95592803330067
runtime,alternating_sign,serial,mixed_fp32_fp64,,50000000,0,7,123,456,0.044526701000000002,642.95601966565346
runtime,alternating_sign,openmp,fp64,1,50000000,0,0,123,456,0.039801392999999997,642.95592803330067
runtime,alternating_sign,openmp,mixed_fp32_fp64,1,50000000,0,0,123,456,0.050560791000000001,642.95601966565346
runtime,alternating_sign,openmp,fp64,1,50000000,0,1,123,456,0.042629070999999998,642.95592803330067
runtime,alternating_sign,openmp,mixed_fp32_fp64,1,50000000,0,1,123,456,0.043775039000000002,642.95601966565346
runtime,alternating_sign,openmp,fp64,1,50000000,0,2,123,456,0.041082293999999998,642.95592803330067
runtime,alternating_sign,openmp,mixed_fp32_fp64,1,50000000,0,2,123,456,0.044239502,642.95601966565346
runtime,alternating_sign,openmp,fp64,1,50000000,0,3,123,456,0.046255604999999998,642.95592803330067
runtime,alternating_sign,openmp,mixed_fp32_fp64,1,50000000,0,3,123,456,0.054860770000000003,642.95601966565346
runtime,alternating_sign,openmp,fp64,1,50000000,0,4,123,456,0.040999606000000001,642.95592803330067
runtime,alternating_sign,openmp,mixed_fp32_fp64,1,50000000,0,4,123,456,0.045778343999999999,642.95601966565346
runtime,alternating_sign,openmp,fp64,1,50000000,0,5,123,456,0.043511604000000002,642.95592803330067
runtime,alternating_sign,openmp,mixed_fp32_fp64,1,50000000,0,5,123,456,0.045950658999999998,642.95601966565346
runtime,alternating_sign,openmp,fp64,1,50000000,0,6,123,456,0.043973353,642.95592803330067
runtime,alternating_sign,openmp,mixed_fp32_fp64,1,50000000,0,6,123,456,0.047115609000000003,642.95601966565346
runtime,alternating_sign,openmp,fp64,1,50000000,0,7,123,456,0.040468737999999997,642.95592803330067
runtime,alternating_sign,openmp,mixed_fp32_fp64,1,50000000,0,7,123,456,0.048422109999999997,642.95601966565346
runtime,alternating_sign,openmp,fp64,2,50000000,0,0,123,456,0.025146406999999999,642.95592803351906
runtime,alternating_sign,openmp,mixed_fp32_fp64,2,50000000,0,0,123,456,0.027179983000000001,642.95601966566028
runtime,alternating_sign,openmp,fp64,2,50000000,0,1,123,456,0.023755663999999999,642.95592803351906
runtime,alternating_sign,openmp,mixed_fp32_fp64,2,50000000,0,1,123,456,0.028548720999999999,642.95601966566028
runtime,alternating_sign,openmp,fp64,2,50000000,0,2,123,456,0.027239213000000002,642.95592803351906
runtime,alternating_sign,openmp,mixed_fp32_fp64,2,50000000,0,2,123,456,0.025644452000000002,642.95601966566028
runtime,alternating_sign,openmp,fp64,2,50000000,0,3,123,456,0.025172363,642.95592803351906
runtime,alternating_sign,openmp,mixed_fp32_fp64,2,50000000,0,3,123,456,0.026522776000000001,642.95601966566028
runtime,alternating_sign,openmp,fp64,2,50000000,0,4,123,456,0.029657709000000001,642.95592803351906
runtime,alternating_sign,openmp,mixed_fp32_fp64,2,50000000,0,4,123,456,0.025349903999999999,642.95601966566028
runtime,alternating_sign,openmp,fp64,2,50000000,0,5,123,456,0.024428634000000001,642.95592803351906
runtime,alternating_sign,openmp,mixed_fp32_fp64,2,50000000,0,5,123,456,0.025510667000000001,642.95601966566028
runtime,alternating_sign,openmp,fp64,2,50000000,0,6,123,456,0.024575327000000001,642.95592803351906
runtime,alternating_sign,openmp,mixed_fp32_fp64,2,50000000,0,6,123,456,0.028177230000000001,642.95601966566028
runtime,alternating_sign,openmp,fp64,2,50000000,0,7,123,456,0.026316930999999998,642.95592803351906
runtime,alternating_sign,openmp,mixed_fp32_fp64,2,50000000,0,7,123,456,0.026629037000000001,642.95601966566028
runtime,alternating_sign,openmp,fp64,4,50000000,0,0,123,456,0.023128942,642.95592803316185
runtime,alternating_sign,openmp,mixed_fp32_fp64,4,50000000,0,0,123,456,0.023899355000000001,642.95601966566664
runtime,alternating_sign,openmp,fp64,4,50000000,0,1,123,456,0.022425372999999998,642.9559280331614
runtime,alternating_sign,openmp,mixed_fp32_fp64,4,50000000,0,1,123,456,0.025540078000000001,642.95601966566687
runtime,alternating_sign,openmp,fp64,4,50000000,0,2,123,456,0.018504021999999998,642.95592803316185
runtime,alternating_sign,openmp,mixed_fp32_fp64,4,50000000,0,2,123,456,0.018154686999999999,642.95601966566642
runtime,alternating_sign,openmp,fp64,4,50000000,0,3,123,456,0.020739759999999999,642.95592803316163
runtime,alternating_sign,openmp,mixed_fp32_fp64,4,50000000,0,3,123,456,0.018141404,642.95601966566642
runtime,alternating_sign,openmp,fp64,4,50000000,0,4,123,456,0.018404620999999999,642.95592803316185
runtime,alternating_sign,openmp,mixed_fp32_fp64,4,50000000,0,4,123,456,0.017902989000000001,642.95601966566664
runtime,alternating_sign,openmp,fp64,4,50000000,0,5,123,456,0.017981521,642.95592803316185
runtime,alternating_sign,openmp,mixed_fp32_fp64,4,50000000,0,5,123,456,0.017194381000000002,642.95601966566664
runtime,alternating_sign,openmp,fp64,4,50000000,0,6,123,456,0.015518532999999999,642.95592803316163
runtime,alternating_sign,openmp,mixed_fp32_fp64,4,50000000,0,6,123,456,0.018605364999999999,642.95601966566687
runtime,alternating_sign,openmp,fp64,4,50000000,0,7,123,456,0.016240876000000001,642.95592803316163
runtime,alternating_sign,openmp,mixed_fp32_fp64,4,50000000,0,7,123,456,0.017428844999999998,642.95601966566664
runtime,alternating_sign,openmp,fp64,8,50000000,0,0,123,456,0.025313002000000001,642.95592803239322
runtime,alternating_sign,openmp,mixed_fp32_fp64,8,50000000,0,0,123,456,0.023450675000000001,642.9560196656555
runtime,alternating_sign,openmp,fp64,8,50000000,0,1,123,456,0.020239083000000001,642.95592803239322
runtime,alternating_sign,openmp,mixed_fp32_fp64,8,50000000,0,1,123,456,0.019314094,642.95601966565573
runtime,alternating_sign,openmp,fp64,8,50000000,0,2,123,456,0.021930613000000002,642.95592803239333
runtime,alternating_sign,openmp,mixed_fp32_fp64,8,50000000,0,2,123,456,0.016944929000000001,642.95601966565562
runtime,alternating_sign,openmp,fp64,8,50000000,0,3,123,456,0.019833607,642.95592803239333
runtime,alternating_sign,openmp,mixed_fp32_fp64,8,50000000,0,3,123,456,0.012646581,642.95601966565573
runtime,alternating_sign,openmp,fp64,8,50000000,0,4,123,456,0.012572224999999999,642.95592803239322
runtime,alternating_sign,openmp,mixed_fp32_fp64,8,50000000,0,4,123,456,0.019100896999999999,642.95601966565562
runtime,alternating_sign,openmp,fp64,8,50000000,0,5,123,456,0.014606221000000001,642.95592803239322
runtime,alternating_sign,openmp,mixed_fp32_fp64,8,50000000,0,5,123,456,0.015880416000000001,642.95601966565584
runtime,alternating_sign,openmp,fp64,8,50000000,0,6,123,456,0.011609253999999999,642.95592803239356
runtime,alternating_sign,openmp,mixed_fp32_fp64,8,50000000,0,6,123,456,0.011430846999999999,642.95601966565584
runtime,alternating_sign,openmp,fp64,8,50000000,0,7,123,456,0.012408931999999999,642.95592803239356
runtime,alternating_sign,openmp,mixed_fp32_fp64,8,50000000,0,7,123,456,0.014293533000000001,642.95601966565573
runtime,alternating_sign,openmp,fp64,16,50000000,0,0,123,456,0.024213231000000002,642.9559280327253
runtime,alternating_sign,openmp,mixed_fp32_fp64,16,50000000,0,0,123,456,0.033035457999999997,642.95601966565641
runtime,alternating_sign,openmp,fp64,16,50000000,0,1,123,456,0.017117515999999999,642.95592803272484
runtime,alternating_sign,openmp,mixed_fp32_fp64,16,50000000,0,1,123,456,0.021118888999999998,642.95601966565687
runtime,alternating_sign,openmp,fp64,16,50000000,0,2,123,456,0.026229144999999999,642.95592803272484
runtime,alternating_sign,openmp,mixed_fp32_fp64,16,50000000,0,2,123,456,0.020507401000000001,642.95601966565641
runtime,alternating_sign,openmp,fp64,16,50000000,0,3,123,456,0.02368748,642.95592803272461
runtime,alternating_sign,openmp,mixed_fp32_fp64,16,50000000,0,3,123,456,0.026585253999999999,642.95601966565596
runtime,alternating_sign,openmp,fp64,16,50000000,0,4,123,456,0.023073887000000001,642.95592803272439
runtime,alternating_sign,openmp,mixed_fp32_fp64,16,50000000,0,4,123,456,0.019398868,642.95601966565619
runtime,alternating_sign,openmp,fp64,16,50000000,0,5,123,456,0.021764840000000001,642.95592803272461
runtime,alternating_sign,openmp,mixed_fp32_fp64,16,50000000,0,5,123,456,0.017143895999999999,642.95601966565641
runtime,alternating_sign,openmp,fp64,16,50000000,0,6,123,456,0.021839112000000001,642.95592803272439
runtime,alternating_sign,openmp,mixed_fp32_fp64,16,50000000,0,6,123,456,0.014742244999999999,642.95601966565596
runtime,alternating_sign,openmp,fp64,16,50000000,0,7,123,456,0.023850821000000001,642.95592803272484
runtime,alternating_sign,openmp,mixed_fp32_fp64,16,50000000,0,7,123,456,0.018760342999999999,642.9560196656555
runtime,alternating_sign,openmp,fp64,22,50000000,0,0,123,456,0.022891278000000001,642.95592803259683
runtime,alternating_sign,openmp,mixed_fp32_fp64,22,50000000,0,0,123,456,0.026195478000000001,642.95601966565687
runtime,alternating_sign,openmp,fp64,22,50000000,0,1,123,456,0.032254289999999998,642.95592803259683
runtime,alternating_sign,openmp,mixed_fp32_fp64,22,50000000,0,1,123,456,0.025418334000000001,642.95601966565664
runtime,alternating_sign,openmp,fp64,22,50000000,0,2,123,456,0.024448917000000001,642.95592803259728
runtime,alternating_sign,openmp,mixed_fp32_fp64,22,50000000,0,2,123,456,0.022190296000000002,642.95601966565641
runtime,alternating_sign,openmp,fp64,22,50000000,0,3,123,456,0.039802229000000001,642.95592803259751
runtime,alternating_sign,openmp,mixed_fp32_fp64,22,50000000,0,3,123,456,0.022878499,642.9560196656571
runtime,alternating_sign,openmp,fp64,22,50000000,0,4,123,456,0.023716454000000001,642.95592803259751
runtime,alternating_sign,openmp,mixed_fp32_fp64,22,50000000,0,4,123,456,0.024813400999999999,642.95601966565732
runtime,alternating_sign,openmp,fp64,22,50000000,0,5,123,456,0.027814287,642.9559280325974
runtime,alternating_sign,openmp,mixed_fp32_fp64,22,50000000,0,5,123,456,0.035393085999999997,642.95601966565664
runtime,alternating_sign,openmp,fp64,22,50000000,0,6,123,456,0.030254937999999999,642.9559280325974
runtime,alternating_sign,openmp,mixed_fp32_fp64,22,50000000,0,6,123,456,0.027394618999999999,642.95601966565664
runtime,alternating_sign,openmp,fp64,22,50000000,0,7,123,456,0.0223824,642.95592803259751
runtime,alternating_sign,openmp,mixed_fp32_fp64,22,50000000,0,7,123,456,0.011980118,642.95601966565687
runtime,ill_scaled,serial,fp64,,1000000,0,0,123,456,0.0010300419999999999,-25408448834558772
runtime,ill_scaled,serial,mixed_fp32_fp64,,1000000,0,0,123,456,0.0011597809999999999,-25408446970593548
runtime,ill_scaled,serial,fp64,,1000000,0,1,123,456,0.00092726600000000005,-25408448834558772
runtime,ill_scaled,serial,mixed_fp32_fp64,,1000000,0,1,123,456,0.00121809,-25408446970593548
runtime,ill_scaled,serial,fp64,,1000000,0,2,123,456,0.00086078599999999999,-25408448834558772
runtime,ill_scaled,serial,mixed_fp32_fp64,,1000000,0,2,123,456,0.001062321,-25408446970593548
runtime,ill_scaled,serial,fp64,,1000000,0,3,123,456,0.00086132699999999995,-25408448834558772
runtime,ill_scaled,serial,mixed_fp32_fp64,,1000000,0,3,123,456,0.0015412080000000001,-25408446970593548
runtime,ill_scaled,serial,fp64,,1000000,0,4,123,456,0.001073304,-25408448834558772
runtime,ill_scaled,serial,mixed_fp32_fp64,,1000000,0,4,123,456,0.0010414720000000001,-25408446970593548
runtime,ill_scaled,serial,fp64,,1000000,0,5,123,456,0.00080331900000000004,-25408448834558772
runtime,ill_scaled,serial,mixed_fp32_fp64,,1000000,0,5,123,456,0.0010922709999999999,-25408446970593548
runtime,ill_scaled,serial,fp64,,1000000,0,6,123,456,0.00078533499999999996,-25408448834558772
runtime,ill_scaled,serial,mixed_fp32_fp64,,1000000,0,6,123,456,0.0010077770000000001,-25408446970593548
runtime,ill_scaled,serial,fp64,,1000000,0,7,123,456,0.00076837200000000002,-25408448834558772
runtime,ill_scaled,serial,mixed_fp32_fp64,,1000000,0,7,123,456,0.0010407000000000001,-25408446970593548
runtime,ill_scaled,openmp,fp64,1,1000000,0,0,123,456,0.00076656599999999999,-25408448834558772
runtime,ill_scaled,openmp,mixed_fp32_fp64,1,1000000,0,0,123,456,0.001006865,-25408446970593548
runtime,ill_scaled,openmp,fp64,1,1000000,0,1,123,456,0.00074489700000000001,-25408448834558772
runtime,ill_scaled,openmp,mixed_fp32_fp64,1,1000000,0,1,123,456,0.001000828,-25408446970593548
runtime,ill_scaled,openmp,fp64,1,1000000,0,2,123,456,0.00074273199999999996,-25408448834558772
runtime,ill_scaled,openmp,mixed_fp32_fp64,1,1000000,0,2,123,456,0.00099436800000000003,-25408446970593548
runtime,ill_scaled,openmp,fp64,1,1000000,0,3,123,456,0.00072950599999999999,-25408448834558772
runtime,ill_scaled,openmp,mixed_fp32_fp64,1,1000000,0,3,123,456,0.0010053079999999999,-25408446970593548
runtime,ill_scaled,openmp,fp64,1,1000000,0,4,123,456,0.000853246,-25408448834558772
runtime,ill_scaled,openmp,mixed_fp32_fp64,1,1000000,0,4,123,456,0.0010690999999999999,-25408446970593548
runtime,ill_scaled,openmp,fp64,1,1000000,0,5,123,456,0.00078980200000000004,-25408448834558772
runtime,ill_scaled,openmp,mixed_fp32_fp64,1,1000000,0,5,123,456,0.001097506,-25408446970593548
runtime,ill_scaled,openmp,fp64,1,1000000,0,6,123,456,0.00072461800000000001,-25408448834558772
runtime,ill_scaled,openmp,mixed_fp32_fp64,1,1000000,0,6,123,456,0.001009647,-25408446970593548
runtime,ill_scaled,openmp,fp64,1,1000000,0,7,123,456,0.00071601800000000001,-25408448834558772
runtime,ill_scaled,openmp,mixed_fp32_fp64,1,1000000,0,7,123,456,0.00096578300000000001,-25408446970593548
runtime,ill_scaled,openmp,fp64,2,1000000,0,0,123,456,0.0030980309999999998,-25408448834558764
runtime,ill_scaled,openmp,mixed_fp32_fp64,2,1000000,0,0,123,456,0.00095443199999999996,-25408446970593288
runtime,ill_scaled,openmp,fp64,2,1000000,0,1,123,456,0.00065024600000000005,-25408448834558764
runtime,ill_scaled,openmp,mixed_fp32_fp64,2,1000000,0,1,123,456,0.0020878030000000001,-25408446970593288
runtime,ill_scaled,openmp,fp64,2,1000000,0,2,123,456,0.00057652199999999999,-25408448834558764
runtime,ill_scaled,openmp,mixed_fp32_fp64,2,1000000,0,2,123,456,0.00075538000000000005,-25408446970593288
runtime,ill_scaled,openmp,fp64,2,1000000,0,3,123,456,0.00054976199999999997,-25408448834558764
runtime,ill_scaled,openmp,mixed_fp32_fp64,2,1000000,0,3,123,456,0.000757904,-25408446970593288
runtime,ill_scaled,openmp,fp64,2,1000000,0,4,123,456,0.00047328700000000002,-25408448834558764
runtime,ill_scaled,openmp,mixed_fp32_fp64,2,1000000,0,4,123,456,0.00064084400000000001,-25408446970593288
runtime,ill_scaled,openmp,fp64,2,1000000,0,5,123,456,0.00042591999999999999,-25408448834558764
runtime,ill_scaled,openmp,mixed_fp32_fp64,2,1000000,0,5,123,456,0.00057385800000000001,-25408446970593288
runtime,ill_scaled,openmp,fp64,2,1000000,0,6,123,456,0.00039753299999999999,-25408448834558764
runtime,ill_scaled,openmp,mixed_fp32_fp64,2,1000000,0,6,123,456,0.00054479300000000001,-25408446970593288
runtime,ill_scaled,openmp,fp64,2,1000000,0,7,123,456,0.0003703,-25408448834558764
runtime,ill_scaled,openmp,mixed_fp32_fp64,2,1000000,0,7,123,456,0.00080416299999999999,-25408446970593288
runtime,ill_scaled,openmp,fp64,4,1000000,0,0,123,456,0.00061381499999999998,-25408448834560432
runtime,ill_scaled,openmp,mixed_fp32_fp64,4,1000000,0,0,123,456,0.00044497200000000002,-25408446970594724
runtime,ill_scaled,openmp,fp64,4,1000000,0,1,123,456,0.00038088800000000002,-25408448834560432
runtime,ill_scaled,openmp,mixed_fp32_fp64,4,1000000,0,1,123,456,0.00049469599999999998,-25408446970594724
runtime,ill_scaled,openmp,fp64,4,1000000,0,2,123,456,0.00033534100000000001,-25408448834560432
runtime,ill_scaled,openmp,mixed_fp32_fp64,4,1000000,0,2,123,456,0.00047843499999999998,-25408446970594728
runtime,ill_scaled,openmp,fp64,4,1000000,0,3,123,456,0.00028114299999999997,-25408448834560432
runtime,ill_scaled,openmp,mixed_fp32_fp64,4,1000000,0,3,123,456,0.00058902900000000003,-25408446970594728
runtime,ill_scaled,openmp,fp64,4,1000000,0,4,123,456,0.00027585400000000002,-25408448834560432
runtime,ill_scaled,openmp,mixed_fp32_fp64,4,1000000,0,4,123,456,0.00044662499999999997,-25408446970594728
runtime,ill_scaled,openmp,fp64,4,1000000,0,5,123,456,0.0056123099999999997,-25408448834560432
runtime,ill_scaled,openmp,mixed_fp32_fp64,4,1000000,0,5,123,456,0.0035471090000000001,-25408446970594724
runtime,ill_scaled,openmp,fp64,4,1000000,0,6,123,456,0.0029630440000000002,-25408448834560428
runtime,ill_scaled,openmp,mixed_fp32_fp64,4,1000000,0,6,123,456,0.0073774890000000001,-25408446970594724
runtime,ill_scaled,openmp,fp64,4,1000000,0,7,123,456,0.002406502,-25408448834560432
runtime,ill_scaled,openmp,mixed_fp32_fp64,4,1000000,0,7,123,456,0.0079952870000000002,-25408446970594724
runtime,ill_scaled,openmp,fp64,8,1000000,0,0,123,456,0.01819979,-25408448834559376
runtime,ill_scaled,openmp,mixed_fp32_fp64,8,1000000,0,0,123,456,0.015040049,-25408446970593296
runtime,ill_scaled,openmp,fp64,8,1000000,0,1,123,456,0.010010669999999999,-25408448834559360
runtime,ill_scaled,openmp,mixed_fp32_fp64,8,1000000,0,1,123,456,0.022453991999999999,-25408446970593296
runtime,ill_scaled,openmp,fp64,8,1000000,0,2,123,456,0.01805145,-25408448834559360
runtime,ill_scaled,openmp,mixed_fp32_fp64,8,1000000,0,2,123,456,0.011448610999999999,-25408446970593300
runtime,ill_scaled,openmp,fp64,8,1000000,0,3,123,456,0.014596871000000001,-25408448834559368
runtime,ill_scaled,openmp,mixed_fp32_fp64,8,1000000,0,3,123,456,0.0082639099999999993,-25408446970593296
runtime,ill_scaled,openmp,fp64,8,1000000,0,4,123,456,0.027338020000000001,-25408448834559380
runtime,ill_scaled,openmp,mixed_fp32_fp64,8,1000000,0,4,123,456,0.0053835580000000001,-25408446970593300
runtime,ill_scaled,openmp,fp64,8,1000000,0,5,123,456,0.013631536,-25408448834559376
runtime,ill_scaled,openmp,mixed_fp32_fp64,8,1000000,0,5,123,456,0.018954624,-25408446970593300
runtime,ill_scaled,openmp,fp64,8,1000000,0,6,123,456,0.016091405,-25408448834559392
runtime,ill_scaled,openmp,mixed_fp32_fp64,8,1000000,0,6,123,456,0.015110757000000001,-25408446970593312
runtime,ill_scaled,openmp,fp64,8,1000000,0,7,123,456,0.0077337009999999999,-25408448834559368
runtime,ill_scaled,openmp,mixed_fp32_fp64,8,1000000,0,7,123,456,0.018938142000000002,-25408446970593304
runtime,ill_scaled,openmp,fp64,16,1000000,0,0,123,456,0.036720918999999998,-25408448834557792
runtime,ill_scaled,openmp,mixed_fp32_fp64,16,1000000,0,0,123,456,0.015164611999999999,-25408446970592208
runtime,ill_scaled,openmp,fp64,16,1000000,0,1,123,456,0.016598989000000001,-25408448834557788
runtime,ill_scaled,openmp,mixed_fp32_fp64,16,1000000,0,1,123,456,0.020409305999999999,-25408446970592200
runtime,ill_scaled,openmp,fp64,16,1000000,0,2,123,456,0.020684003999999999,-25408448834557788
runtime,ill_scaled,openmp,mixed_fp32_fp64,16,1000000,0,2,123,456,0.021192441999999999,-25408446970592192
runtime,ill_scaled,openmp,fp64,16,1000000,0,3,123,456,0.022523372,-25408448834557788
runtime,ill_scaled,openmp,mixed_fp32_fp64,16,1000000,0,3,123,456,0.019511108999999999,-25408446970592200
runtime,ill_scaled,openmp,fp64,16,1000000,0,4,123,456,0.017529634999999998,-25408448834557788
runtime,ill_scaled,openmp,mixed_fp32_fp64,16,1000000,0,4,123,456,0.015291829,-25408446970592192
runtime,ill_scaled,openmp,fp64,16,1000000,0,5,123,456,0.025531241,-25408448834557788
runtime,ill_scaled,openmp,mixed_fp32_fp64,16,1000000,0,5,123,456,0.0094804920000000001,-25408446970592184
runtime,ill_scaled,openmp,fp64,16,1000000,0,6,123,456,0.017240479,-25408448834557800
runtime,ill_scaled,openmp,mixed_fp32_fp64,16,1000000,0,6,123,456,0.018350779000000001,-25408446970592192
runtime,ill_scaled,openmp,fp64,16,1000000,0,7,123,456,0.017882098999999999,-25408448834557776
runtime,ill_scaled,openmp,mixed_fp32_fp64,16,1000000,0,7,123,456,0.012883357999999999,-25408446970592200
runtime,ill_scaled,openmp,fp64,22,1000000,0,0,123,456,0.032686105999999999,-25408448834559500
runtime,ill_scaled,openmp,mixed_fp32_fp64,22,1000000,0,0,123,456,0.036948415999999998,-25408446970593416
runtime,ill_scaled,openmp,fp64,22,1000000,0,1,123,456,0.017779032,-25408448834559504
runtime,ill_scaled,openmp,mixed_fp32_fp64,22,1000000,0,1,123,456,0.027344674999999999,-25408446970593416
runtime,ill_scaled,openmp,fp64,22,1000000,0,2,123,456,0.020775285000000001,-25408448834559508
runtime,ill_scaled,openmp,mixed_fp32_fp64,22,1000000,0,2,123,456,0.016240483999999999,-25408446970593428
runtime,ill_scaled,openmp,fp64,22,1000000,0,3,123,456,0.023686150999999999,-25408448834559492
runtime,ill_scaled,openmp,mixed_fp32_fp64,22,1000000,0,3,123,456,0.032851335000000002,-25408446970593428
runtime,ill_scaled,openmp,fp64,22,1000000,0,4,123,456,0.015689466999999999,-25408448834559500
runtime,ill_scaled,openmp,mixed_fp32_fp64,22,1000000,0,4,123,456,0.026075575,-25408446970593416
runtime,ill_scaled,openmp,fp64,22,1000000,0,5,123,456,0.023561652999999998,-25408448834559508
runtime,ill_scaled,openmp,mixed_fp32_fp64,22,1000000,0,5,123,456,0.02947381,-25408446970593424
runtime,ill_scaled,openmp,fp64,22,1000000,0,6,123,456,0.019275988000000001,-25408448834559492
runtime,ill_scaled,openmp,mixed_fp32_fp64,22,1000000,0,6,123,456,0.02215133,-25408446970593412
runtime,ill_scaled,openmp,fp64,22,1000000,0,7,123,456,0.014914507,-25408448834559512
runtime,ill_scaled,openmp,mixed_fp32_fp64,22,1000000,0,7,123,456,0.01555433,-25408446970593416
runtime,ill_scaled,serial,fp64,,1919384,0,0,123,456,0.001814387,1.4351435651116403e+17
runtime,ill_scaled,serial,mixed_fp32_fp64,,1919384,0,0,123,456,0.0023005059999999999,1.4351436257622392e+17
runtime,ill_scaled,serial,fp64,,1919384,0,1,123,456,0.0017404009999999999,1.4351435651116403e+17
runtime,ill_scaled,serial,mixed_fp32_fp64,,1919384,0,1,123,456,0.0022393169999999998,1.4351436257622392e+17
runtime,ill_scaled,serial,fp64,,1919384,0,2,123,456,0.0017110280000000001,1.4351435651116403e+17
runtime,ill_scaled,serial,mixed_fp32_fp64,,1919384,0,2,123,456,0.0025793470000000001,1.4351436257622392e+17
runtime,ill_scaled,serial,fp64,,1919384,0,3,123,456,0.0024167139999999999,1.4351435651116403e+17
runtime,ill_scaled,serial,mixed_fp32_fp64,,1919384,0,3,123,456,0.0022408440000000001,1.4351436257622392e+17
runtime,ill_scaled,serial,fp64,,1919384,0,4,123,456,0.001832733,1.4351435651116403e+17
runtime,ill_scaled,serial,mixed_fp32_fp64,,1919384,0,4,123,456,0.0022607069999999998,1.4351436257622392e+17
runtime,ill_scaled,serial,fp64,,1919384,0,5,123,456,0.001708806,1.4351435651116403e+17
runtime,ill_scaled,serial,mixed_fp32_fp64,,1919384,0,5,123,456,0.0022490269999999998,1.4351436257622392e+17
runtime,ill_scaled,serial,fp64,,1919384,0,6,123,456,0.001615039,1.4351435651116403e+17
runtime,ill_scaled,serial,mixed_fp32_fp64,,1919384,0,6,123,456,0.0021579469999999999,1.4351436257622392e+17
runtime,ill_scaled,serial,fp64,,1919384,0,7,123,456,0.001742551,1.4351435651116403e+17
runtime,ill_scaled,serial,mixed_fp32_fp64,,1919384,0,7,123,456,0.0028578340000000001,1.4351436257622392e+17
runtime,ill_scaled,openmp,fp64,1,1919384,0,0,123,456,0.001673513,1.4351435651116403e+17
runtime,ill_scaled,openmp,mixed_fp32_fp64,1,1919384,0,0,123,456,0.0021317829999999999,1.4351436257622392e+17
runtime,ill_scaled,openmp,fp64,1,1919384,0,1,123,456,0.001574832,1.4351435651116403e+17
runtime,ill_scaled,openmp,mixed_fp32_fp64,1,1919384,0,1,123,456,0.0021171699999999998,1.4351436257622392e+17
runtime,ill_scaled,openmp,fp64,1,1919384,0,2,123,456,0.0015653869999999999,1.4351435651116403e+17
runtime,ill_scaled,openmp,mixed_fp32_fp64,1,1919384,0,2,123,456,0.0021190079999999999,1.4351436257622392e+17
runtime,ill_scaled,openmp,fp64,1,1919384,0,3,123,456,0.001556518,1.4351435651116403e+17
runtime,ill_scaled,openmp,mixed_fp32_fp64,1,1919384,0,3,123,456,0.0023453269999999999,1.4351436257622392e+17
runtime,ill_scaled,openmp,fp64,1,1919384,0,4,123,456,0.001913271,1.4351435651116403e+17
runtime,ill_scaled,openmp,mixed_fp32_fp64,1,1919384,0,4,123,456,0.0023488939999999998,1.4351436257622392e+17
runtime,ill_scaled,openmp,fp64,1,1919384,0,5,123,456,0.001579015,1.4351435651116403e+17
runtime,ill_scaled,openmp,mixed_fp32_fp64,1,1919384,0,5,123,456,0.0025056869999999999,1.4351436257622392e+17
runtime,ill_scaled,openmp,fp64,1,1919384,0,6,123,456,0.001596337,1.4351435651116403e+17
runtime,ill_scaled,openmp,mixed_fp32_fp64,1,1919384,0,6,123,456,0.0021358789999999998,1.4351436257622392e+17
runtime,ill_scaled,openmp,fp64,1,1919384,0,7,123,456,0.0015457190000000001,1.4351435651116403e+17
runtime,ill_scaled,openmp,mixed_fp32_fp64,1,1919384,0,7,123,456,0.0021167030000000002,1.4351436257622392e+17
runtime,ill_scaled,openmp,fp64,2,1919384,0,0,123,456,0.001999261,1.4351435651116139e+17
runtime,ill_scaled,openmp,mixed_fp32_fp64,2,1919384,0,0,123,456,0.0016667330000000001,1.435143625762188e+17
runtime,ill_scaled,openmp,fp64,2,1919384,0,1,123,456,0.00113178,1.4351435651116139e+17
runtime,ill_scaled,openmp,mixed_fp32_fp64,2,1919384,0,1,123,456,0.00177579,1.435143625762188e+17
runtime,ill_scaled,openmp,fp64,2,1919384,0,2,123,456,0.001120691,1.4351435651116139e+17
runtime,ill_scaled,openmp,mixed_fp32_fp64,2,1919384,0,2,123,456,0.001633184,1.435143625762188e+17
runtime,ill_scaled,openmp,fp64,2,1919384,0,3,123,456,0.0014352309999999999,1.4351435651116139e+17
runtime,ill_scaled,openmp,mixed_fp32_fp64,2,1919384,0,3,123,456,0.0017068750000000001,1.435143625762188e+17
runtime,ill_scaled,openmp,fp64,2,1919384,0,4,123,456,0.001510913,1.4351435651116139e+17
runtime,ill_scaled,openmp,mixed_fp32_fp64,2,1919384,0,4,123,456,0.002294496,1.435143625762188e+17
runtime,ill_scaled,openmp,fp64,2,1919384,0,5,123,456,0.001395772,1.4351435651116139e+17
runtime,ill_scaled,openmp,mixed_fp32_fp64,2,1919384,0,5,123,456,0.0015628529999999999,1.435143625762188e+17
runtime,ill_scaled,openmp,fp64,2,1919384,0,6,123,456,0.001004598,1.4351435651116139e+17
runtime,ill_scaled,openmp,mixed_fp32_fp64,2,1919384,0,6,123,456,0.001421247,1.435143625762188e+17
runtime,ill_scaled,openmp,fp64,2,1919384,0,7,123,456,0.00087789499999999996,1.4351435651116139e+17
runtime,ill_scaled,openmp,mixed_fp32_fp64,2,1919384,0,7,123,456,0.001216696,1.435143625762188e+17
runtime,ill_scaled,openmp,fp64,4,1919384,0,0,123,456,0.0083113130000000007,1.4351435651116214e+17
runtime,ill_scaled,openmp,mixed_fp32_fp64,4,1919384,0,0,123,456,0.016672300000000001,1.4351436257622122e+17
runtime,ill_scaled,openmp,fp64,4,1919384,0,1,123,456,0.0077043199999999997,1.4351435651116214e+17
runtime,ill_scaled,openmp,mixed_fp32_fp64,4,1919384,0,1,123,456,0.0080635959999999993,1.4351436257622122e+17
runtime,ill_scaled,openmp,fp64,4,1919384,0,2,123,456,0.016724934,1.4351435651116214e+17
runtime,ill_scaled,openmp,mixed_fp32_fp64,4,1919384,0,2,123,456,0.011881853,1.435143625762212e+17
runtime,ill_scaled,openmp,fp64,4,1919384,0,3,123,456,0.0041988490000000002,1.4351435651116214e+17
runtime,ill_scaled,openmp,mixed_fp32_fp64,4,1919384,0,3,123,456,0.00081037399999999999,1.435143625762212e+17
runtime,ill_scaled,openmp,fp64,4,1919384,0,4,123,456,0.00100551,1.4351435651116214e+17
runtime,ill_scaled,openmp,mixed_fp32_fp64,4,1919384,0,4,123,456,0.00076301899999999998,1.435143625762212e+17
runtime,ill_scaled,openmp,fp64,4,1919384,0,5,123,456,0.00057117300000000001,1.4351435651116214e+17
runtime,ill_scaled,openmp,mixed_fp32_fp64,4,1919384,0,5,123,456,0.00077679300000000001,1.435143625762212e+17
runtime,ill_scaled,openmp,fp64,4,1919384,0,6,123,456,0.00052514300000000005,1.4351435651116214e+17
runtime,ill_scaled,openmp,mixed_fp32_fp64,4,1919384,0,6,123,456,0.00079472199999999998,1.435143625762212e+17
runtime,ill_scaled,openmp,fp64,4,1919384,0,7,123,456,0.00049967900000000005,1.4351435651116214e+17
runtime,ill_scaled,openmp,mixed_fp32_fp64,4,1919384,0,7,123,456,0.000635824,1.435143625762212e+17
runtime,ill_scaled,openmp,fp64,8,1919384,0,0,123,456,0.029664335,1.4351435651115704e+17
runtime,ill_scaled,openmp,mixed_fp32_fp64,8,1919384,0,0,123,456,0.014633704000000001,1.4351436257621989e+17
runtime,ill_scaled,openmp,fp64,8,1919384,0,1,123,456,0.016448935000000001,1.4351435651115704e+17
runtime,ill_scaled,openmp,mixed_fp32_fp64,8,1919384,0,1,123,456,0.018935494000000001,1.4351436257621989e+17
runtime,ill_scaled,openmp,fp64,8,1919384,0,2,123,456,0.016082748000000001,1.4351435651115704e+17
runtime,ill_scaled,openmp,mixed_fp32_fp64,8,1919384,0,2,123,456,0.021855250999999999,1.435143625762199e+17
runtime,ill_scaled,openmp,fp64,8,1919384,0,3,123,456,0.017989547000000002,1.4351435651115704e+17
runtime,ill_scaled,openmp,mixed_fp32_fp64,8,1919384,0,3,123,456,0.018703162999999998,1.435143625762199e+17
runtime,ill_scaled,openmp,fp64,8,1919384,0,4,123,456,0.008220883,1.4351435651115704e+17
runtime,ill_scaled,openmp,mixed_fp32_fp64,8,1919384,0,4,123,456,0.015240254,1.4351436257621987e+17
runtime,ill_scaled,openmp,fp64,8,1919384,0,5,123,456,0.011652948999999999,1.4351435651115704e+17
runtime,ill_scaled,openmp,mixed_fp32_fp64,8,1919384,0,5,123,456,0.002985845,1.4351436257621987e+17
runtime,ill_scaled,openmp,fp64,8,1919384,0,6,123,456,0.021332178,1.4351435651115704e+17
runtime,ill_scaled,openmp,mixed_fp32_fp64,8,1919384,0,6,123,456,0.016082155000000001,1.4351436257621987e+17
runtime,ill_scaled,openmp,fp64,8,1919384,0,7,123,456,0.012586533,1.4351435651115704e+17
runtime,ill_scaled,openmp,mixed_fp32_fp64,8,1919384,0,7,123,456,0.0030582349999999999,1.435143625762199e+17
runtime,ill_scaled,openmp,fp64,16,1919384,0,0,123,456,0.033306803000000003,1.4351435651115821e+17
runtime,ill_scaled,openmp,mixed_fp32_fp64,16,1919384,0,0,123,456,0.032184593999999997,1.4351436257622128e+17
runtime,ill_scaled,openmp,fp64,16,1919384,0,1,123,456,0.019357672999999999,1.4351435651115821e+17
runtime,ill_scaled,openmp,mixed_fp32_fp64,16,1919384,0,1,123,456,0.011221490000000001,1.4351436257622128e+17
runtime,ill_scaled,openmp,fp64,16,1919384,0,2,123,456,0.024564467,1.4351435651115824e+17
runtime,ill_scaled,openmp,mixed_fp32_fp64,16,1919384,0,2,123,456,0.021445002000000001,1.4351436257622125e+17
runtime,ill_scaled,openmp,fp64,16,1919384,0,3,123,456,0.020609540999999999,1.4351435651115821e+17
runtime,ill_scaled,openmp,mixed_fp32_fp64,16,1919384,0,3,123,456,0.021908561999999999,1.4351436257622125e+17
runtime,ill_scaled,openmp,fp64,16,1919384,0,4,123,456,0.018913257999999999,1.4351435651115822e+17
runtime,ill_scaled,openmp,mixed_fp32_fp64,16,1919384,0,4,123,456,0.022820940000000001,1.4351436257622128e+17
runtime,ill_scaled,openmp,fp64,16,1919384,0,5,123,456,0.019134374999999999,1.4351435651115821e+17
runtime,ill_scaled,openmp,mixed_fp32_fp64,16,1919384,0,5,123,456,0.016522472999999999,1.4351436257622128e+17
runtime,ill_scaled,openmp,fp64,16,1919384,0,6,123,456,0.015309758,1.4351435651115822e+17
runtime,ill_scaled,openmp,mixed_fp32_fp64,16,1919384,0,6,123,456,0.013254124000000001,1.4351436257622128e+17
runtime,ill_scaled,openmp,fp64,16,1919384,0,7,123,456,0.01480242,1.4351435651115819e+17
runtime,ill_scaled,openmp,mixed_fp32_fp64,16,1919384,0,7,123,456,0.012622810999999999,1.4351436257622128e+17
runtime,ill_scaled,openmp,fp64,22,1919384,0,0,123,456,0.030487233999999998,1.4351435651115955e+17
runtime,ill_scaled,openmp,mixed_fp32_fp64,22,1919384,0,0,123,456,0.019487272999999999,1.4351436257622179e+17
runtime,ill_scaled,openmp,fp64,22,1919384,0,1,123,456,0.037039910000000002,1.4351435651115952e+17
runtime,ill_scaled,openmp,mixed_fp32_fp64,22,1919384,0,1,123,456,0.027439544999999999,1.4351436257622186e+17
runtime,ill_scaled,openmp,fp64,22,1919384,0,2,123,456,0.031727893,1.4351435651115955e+17
runtime,ill_scaled,openmp,mixed_fp32_fp64,22,1919384,0,2,123,456,0.032127959999999997,1.4351436257622184e+17
runtime,ill_scaled,openmp,fp64,22,1919384,0,3,123,456,0.027006179000000002,1.4351435651115955e+17
runtime,ill_scaled,openmp,mixed_fp32_fp64,22,1919384,0,3,123,456,0.025128277000000001,1.4351436257622181e+17
runtime,ill_scaled,openmp,fp64,22,1919384,0,4,123,456,0.019775249000000002,1.4351435651115955e+17
runtime,ill_scaled,openmp,mixed_fp32_fp64,22,1919384,0,4,123,456,0.020496372999999998,1.4351436257622184e+17
runtime,ill_scaled,openmp,fp64,22,1919384,0,5,123,456,0.020433645,1.4351435651115954e+17
runtime,ill_scaled,openmp,mixed_fp32_fp64,22,1919384,0,5,123,456,0.020544900000000001,1.4351436257622181e+17
runtime,ill_scaled,openmp,fp64,22,1919384,0,6,123,456,0.010673093999999999,1.4351435651115955e+17
runtime,ill_scaled,openmp,mixed_fp32_fp64,22,1919384,0,6,123,456,0.020269112999999998,1.4351436257622184e+17
runtime,ill_scaled,openmp,fp64,22,1919384,0,7,123,456,0.014997633999999999,1.4351435651115952e+17
runtime,ill_scaled,openmp,mixed_fp32_fp64,22,1919384,0,7,123,456,0.008108812,1.4351436257622184e+17
runtime,ill_scaled,serial,fp64,,3684032,0,0,123,456,0.0037166529999999999,2.0138391500491181e+17
runtime,ill_scaled,serial,mixed_fp32_fp64,,3684032,0,0,123,456,0.0043323440000000001,2.0138391717488384e+17
runtime,ill_scaled,serial,fp64,,3684032,0,1,123,456,0.0036911660000000001,2.0138391500491181e+17
runtime,ill_scaled,serial,mixed_fp32_fp64,,3684032,0,1,123,456,0.0041564039999999998,2.0138391717488384e+17
runtime,ill_scaled,serial,fp64,,3684032,0,2,123,456,0.00341151,2.0138391500491181e+17
runtime,ill_scaled,serial,mixed_fp32_fp64,,3684032,0,2,123,456,0.0040779570000000001,2.0138391717488384e+17
runtime,ill_scaled,serial,fp64,,3684032,0,3,123,456,0.0034386759999999999,2.0138391500491181e+17
runtime,ill_scaled,serial,mixed_fp32_fp64,,3684032,0,3,123,456,0.0046634739999999999,2.0138391717488384e+17
runtime,ill_scaled,serial,fp64,,3684032,0,4,123,456,0.0034172120000000002,2.0138391500491181e+17
runtime,ill_scaled,serial,mixed_fp32_fp64,,3684032,0,4,123,456,0.004064926,2.0138391717488384e+17
runtime,ill_scaled,serial,fp64,,3684032,0,5,123,456,0.00338748,2.0138391500491181e+17
runtime,ill_scaled,serial,mixed_fp32_fp64,,3684032,0,5,123,456,0.0044432070000000002,2.0138391717488384e+17
runtime,ill_scaled,serial,fp64,,3684032,0,6,123,456,0.003603434,2.0138391500491181e+17
runtime,ill_scaled,serial,mixed_fp32_fp64,,3684032,0,6,123,456,0.0044457869999999997,2.0138391717488384e+17
runtime,ill_scaled,serial,fp64,,3684032,0,7,123,456,0.0038675210000000001,2.0138391500491181e+17
runtime,ill_scaled,serial,mixed_fp32_fp64,,3684032,0,7,123,456,0.0043734719999999998,2.0138391717488384e+17
runtime,ill_scaled,openmp,fp64,1,3684032,0,0,123,456,0.003395754,2.0138391500491181e+17
runtime,ill_scaled,openmp,mixed_fp32_fp64,1,3684032,0,0,123,456,0.0040652079999999998,2.0138391717488384e+17
runtime,ill_scaled,openmp,fp64,1,3684032,0,1,123,456,0.003377283,2.0138391500491181e+17
runtime,ill_scaled,openmp,mixed_fp32_fp64,1,3684032,0,1,123,456,0.0041549079999999997,2.0138391717488384e+17
runtime,ill_scaled,openmp,fp64,1,3684032,0,2,123,456,0.003255324,2.0138391500491181e+17
runtime,ill_scaled,openmp,mixed_fp32_fp64,1,3684032,0,2,123,456,0.0039088500000000002,2.0138391717488384e+17
runtime,ill_scaled,openmp,fp64,1,3684032,0,3,123,456,0.0032420729999999998,2.0138391500491181e+17
runtime,ill_scaled,openmp,mixed_fp32_fp64,1,3684032,0,3,123,456,0.0044125919999999999,2.0138391717488384e+17
runtime,ill_scaled,openmp,fp64,1,3684032,0,4,123,456,0.0033702939999999998,2.0138391500491181e+17
runtime,ill_scaled,openmp,mixed_fp32_fp64,1,3684032,0,4,123,456,0.0040944320000000003,2.0138391717488384e+17
runtime,ill_scaled,openmp,fp64,1,3684032,0,5,123,456,0.0033102349999999999,2.0138391500491181e+17
runtime,ill_scaled,openmp,mixed_fp32_fp64,1,3684032,0,5,123,456,0.0041344620000000002,2.0138391717488384e+17
runtime,ill_scaled,openmp,fp64,1,3684032,0,6,123,456,0.0033365970000000002,2.0138391500491181e+17
runtime,ill_scaled,openmp,mixed_fp32_fp64,1,3684032,0,6,123,456,0.0041933750000000001,2.0138391717488384e+17
runtime,ill_scaled,openmp,fp64,1,3684032,0,7,123,456,0.003317642,2.0138391500491181e+17
runtime,ill_scaled,openmp,mixed_fp32_fp64,1,3684032,0,7,123,456,0.0041871160000000003,2.0138391717488384e+17
runtime,ill_scaled,openmp,fp64,2,3684032,0,0,123,456,0.0030408169999999999,2.0138391500492301e+17
runtime,ill_scaled,openmp,mixed_fp32_fp64,2,3684032,0,0,123,456,0.0029561420000000001,2.0138391717489744e+17
runtime,ill_scaled,openmp,fp64,2,3684032,0,1,123,456,0.001921629,2.0138391500492301e+17
runtime,ill_scaled,openmp,mixed_fp32_fp64,2,3684032,0,1,123,456,0.002627931,2.0138391717489744e+17
runtime,ill_scaled,openmp,fp64,2,3684032,0,2,123,456,0.0023735750000000002,2.0138391500492301e+17
runtime,ill_scaled,openmp,mixed_fp32_fp64,2,3684032,0,2,123,456,0.002186847,2.0138391717489744e+17
runtime,ill_scaled,openmp,fp64,2,3684032,0,3,123,456,0.0026124690000000001,2.0138391500492301e+17
runtime,ill_scaled,openmp,mixed_fp32_fp64,2,3684032,0,3,123,456,0.0022317489999999999,2.0138391717489744e+17
runtime,ill_scaled,openmp,fp64,2,3684032,0,4,123,456,0.0018904200000000001,2.0138391500492301e+17
runtime,ill_scaled,openmp,mixed_fp32_fp64,2,3684032,0,4,123,456,0.0021941399999999998,2.0138391717489744e+17
runtime,ill_scaled,openmp,fp64,2,3684032,0,5,123,456,0.001841847,2.0138391500492301e+17
runtime,ill_scaled,openmp,mixed_fp32_fp64,2,3684032,0,5,123,456,0.0021982410000000001,2.0138391717489744e+17
runtime,ill_scaled,openmp,fp64,2,3684032,0,6,123,456,0.0018379379999999999,2.0138391500492301e+17
runtime,ill_scaled,openmp,mixed_fp32_fp64,2,3684032,0,6,123,456,0.0026036900000000001,2.0138391717489744e+17
runtime,ill_scaled,openmp,fp64,2,3684032,0,7,123,456,0.001926482,2.0138391500492301e+17
runtime,ill_scaled,openmp,mixed_fp32_fp64,2,3684032,0,7,123,456,0.0021876479999999999,2.0138391717489744e+17
runtime,ill_scaled,openmp,fp64,4,3684032,0,0,123,456,0.0018013770000000001,2.0138391500491885e+17
runtime,ill_scaled,openmp,mixed_fp32_fp64,4,3684032,0,0,123,456,0.001247838,2.0138391717489568e+17
runtime,ill_scaled,openmp,fp64,4,3684032,0,1,123,456,0.0010894940000000001,2.0138391500491885e+17
runtime,ill_scaled,openmp,mixed_fp32_fp64,4,3684032,0,1,123,456,0.001217159,2.0138391717489565e+17
runtime,ill_scaled,openmp,fp64,4,3684032,0,2,123,456,0.001037245,2.0138391500491885e+17
runtime,ill_scaled,openmp,mixed_fp32_fp64,4,3684032,0,2,123,456,0.0011689669999999999,2.0138391717489568e+17
runtime,ill_scaled,openmp,fp64,4,3684032,0,3,123,456,0.001002438,2.0138391500491885e+17
runtime,ill_scaled,openmp,mixed_fp32_fp64,4,3684032,0,3,123,456,0.001106206,2.0138391717489568e+17
runtime,ill_scaled,openmp,fp64,4,3684032,0,4,123,456,0.012669204,2.0138391500491885e+17
runtime,ill_scaled,openmp,mixed_fp32_fp64,4,3684032,0,4,123,456,0.0014121120000000001,2.0138391717489568e+17
runtime,ill_scaled,openmp,fp64,4,3684032,0,5,123,456,0.001246579,2.0138391500491885e+17
runtime,ill_scaled,openmp,mixed_fp32_fp64,4,3684032,0,5,123,456,0.0013438359999999999,2.0138391717489568e+17
runtime,ill_scaled,openmp,fp64,4,3684032,0,6,123,456,0.0012195890000000001,2.0138391500491885e+17
runtime,ill_scaled,openmp,mixed_fp32_fp64,4,3684032,0,6,123,456,0.0040844760000000001,2.0138391717489568e+17
runtime,ill_scaled,openmp,fp64,4,3684032,0,7,123,456,0.0015744190000000001,2.0138391500491885e+17
runtime,ill_scaled,openmp,mixed_fp32_fp64,4,3684032,0,7,123,456,0.0023553770000000001,2.0138391717489565e+17
runtime,ill_scaled,openmp,fp64,8,3684032,0,0,123,456,0.021207574999999999,2.0138391500491558e+17
runtime,ill_scaled,openmp,mixed_fp32_fp64,8,3684032,0,0,123,456,0.016351174999999999,2.0138391717489491e+17
runtime,ill_scaled,openmp,fp64,8,3684032,0,1,123,456,0.015991341999999999,2.0138391500491562e+17
runtime,ill_scaled,openmp,mixed_fp32_fp64,8,3684032,0,1,123,456,0.017880604000000001,2.0138391717489491e+17
runtime,ill_scaled,openmp,fp64,8,3684032,0,2,123,456,0.018432054,2.0138391500491562e+17
runtime,ill_scaled,openmp,mixed_fp32_fp64,8,3684032,0,2,123,456,0.01576926,2.0138391717489494e+17
runtime,ill_scaled,openmp,fp64,8,3684032,0,3,123,456,0.015528045000000001,2.0138391500491555e+17
runtime,ill_scaled,openmp,mixed_fp32_fp64,8,3684032,0,3,123,456,0.019386298999999999,2.0138391717489494e+17
runtime,ill_scaled,openmp,fp64,8,3684032,0,4,123,456,0.015628555999999998,2.0138391500491562e+17
runtime,ill_scaled,openmp,mixed_fp32_fp64,8,3684032,0,4,123,456,0.017963593,2.0138391717489494e+17
runtime,ill_scaled,openmp,fp64,8,3684032,0,5,123,456,0.013966701999999999,2.0138391500491558e+17
runtime,ill_scaled,openmp,mixed_fp32_fp64,8,3684032,0,5,123,456,0.018324139,2.0138391717489494e+17
runtime,ill_scaled,openmp,fp64,8,3684032,0,6,123,456,0.015980477,2.0138391500491565e+17
runtime,ill_scaled,openmp,mixed_fp32_fp64,8,3684032,0,6,123,456,0.010275262,2.0138391717489491e+17
runtime,ill_scaled,openmp,fp64,8,3684032,0,7,123,456,0.0094052939999999998,2.0138391500491558e+17
runtime,ill_scaled,openmp,mixed_fp32_fp64,8,3684032,0,7,123,456,0.010314392,2.0138391717489494e+17
runtime,ill_scaled,openmp,fp64,16,3684032,0,0,123,456,0.027941496999999999,2.0138391500491677e+17
runtime,ill_scaled,openmp,mixed_fp32_fp64,16,3684032,0,0,123,456,0.024895059000000001,2.0138391717489741e+17
runtime,ill_scaled,openmp,fp64,16,3684032,0,1,123,456,0.023065632999999999,2.013839150049168e+17
runtime,ill_scaled,openmp,mixed_fp32_fp64,16,3684032,0,1,123,456,0.022767978000000001,2.0138391717489741e+17
runtime,ill_scaled,openmp,fp64,16,3684032,0,2,123,456,0.015793821,2.0138391500491677e+17
runtime,ill_scaled,openmp,mixed_fp32_fp64,16,3684032,0,2,123,456,0.018024169999999999,2.0138391717489741e+17
runtime,ill_scaled,openmp,fp64,16,3684032,0,3,123,456,0.015666275,2.0138391500491677e+17
runtime,ill_scaled,openmp,mixed_fp32_fp64,16,3684032,0,3,123,456,0.016921170999999999,2.0138391717489747e+17
runtime,ill_scaled,openmp,fp64,16,3684032,0,4,123,456,0.021330849999999998,2.0138391500491674e+17
runtime,ill_scaled,openmp,mixed_fp32_fp64,16,3684032,0,4,123,456,0.0089008190000000008,2.0138391717489734e+17
runtime,ill_scaled,openmp,fp64,16,3684032,0,5,123,456,0.017526567,2.0138391500491677e+17
runtime,ill_scaled,openmp,mixed_fp32_fp64,16,3684032,0,5,123,456,0.012149752,2.0138391717489747e+17
runtime,ill_scaled,openmp,fp64,16,3684032,0,6,123,456,0.016332164,2.013839150049168e+17
runtime,ill_scaled,openmp,mixed_fp32_fp64,16,3684032,0,6,123,456,0.015629631000000001,2.0138391717489738e+17
runtime,ill_scaled,openmp,fp64,16,3684032,0,7,123,456,0.019115904999999999,2.013839150049168e+17
runtime,ill_scaled,openmp,mixed_fp32_fp64,16,3684032,0,7,123,456,0.018626519000000001,2.0138391717489738e+17
runtime,ill_scaled,openmp,fp64,22,3684032,0,0,123,456,0.023875698000000001,2.0138391500491552e+17
runtime,ill_scaled,openmp,mixed_fp32_fp64,22,3684032,0,0,123,456,0.018705566999999999,2.0138391717489382e+17
runtime,ill_scaled,openmp,fp64,22,3684032,0,1,123,456,0.036519141999999997,2.0138391500491546e+17
runtime,ill_scaled,openmp,mixed_fp32_fp64,22,3684032,0,1,123,456,0.024701463999999999,2.0138391717489389e+17
runtime,ill_scaled,openmp,fp64,22,3684032,0,2,123,456,0.014790648999999999,2.0138391500491555e+17
runtime,ill_scaled,openmp,mixed_fp32_fp64,22,3684032,0,2,123,456,0.026439516999999999,2.0138391717489389e+17
runtime,ill_scaled,openmp,fp64,22,3684032,0,3,123,456,0.025636519999999999,2.0138391500491552e+17
runtime,ill_scaled,openmp,mixed_fp32_fp64,22,3684032,0,3,123,456,0.028428545999999999,2.0138391717489379e+17
runtime,ill_scaled,openmp,fp64,22,3684032,0,4,123,456,0.027807974999999999,2.0138391500491558e+17
runtime,ill_scaled,openmp,mixed_fp32_fp64,22,3684032,0,4,123,456,0.02187074,2.0138391717489379e+17
runtime,ill_scaled,openmp,fp64,22,3684032,0,5,123,456,0.021977024000000001,2.0138391500491542e+17
runtime,ill_scaled,openmp,mixed_fp32_fp64,22,3684032,0,5,123,456,0.024744822999999999,2.0138391717489382e+17
runtime,ill_scaled,openmp,fp64,22,3684032,0,6,123,456,0.019223021,2.0138391500491552e+17
runtime,ill_scaled,openmp,mixed_fp32_fp64,22,3684032,0,6,123,456,0.020926317999999999,2.0138391717489379e+17
runtime,ill_scaled,openmp,fp64,22,3684032,0,7,123,456,0.016917506999999998,2.0138391500491552e+17
runtime,ill_scaled,openmp,mixed_fp32_fp64,22,3684032,0,7,123,456,0.025794579000000002,2.0138391717489386e+17
runtime,ill_scaled,serial,fp64,,7071068,0,0,123,456,0.0068064919999999999,6.2017318778868915e+17
runtime,ill_scaled,serial,mixed_fp32_fp64,,7071068,0,0,123,456,0.0082831099999999998,6.2017318704191693e+17
runtime,ill_scaled,serial,fp64,,7071068,0,1,123,456,0.0068217190000000004,6.2017318778868915e+17
runtime,ill_scaled,serial,mixed_fp32_fp64,,7071068,0,1,123,456,0.0073287079999999998,6.2017318704191693e+17
runtime,ill_scaled,serial,fp64,,7071068,0,2,123,456,0.0073378100000000002,6.2017318778868915e+17
runtime,ill_scaled,serial,mixed_fp32_fp64,,7071068,0,2,123,456,0.0094260349999999993,6.2017318704191693e+17
runtime,ill_scaled,serial,fp64,,7071068,0,3,123,456,0.0062957689999999997,6.2017318778868915e+17
runtime,ill_scaled,serial,mixed_fp32_fp64,,7071068,0,3,123,456,0.0086149360000000001,6.2017318704191693e+17
runtime,ill_scaled,serial,fp64,,7071068,0,4,123,456,0.0063494609999999998,6.2017318778868915e+17
runtime,ill_scaled,serial,mixed_fp32_fp64,,7071068,0,4,123,456,0.0070749530000000001,6.2017318704191693e+17
runtime,ill_scaled,serial,fp64,,7071068,0,5,123,456,0.0062885119999999996,6.2017318778868915e+17
runtime,ill_scaled,serial,mixed_fp32_fp64,,7071068,0,5,123,456,0.0084511759999999995,6.2017318704191693e+17
runtime,ill_scaled,serial,fp64,,7071068,0,6,123,456,0.0090969299999999996,6.2017318778868915e+17
runtime,ill_scaled,serial,mixed_fp32_fp64,,7071068,0,6,123,456,0.007667765,6.2017318704191693e+17
runtime,ill_scaled,serial,fp64,,7071068,0,7,123,456,0.007828237,6.2017318778868915e+17
runtime,ill_scaled,serial,mixed_fp32_fp64,,7071068,0,7,123,456,0.0081697130000000003,6.2017318704191693e+17
runtime,ill_scaled,openmp,fp64,1,7071068,0,0,123,456,0.0064412790000000003,6.2017318778868915e+17
runtime,ill_scaled,openmp,mixed_fp32_fp64,1,7071068,0,0,123,456,0.0089085350000000004,6.2017318704191693e+17
runtime,ill_scaled,openmp,fp64,1,7071068,0,1,123,456,0.0065383129999999996,6.2017318778868915e+17
runtime,ill_scaled,openmp,mixed_fp32_fp64,1,7071068,0,1,123,456,0.0091216549999999993,6.2017318704191693e+17
runtime,ill_scaled,openmp,fp64,1,7071068,0,2,123,456,0.006710756,6.2017318778868915e+17
runtime,ill_scaled,openmp,mixed_fp32_fp64,1,7071068,0,2,123,456,0.0079265550000000001,6.2017318704191693e+17
runtime,ill_scaled,openmp,fp64,1,7071068,0,3,123,456,0.0070184180000000002,6.2017318778868915e+17
runtime,ill_scaled,openmp,mixed_fp32_fp64,1,7071068,0,3,123,456,0.00766922,6.2017318704191693e+17
runtime,ill_scaled,openmp,fp64,1,7071068,0,4,123,456,0.006453192,6.2017318778868915e+17
runtime,ill_scaled,openmp,mixed_fp32_fp64,1,7071068,0,4,123,456,0.0091017839999999999,6.2017318704191693e+17
runtime,ill_scaled,openmp,fp64,1,7071068,0,5,123,456,0.0066089540000000002,6.2017318778868915e+17
runtime,ill_scaled,openmp,mixed_fp32_fp64,1,7071068,0,5,123,456,0.008629467,6.2017318704191693e+17
runtime,ill_scaled,openmp,fp64,1,7071068,0,6,123,456,0.0065268820000000003,6.2017318778868915e+17
runtime,ill_scaled,openmp,mixed_fp32_fp64,1,7071068,0,6,123,456,0.0091451959999999995,6.2017318704191693e+17
runtime,ill_scaled,openmp,fp64,1,7071068,0,7,123,456,0.007767894,6.2017318778868915e+17
runtime,ill_scaled,openmp,mixed_fp32_fp64,1,7071068,0,7,123,456,0.0081385480000000007,6.2017318704191693e+17
runtime,ill_scaled,openmp,fp64,2,7071068,0,0,123,456,0.0050579570000000001,6.2017318778864576e+17
runtime,ill_scaled,openmp,mixed_fp32_fp64,2,7071068,0,0,123,456,0.0055347549999999997,6.2017318704190515e+17
runtime,ill_scaled,openmp,fp64,2,7071068,0,1,123,456,0.004829837,6.2017318778864576e+17
runtime,ill_scaled,openmp,mixed_fp32_fp64,2,7071068,0,1,123,456,0.0058084479999999999,6.2017318704190515e+17
runtime,ill_scaled,openmp,fp64,2,7071068,0,2,123,456,0.0037338029999999999,6.2017318778864576e+17
runtime,ill_scaled,openmp,mixed_fp32_fp64,2,7071068,0,2,123,456,0.0050938299999999997,6.2017318704190515e+17
runtime,ill_scaled,openmp,fp64,2,7071068,0,3,123,456,0.0035207960000000001,6.2017318778864576e+17
runtime,ill_scaled,openmp,mixed_fp32_fp64,2,7071068,0,3,123,456,0.0039106000000000002,6.2017318704190515e+17
runtime,ill_scaled,openmp,fp64,2,7071068,0,4,123,456,0.0041671219999999997,6.2017318778864576e+17
runtime,ill_scaled,openmp,mixed_fp32_fp64,2,7071068,0,4,123,456,0.0038632689999999999,6.2017318704190515e+17
runtime,ill_scaled,openmp,fp64,2,7071068,0,5,123,456,0.0034672599999999998,6.2017318778864576e+17
runtime,ill_scaled,openmp,mixed_fp32_fp64,2,7071068,0,5,123,456,0.0048786970000000004,6.2017318704190515e+17
runtime,ill_scaled,openmp,fp64,2,7071068,0,6,123,456,0.004923017,6.2017318778864576e+17
runtime,ill_scaled,openmp,mixed_fp32_fp64,2,7071068,0,6,123,456,0.0062576239999999998,6.2017318704190515e+17
runtime,ill_scaled,openmp,fp64,2,7071068,0,7,123,456,0.0040549469999999997,6.2017318778864576e+17
runtime,ill_scaled,openmp,mixed_fp32_fp64,2,7071068,0,7,123,456,0.0059898199999999999,6.2017318704190515e+17
runtime,ill_scaled,openmp,fp64,4,7071068,0,0,123,456,0.0029368520000000002,6.2017318778871002e+17
runtime,ill_scaled,openmp,mixed_fp32_fp64,4,7071068,0,0,123,456,0.0031555760000000002,6.201731870419561e+17
runtime,ill_scaled,openmp,fp64,4,7071068,0,1,123,456,0.0024632120000000002,6.2017318778871002e+17
runtime,ill_scaled,openmp,mixed_fp32_fp64,4,7071068,0,1,123,456,0.0057412840000000001,6.201731870419561e+17
runtime,ill_scaled,openmp,fp64,4,7071068,0,2,123,456,0.0070980870000000003,6.2017318778871002e+17
runtime,ill_scaled,openmp,mixed_fp32_fp64,4,7071068,0,2,123,456,0.0055204700000000004,6.201731870419561e+17
runtime,ill_scaled,openmp,fp64,4,7071068,0,3,123,456,0.005114866,6.2017318778871002e+17
runtime,ill_scaled,openmp,mixed_fp32_fp64,4,7071068,0,3,123,456,0.0071345030000000004,6.201731870419561e+17
runtime,ill_scaled,openmp,fp64,4,7071068,0,4,123,456,0.0050058489999999997,6.2017318778871002e+17
runtime,ill_scaled,openmp,mixed_fp32_fp64,4,7071068,0,4,123,456,0.0058215209999999996,6.201731870419561e+17
runtime,ill_scaled,openmp,fp64,4,7071068,0,5,123,456,0.0053887220000000003,6.2017318778871002e+17
runtime,ill_scaled,openmp,mixed_fp32_fp64,4,7071068,0,5,123,456,0.0064164590000000002,6.201731870419561e+17
runtime,ill_scaled,openmp,fp64,4,7071068,0,6,123,456,0.003704139,6.2017318778871002e+17
runtime,ill_scaled,openmp,mixed_fp32_fp64,4,7071068,0,6,123,456,0.0033335249999999999,6.201731870419561e+17
runtime,ill_scaled,openmp,fp64,4,7071068,0,7,123,456,0.0026065659999999998,6.2017318778871002e+17
runtime,ill_scaled,openmp,mixed_fp32_fp64,4,7071068,0,7,123,456,0.0063840879999999996,6.201731870419561e+17
runtime,ill_scaled,openmp,fp64,8,7071068,0,0,123,456,0.024603765999999999,6.201731877887017e+17
runtime,ill_scaled,openmp,mixed_fp32_fp64,8,7071068,0,0,123,456,0.016826573000000001,6.2017318704195174e+17
runtime,ill_scaled,openmp,fp64,8,7071068,0,1,123,456,0.018704162,6.201731877887017e+17
runtime,ill_scaled,openmp,mixed_fp32_fp64,8,7071068,0,1,123,456,0.017585387000000001,6.2017318704195162e+17
runtime,ill_scaled,openmp,fp64,8,7071068,0,2,123,456,0.023701389999999999,6.201731877887017e+17
runtime,ill_scaled,openmp,mixed_fp32_fp64,8,7071068,0,2,123,456,0.0070715109999999999,6.2017318704195174e+17
runtime,ill_scaled,openmp,fp64,8,7071068,0,3,123,456,0.0059196580000000004,6.201731877887017e+17
runtime,ill_scaled,openmp,mixed_fp32_fp64,8,7071068,0,3,123,456,0.013274654,6.2017318704195174e+17
runtime,ill_scaled,openmp,fp64,8,7071068,0,4,123,456,0.012358879,6.201731877887017e+17
runtime,ill_scaled,openmp,mixed_fp32_fp64,8,7071068,0,4,123,456,0.011516019000000001,6.2017318704195162e+17
runtime,ill_scaled,openmp,fp64,8,7071068,0,5,123,456,0.017508109000000001,6.201731877887017e+17
runtime,ill_scaled,openmp,mixed_fp32_fp64,8,7071068,0,5,123,456,0.011327812,6.2017318704195174e+17
runtime,ill_scaled,openmp,fp64,8,7071068,0,6,123,456,0.01470525,6.201731877887017e+17
runtime,ill_scaled,openmp,mixed_fp32_fp64,8,7071068,0,6,123,456,0.014854354,6.2017318704195174e+17
runtime,ill_scaled,openmp,fp64,8,7071068,0,7,123,456,0.00401623,6.201731877887017e+17
runtime,ill_scaled,openmp,mixed_fp32_fp64,8,7071068,0,7,123,456,0.0095027659999999993,6.2017318704195174e+17
runtime,ill_scaled,openmp,fp64,16,7071068,0,0,123,456,0.040117572999999997,6.2017318778868723e+17
runtime,ill_scaled,openmp,mixed_fp32_fp64,16,7071068,0,0,123,456,0.023336570000000001,6.2017318704194445e+17
runtime,ill_scaled,openmp,fp64,16,7071068,0,1,123,456,0.030336551,6.2017318778868723e+17
runtime,ill_scaled,openmp,mixed_fp32_fp64,16,7071068,0,1,123,456,0.018078573000000001,6.2017318704194445e+17
runtime,ill_scaled,openmp,fp64,16,7071068,0,2,123,456,0.023215854000000001,6.2017318778868723e+17
runtime,ill_scaled,openmp,mixed_fp32_fp64,16,7071068,0,2,123,456,0.019727016,6.2017318704194432e+17
runtime,ill_scaled,openmp,fp64,16,7071068,0,3,123,456,0.018176112000000001,6.2017318778868723e+17
runtime,ill_scaled,openmp,mixed_fp32_fp64,16,7071068,0,3,123,456,0.016606589000000001,6.2017318704194432e+17
runtime,ill_scaled,openmp,fp64,16,7071068,0,4,123,456,0.023811307,6.201731877886871e+17
runtime,ill_scaled,openmp,mixed_fp32_fp64,16,7071068,0,4,123,456,0.019350564000000001,6.2017318704194432e+17
runtime,ill_scaled,openmp,fp64,16,7071068,0,5,123,456,0.013816032000000001,6.201731877886871e+17
runtime,ill_scaled,openmp,mixed_fp32_fp64,16,7071068,0,5,123,456,0.015633269000000002,6.2017318704194432e+17
runtime,ill_scaled,openmp,fp64,16,7071068,0,6,123,456,0.020540658999999999,6.2017318778868723e+17
runtime,ill_scaled,openmp,mixed_fp32_fp64,16,7071068,0,6,123,456,0.010696506,6.2017318704194432e+17
runtime,ill_scaled,openmp,fp64,16,7071068,0,7,123,456,0.018438329,6.2017318778868723e+17
runtime,ill_scaled,openmp,mixed_fp32_fp64,16,7071068,0,7,123,456,0.013210853,6.2017318704194432e+17
runtime,ill_scaled,openmp,fp64,22,7071068,0,0,123,456,0.02777495,6.2017318778869453e+17
runtime,ill_scaled,openmp,mixed_fp32_fp64,22,7071068,0,0,123,456,0.014582378,6.2017318704194944e+17
runtime,ill_scaled,openmp,fp64,22,7071068,0,1,123,456,0.021510567000000001,6.2017318778869466e+17
runtime,ill_scaled,openmp,mixed_fp32_fp64,22,7071068,0,1,123,456,0.015385137,6.2017318704194944e+17
runtime,ill_scaled,openmp,fp64,22,7071068,0,2,123,456,0.026705817,6.2017318778869453e+17
runtime,ill_scaled,openmp,mixed_fp32_fp64,22,7071068,0,2,123,456,0.028592954,6.2017318704194944e+17
runtime,ill_scaled,openmp,fp64,22,7071068,0,3,123,456,0.015109581,6.201731877886944e+17
runtime,ill_scaled,openmp,mixed_fp32_fp64,22,7071068,0,3,123,456,0.026570450999999998,6.2017318704194957e+17
runtime,ill_scaled,openmp,fp64,22,7071068,0,4,123,456,0.018327429999999999,6.2017318778869453e+17
runtime,ill_scaled,openmp,mixed_fp32_fp64,22,7071068,0,4,123,456,0.023875938999999999,6.2017318704194944e+17
runtime,ill_scaled,openmp,fp64,22,7071068,0,5,123,456,0.026082054,6.2017318778869466e+17
runtime,ill_scaled,openmp,mixed_fp32_fp64,22,7071068,0,5,123,456,0.010327289999999999,6.2017318704194944e+17
runtime,ill_scaled,openmp,fp64,22,7071068,0,6,123,456,0.013281388999999999,6.2017318778869453e+17
runtime,ill_scaled,openmp,mixed_fp32_fp64,22,7071068,0,6,123,456,0.023785687999999999,6.2017318704194944e+17
runtime,ill_scaled,openmp,fp64,22,7071068,0,7,123,456,0.017612328999999999,6.2017318778869466e+17
runtime,ill_scaled,openmp,mixed_fp32_fp64,22,7071068,0,7,123,456,0.018479576000000001,6.2017318704194944e+17
runtime,ill_scaled,serial,fp64,,13572088,0,0,123,456,0.012753112,8.1029420433096576e+17
runtime,ill_scaled,serial,mixed_fp32_fp64,,13572088,0,0,123,456,0.014355985999999999,8.1029419052503066e+17
runtime,ill_scaled,serial,fp64,,13572088,0,1,123,456,0.012860518,8.1029420433096576e+17
runtime,ill_scaled,serial,mixed_fp32_fp64,,13572088,0,1,123,456,0.016633196999999999,8.1029419052503066e+17
runtime,ill_scaled,serial,fp64,,13572088,0,2,123,456,0.012977488000000001,8.1029420433096576e+17
runtime,ill_scaled,serial,mixed_fp32_fp64,,13572088,0,2,123,456,0.01428843,8.1029419052503066e+17
runtime,ill_scaled,serial,fp64,,13572088,0,3,123,456,0.012899547000000001,8.1029420433096576e+17
runtime,ill_scaled,serial,mixed_fp32_fp64,,13572088,0,3,123,456,0.014220754,8.1029419052503066e+17
runtime,ill_scaled,serial,fp64,,13572088,0,4,123,456,0.012690191,8.1029420433096576e+17
runtime,ill_scaled,serial,mixed_fp32_fp64,,13572088,0,4,123,456,0.016217602000000001,8.1029419052503066e+17
runtime,ill_scaled,serial,fp64,,13572088,0,5,123,456,0.014242556,8.1029420433096576e+17
runtime,ill_scaled,serial,mixed_fp32_fp64,,13572088,0,5,123,456,0.016626465999999999,8.1029419052503066e+17
runtime,ill_scaled,serial,fp64,,13572088,0,6,123,456,0.015707909999999999,8.1029420433096576e+17
runtime,ill_scaled,serial,mixed_fp32_fp64,,13572088,0,6,123,456,0.016767052000000001,8.1029419052503066e+17
runtime,ill_scaled,serial,fp64,,13572088,0,7,123,456,0.016732628999999999,8.1029420433096576e+17
runtime,ill_scaled,serial,mixed_fp32_fp64,,13572088,0,7,123,456,0.016488131,8.1029419052503066e+17
runtime,ill_scaled,openmp,fp64,1,13572088,0,0,123,456,0.013164975000000001,8.1029420433096576e+17
runtime,ill_scaled,openmp,mixed_fp32_fp64,1,13572088,0,0,123,456,0.020926351999999999,8.1029419052503066e+17
runtime,ill_scaled,openmp,fp64,1,13572088,0,1,123,456,0.012436686000000001,8.1029420433096576e+17
runtime,ill_scaled,openmp,mixed_fp32_fp64,1,13572088,0,1,123,456,0.013213249,8.1029419052503066e+17
runtime,ill_scaled,openmp,fp64,1,13572088,0,2,123,456,0.011437882,8.1029420433096576e+17
runtime,ill_scaled,openmp,mixed_fp32_fp64,1,13572088,0,2,123,456,0.013760896,8.1029419052503066e+17
runtime,ill_scaled,openmp,fp64,1,13572088,0,3,123,456,0.011829279999999999,8.1029420433096576e+17
runtime,ill_scaled,openmp,mixed_fp32_fp64,1,13572088,0,3,123,456,0.015887155,8.1029419052503066e+17
runtime,ill_scaled,openmp,fp64,1,13572088,0,4,123,456,0.014356584,8.1029420433096576e+17
runtime,ill_scaled,openmp,mixed_fp32_fp64,1,13572088,0,4,123,456,0.017180658000000001,8.1029419052503066e+17
runtime,ill_scaled,openmp,fp64,1,13572088,0,5,123,456,0.015357440999999999,8.1029420433096576e+17
runtime,ill_scaled,openmp,mixed_fp32_fp64,1,13572088,0,5,123,456,0.014796368000000001,8.1029419052503066e+17
runtime,ill_scaled,openmp,fp64,1,13572088,0,6,123,456,0.012993826999999999,8.1029420433096576e+17
runtime,ill_scaled,openmp,mixed_fp32_fp64,1,13572088,0,6,123,456,0.023093404000000001,8.1029419052503066e+17
runtime,ill_scaled,openmp,fp64,1,13572088,0,7,123,456,0.011353566000000001,8.1029420433096576e+17
runtime,ill_scaled,openmp,mixed_fp32_fp64,1,13572088,0,7,123,456,0.015935273,8.1029419052503066e+17
runtime,ill_scaled,openmp,fp64,2,13572088,0,0,123,456,0.011772866999999999,8.1029420433092531e+17
runtime,ill_scaled,openmp,mixed_fp32_fp64,2,13572088,0,0,123,456,0.010544451999999999,8.1029419052501734e+17
runtime,ill_scaled,openmp,fp64,2,13572088,0,1,123,456,0.0078838229999999999,8.1029420433092531e+17
runtime,ill_scaled,openmp,mixed_fp32_fp64,2,13572088,0,1,123,456,0.0075790789999999999,8.1029419052501734e+17
runtime,ill_scaled,openmp,fp64,2,13572088,0,2,123,456,0.0073630620000000001,8.1029420433092531e+17
runtime,ill_scaled,openmp,mixed_fp32_fp64,2,13572088,0,2,123,456,0.0097286200000000003,8.1029419052501734e+17
runtime,ill_scaled,openmp,fp64,2,13572088,0,3,123,456,0.007415909,8.1029420433092531e+17
runtime,ill_scaled,openmp,mixed_fp32_fp64,2,13572088,0,3,123,456,0.0076875859999999997,8.1029419052501734e+17
runtime,ill_scaled,openmp,fp64,2,13572088,0,4,123,456,0.006904561,8.1029420433092531e+17
runtime,ill_scaled,openmp,mixed_fp32_fp64,2,13572088,0,4,123,456,0.0073442610000000004,8.1029419052501734e+17
runtime,ill_scaled,openmp,fp64,2,13572088,0,5,123,456,0.0066284359999999997,8.1029420433092531e+17
runtime,ill_scaled,openmp,mixed_fp32_fp64,2,13572088,0,5,123,456,0.0086803739999999994,8.1029419052501734e+17
runtime,ill_scaled,openmp,fp64,2,13572088,0,6,123,456,0.0065373159999999996,8.1029420433092531e+17
runtime,ill_scaled,openmp,mixed_fp32_fp64,2,13572088,0,6,123,456,0.0075429470000000004,8.1029419052501734e+17
runtime,ill_scaled,openmp,fp64,2,13572088,0,7,123,456,0.0069567969999999998,8.1029420433092531e+17
runtime,ill_scaled,openmp,mixed_fp32_fp64,2,13572088,0,7,123,456,0.0079025610000000007,8.1029419052501734e+17
runtime,ill_scaled,openmp,fp64,4,13572088,0,0,123,456,0.0043044650000000004,8.1029420433087309e+17
runtime,ill_scaled,openmp,mixed_fp32_fp64,4,13572088,0,0,123,456,0.0068194700000000002,8.1029419052499251e+17
runtime,ill_scaled,openmp,fp64,4,13572088,0,1,123,456,0.010587844000000001,8.1029420433087309e+17
runtime,ill_scaled,openmp,mixed_fp32_fp64,4,13572088,0,1,123,456,0.014415150999999999,8.1029419052499251e+17
runtime,ill_scaled,openmp,fp64,4,13572088,0,2,123,456,0.0067136239999999996,8.1029420433087322e+17
runtime,ill_scaled,openmp,mixed_fp32_fp64,4,13572088,0,2,123,456,0.011616075999999999,8.1029419052499251e+17
runtime,ill_scaled,openmp,fp64,4,13572088,0,3,123,456,0.0055001110000000002,8.1029420433087322e+17
runtime,ill_scaled,openmp,mixed_fp32_fp64,4,13572088,0,3,123,456,0.0055934419999999997,8.1029419052499251e+17
runtime,ill_scaled,openmp,fp64,4,13572088,0,4,123,456,0.0097257430000000002,8.1029420433087309e+17
runtime,ill_scaled,openmp,mixed_fp32_fp64,4,13572088,0,4,123,456,0.0054347179999999998,8.1029419052499238e+17
runtime,ill_scaled,openmp,fp64,4,13572088,0,5,123,456,0.0045927629999999997,8.1029420433087309e+17
runtime,ill_scaled,openmp,mixed_fp32_fp64,4,13572088,0,5,123,456,0.0048820909999999999,8.1029419052499251e+17
runtime,ill_scaled,openmp,fp64,4,13572088,0,6,123,456,0.0057952910000000002,8.1029420433087309e+17
runtime,ill_scaled,openmp,mixed_fp32_fp64,4,13572088,0,6,123,456,0.0051002180000000001,8.1029419052499251e+17
runtime,ill_scaled,openmp,fp64,4,13572088,0,7,123,456,0.0067341340000000001,8.1029420433087309e+17
runtime,ill_scaled,openmp,mixed_fp32_fp64,4,13572088,0,7,123,456,0.0056554379999999996,8.1029419052499251e+17
runtime,ill_scaled,openmp,fp64,8,13572088,0,0,123,456,0.014393339999999999,8.1029420433088819e+17
runtime,ill_scaled,openmp,mixed_fp32_fp64,8,13572088,0,0,123,456,0.017512868000000001,8.1029419052501734e+17
runtime,ill_scaled,openmp,fp64,8,13572088,0,1,123,456,0.020201160999999999,8.1029420433088832e+17
runtime,ill_scaled,openmp,mixed_fp32_fp64,8,13572088,0,1,123,456,0.017027550999999998,8.1029419052501722e+17
runtime,ill_scaled,openmp,fp64,8,13572088,0,2,123,456,0.012980755,8.1029420433088845e+17
runtime,ill_scaled,openmp,mixed_fp32_fp64,8,13572088,0,2,123,456,0.0063018149999999997,8.1029419052501734e+17
runtime,ill_scaled,openmp,fp64,8,13572088,0,3,123,456,0.012447533,8.1029420433088845e+17
runtime,ill_scaled,openmp,mixed_fp32_fp64,8,13572088,0,3,123,456,0.014366975000000001,8.1029419052501734e+17
runtime,ill_scaled,openmp,fp64,8,13572088,0,4,123,456,0.005890223,8.1029420433088832e+17
runtime,ill_scaled,openmp,mixed_fp32_fp64,8,13572088,0,4,123,456,0.011640894000000001,8.1029419052501747e+17
runtime,ill_scaled,openmp,fp64,8,13572088,0,5,123,456,0.017648225999999999,8.1029420433088832e+17
runtime,ill_scaled,openmp,mixed_fp32_fp64,8,13572088,0,5,123,456,0.018570560999999999,8.1029419052501734e+17
runtime,ill_scaled,openmp,fp64,8,13572088,0,6,123,456,0.0099739489999999993,8.1029420433088832e+17
runtime,ill_scaled,openmp,mixed_fp32_fp64,8,13572088,0,6,123,456,0.015022074999999999,8.1029419052501734e+17
runtime,ill_scaled,openmp,fp64,8,13572088,0,7,123,456,0.014544711,8.1029420433088845e+17
runtime,ill_scaled,openmp,mixed_fp32_fp64,8,13572088,0,7,123,456,0.0068198709999999999,8.1029419052501747e+17
runtime,ill_scaled,openmp,fp64,16,13572088,0,0,123,456,0.018710082999999999,8.1029420433091034e+17
runtime,ill_scaled,openmp,mixed_fp32_fp64,16,13572088,0,0,123,456,0.028791145000000001,8.102941905250368e+17
runtime,ill_scaled,openmp,fp64,16,13572088,0,1,123,456,0.020988763000000001,8.1029420433091046e+17
runtime,ill_scaled,openmp,mixed_fp32_fp64,16,13572088,0,1,123,456,0.016060377000000001,8.102941905250368e+17
runtime,ill_scaled,openmp,fp64,16,13572088,0,2,123,456,0.020543366,8.1029420433091046e+17
runtime,ill_scaled,openmp,mixed_fp32_fp64,16,13572088,0,2,123,456,0.019304254,8.1029419052503667e+17
runtime,ill_scaled,openmp,fp64,16,13572088,0,3,123,456,0.031388903000000003,8.1029420433091046e+17
runtime,ill_scaled,openmp,mixed_fp32_fp64,16,13572088,0,3,123,456,0.015008797000000001,8.1029419052503667e+17
runtime,ill_scaled,openmp,fp64,16,13572088,0,4,123,456,0.020630657,8.1029420433091021e+17
runtime,ill_scaled,openmp,mixed_fp32_fp64,16,13572088,0,4,123,456,0.015527806999999999,8.1029419052503654e+17
runtime,ill_scaled,openmp,fp64,16,13572088,0,5,123,456,0.016263705,8.1029420433091046e+17
runtime,ill_scaled,openmp,mixed_fp32_fp64,16,13572088,0,5,123,456,0.019239421999999999,8.102941905250368e+17
runtime,ill_scaled,openmp,fp64,16,13572088,0,6,123,456,0.011805316,8.1029420433091034e+17
runtime,ill_scaled,openmp,mixed_fp32_fp64,16,13572088,0,6,123,456,0.022307447000000001,8.1029419052503667e+17
runtime,ill_scaled,openmp,fp64,16,13572088,0,7,123,456,0.012005933,8.1029420433091046e+17
runtime,ill_scaled,openmp,mixed_fp32_fp64,16,13572088,0,7,123,456,0.025023475999999999,8.1029419052503654e+17
runtime,ill_scaled,openmp,fp64,22,13572088,0,0,123,456,0.028680918999999999,8.1029420433091955e+17
runtime,ill_scaled,openmp,mixed_fp32_fp64,22,13572088,0,0,123,456,0.028235289,8.1029419052503808e+17
runtime,ill_scaled,openmp,fp64,22,13572088,0,1,123,456,0.042283993999999998,8.1029420433091955e+17
runtime,ill_scaled,openmp,mixed_fp32_fp64,22,13572088,0,1,123,456,0.017615273000000001,8.1029419052503821e+17
runtime,ill_scaled,openmp,fp64,22,13572088,0,2,123,456,0.029393483000000001,8.1029420433091968e+17
runtime,ill_scaled,openmp,mixed_fp32_fp64,22,13572088,0,2,123,456,0.029030156000000001,8.1029419052503808e+17
runtime,ill_scaled,openmp,fp64,22,13572088,0,3,123,456,0.019988883999999998,8.1029420433091955e+17
runtime,ill_scaled,openmp,mixed_fp32_fp64,22,13572088,0,3,123,456,0.023338017999999999,8.1029419052503808e+17
runtime,ill_scaled,openmp,fp64,22,13572088,0,4,123,456,0.026681884999999999,8.1029420433091968e+17
runtime,ill_scaled,openmp,mixed_fp32_fp64,22,13572088,0,4,123,456,0.017583152000000001,8.1029419052503795e+17
runtime,ill_scaled,openmp,fp64,22,13572088,0,5,123,456,0.012215151,8.1029420433091955e+17
runtime,ill_scaled,openmp,mixed_fp32_fp64,22,13572088,0,5,123,456,0.035651996999999998,8.1029419052503795e+17
runtime,ill_scaled,openmp,fp64,22,13572088,0,6,123,456,0.013081611,8.1029420433091968e+17
runtime,ill_scaled,openmp,mixed_fp32_fp64,22,13572088,0,6,123,456,0.014152645,8.1029419052503795e+17
runtime,ill_scaled,openmp,fp64,22,13572088,0,7,123,456,0.021419469,8.1029420433091955e+17
runtime,ill_scaled,openmp,mixed_fp32_fp64,22,13572088,0,7,123,456,0.013357498000000001,8.1029419052503795e+17
runtime,ill_scaled,serial,fp64,,26050038,0,0,123,456,0.022608719999999999,1.2620550074557481e+18
runtime,ill_scaled,serial,mixed_fp32_fp64,,26050038,0,0,123,456,0.02350814,1.262055014751136e+18
runtime,ill_scaled,serial,fp64,,26050038,0,1,123,456,0.021433588,1.2620550074557481e+18
runtime,ill_scaled,serial,mixed_fp32_fp64,,26050038,0,1,123,456,0.023603312000000001,1.262055014751136e+18
runtime,ill_scaled,serial,fp64,,26050038,0,2,123,456,0.021435776,1.2620550074557481e+18
runtime,ill_scaled,serial,mixed_fp32_fp64,,26050038,0,2,123,456,0.025669481000000001,1.262055014751136e+18
runtime,ill_scaled,serial,fp64,,26050038,0,3,123,456,0.022525992000000002,1.2620550074557481e+18
runtime,ill_scaled,serial,mixed_fp32_fp64,,26050038,0,3,123,456,0.026410065,1.262055014751136e+18
runtime,ill_scaled,serial,fp64,,26050038,0,4,123,456,0.022234235000000001,1.2620550074557481e+18
runtime,ill_scaled,serial,mixed_fp32_fp64,,26050038,0,4,123,456,0.02382838,1.262055014751136e+18
runtime,ill_scaled,serial,fp64,,26050038,0,5,123,456,0.022132757999999999,1.2620550074557481e+18
runtime,ill_scaled,serial,mixed_fp32_fp64,,26050038,0,5,123,456,0.026934723000000001,1.262055014751136e+18
runtime,ill_scaled,serial,fp64,,26050038,0,6,123,456,0.022837593,1.2620550074557481e+18
runtime,ill_scaled,serial,mixed_fp32_fp64,,26050038,0,6,123,456,0.023981410000000002,1.262055014751136e+18
runtime,ill_scaled,serial,fp64,,26050038,0,7,123,456,0.021340878000000001,1.2620550074557481e+18
runtime,ill_scaled,serial,mixed_fp32_fp64,,26050038,0,7,123,456,0.023626186,1.262055014751136e+18
runtime,ill_scaled,openmp,fp64,1,26050038,0,0,123,456,0.021944149,1.2620550074557481e+18
runtime,ill_scaled,openmp,mixed_fp32_fp64,1,26050038,0,0,123,456,0.024629936000000002,1.262055014751136e+18
runtime,ill_scaled,openmp,fp64,1,26050038,0,1,123,456,0.022457702999999999,1.2620550074557481e+18
runtime,ill_scaled,openmp,mixed_fp32_fp64,1,26050038,0,1,123,456,0.024763710000000001,1.262055014751136e+18
runtime,ill_scaled,openmp,fp64,1,26050038,0,2,123,456,0.022279456,1.2620550074557481e+18
runtime,ill_scaled,openmp,mixed_fp32_fp64,1,26050038,0,2,123,456,0.028635282000000001,1.262055014751136e+18
runtime,ill_scaled,openmp,fp64,1,26050038,0,3,123,456,0.023427197,1.2620550074557481e+18
runtime,ill_scaled,openmp,mixed_fp32_fp64,1,26050038,0,3,123,456,0.024622651999999998,1.262055014751136e+18
runtime,ill_scaled,openmp,fp64,1,26050038,0,4,123,456,0.02199052,1.2620550074557481e+18
runtime,ill_scaled,openmp,mixed_fp32_fp64,1,26050038,0,4,123,456,0.023420679,1.262055014751136e+18
runtime,ill_scaled,openmp,fp64,1,26050038,0,5,123,456,0.021309142999999999,1.2620550074557481e+18
runtime,ill_scaled,openmp,mixed_fp32_fp64,1,26050038,0,5,123,456,0.026152327,1.262055014751136e+18
runtime,ill_scaled,openmp,fp64,1,26050038,0,6,123,456,0.027426869999999999,1.2620550074557481e+18
runtime,ill_scaled,openmp,mixed_fp32_fp64,1,26050038,0,6,123,456,0.023987009,1.262055014751136e+18
runtime,ill_scaled,openmp,fp64,1,26050038,0,7,123,456,0.022182378999999999,1.2620550074557481e+18
runtime,ill_scaled,openmp,mixed_fp32_fp64,1,26050038,0,7,123,456,0.023535878999999999,1.262055014751136e+18
runtime,ill_scaled,openmp,fp64,2,26050038,0,0,123,456,0.022229303999999998,1.2620550074558083e+18
runtime,ill_scaled,openmp,mixed_fp32_fp64,2,26050038,0,0,123,456,0.017582822000000001,1.262055014751145e+18
runtime,ill_scaled,openmp,fp64,2,26050038,0,1,123,456,0.015004916,1.2620550074558083e+18
runtime,ill_scaled,openmp,mixed_fp32_fp64,2,26050038,0,1,123,456,0.014664694000000001,1.262055014751145e+18
runtime,ill_scaled,openmp,fp64,2,26050038,0,2,123,456,0.013382128,1.2620550074558083e+18
runtime,ill_scaled,openmp,mixed_fp32_fp64,2,26050038,0,2,123,456,0.014324365,1.262055014751145e+18
runtime,ill_scaled,openmp,fp64,2,26050038,0,3,123,456,0.014224161000000001,1.2620550074558083e+18
runtime,ill_scaled,openmp,mixed_fp32_fp64,2,26050038,0,3,123,456,0.014053837,1.262055014751145e+18
runtime,ill_scaled,openmp,fp64,2,26050038,0,4,123,456,0.013298595,1.2620550074558083e+18
runtime,ill_scaled,openmp,mixed_fp32_fp64,2,26050038,0,4,123,456,0.014644433,1.262055014751145e+18
runtime,ill_scaled,openmp,fp64,2,26050038,0,5,123,456,0.014098446000000001,1.2620550074558083e+18
runtime,ill_scaled,openmp,mixed_fp32_fp64,2,26050038,0,5,123,456,0.019247609999999998,1.262055014751145e+18
runtime,ill_scaled,openmp,fp64,2,26050038,0,6,123,456,0.015101269,1.2620550074558083e+18
runtime,ill_scaled,openmp,mixed_fp32_fp64,2,26050038,0,6,123,456,0.015813961000000001,1.262055014751145e+18
runtime,ill_scaled,openmp,fp64,2,26050038,0,7,123,456,0.013137133,1.2620550074558083e+18
runtime,ill_scaled,openmp,mixed_fp32_fp64,2,26050038,0,7,123,456,0.016926459000000001,1.262055014751145e+18
runtime,ill_scaled,openmp,fp64,4,26050038,0,0,123,456,0.00909248,1.262055007455702e+18
runtime,ill_scaled,openmp,mixed_fp32_fp64,4,26050038,0,0,123,456,0.010205604,1.262055014751114e+18
runtime,ill_scaled,openmp,fp64,4,26050038,0,1,123,456,0.009570037,1.262055007455702e+18
runtime,ill_scaled,openmp,mixed_fp32_fp64,4,26050038,0,1,123,456,0.0097528549999999995,1.2620550147511142e+18
runtime,ill_scaled,openmp,fp64,4,26050038,0,2,123,456,0.0083243880000000003,1.262055007455702e+18
runtime,ill_scaled,openmp,mixed_fp32_fp64,4,26050038,0,2,123,456,0.0099604370000000008,1.2620550147511142e+18
runtime,ill_scaled,openmp,fp64,4,26050038,0,3,123,456,0.0098267200000000006,1.262055007455702e+18
runtime,ill_scaled,openmp,mixed_fp32_fp64,4,26050038,0,3,123,456,0.0097571299999999993,1.2620550147511142e+18
runtime,ill_scaled,openmp,fp64,4,26050038,0,4,123,456,0.0089434609999999998,1.262055007455702e+18
runtime,ill_scaled,openmp,mixed_fp32_fp64,4,26050038,0,4,123,456,0.0088502770000000001,1.2620550147511142e+18
runtime,ill_scaled,openmp,fp64,4,26050038,0,5,123,456,0.0081888970000000005,1.262055007455702e+18
runtime,ill_scaled,openmp,mixed_fp32_fp64,4,26050038,0,5,123,456,0.0088590209999999999,1.262055014751114e+18
runtime,ill_scaled,openmp,fp64,4,26050038,0,6,123,456,0.0091627989999999992,1.262055007455702e+18
runtime,ill_scaled,openmp,mixed_fp32_fp64,4,26050038,0,6,123,456,0.012774416,1.2620550147511142e+18
runtime,ill_scaled,openmp,fp64,4,26050038,0,7,123,456,0.0091514319999999993,1.262055007455702e+18
runtime,ill_scaled,openmp,mixed_fp32_fp64,4,26050038,0,7,123,456,0.0093012779999999996,1.262055014751114e+18
runtime,ill_scaled,openmp,fp64,8,26050038,0,0,123,456,0.019621805999999999,1.2620550074556324e+18
runtime,ill_scaled,openmp,mixed_fp32_fp64,8,26050038,0,0,123,456,0.026323508999999998,1.2620550147510308e+18
runtime,ill_scaled,openmp,fp64,8,26050038,0,1,123,456,0.016123739000000002,1.2620550074556324e+18
runtime,ill_scaled,openmp,mixed_fp32_fp64,8,26050038,0,1,123,456,0.020557039999999999,1.2620550147510308e+18
runtime,ill_scaled,openmp,fp64,8,26050038,0,2,123,456,0.020314374,1.2620550074556324e+18
runtime,ill_scaled,openmp,mixed_fp32_fp64,8,26050038,0,2,123,456,0.015111602999999999,1.2620550147510308e+18
runtime,ill_scaled,openmp,fp64,8,26050038,0,3,123,456,0.022732850999999998,1.2620550074556324e+18
runtime,ill_scaled,openmp,mixed_fp32_fp64,8,26050038,0,3,123,456,0.023624191999999999,1.2620550147510308e+18
runtime,ill_scaled,openmp,fp64,8,26050038,0,4,123,456,0.0082455670000000005,1.2620550074556324e+18
runtime,ill_scaled,openmp,mixed_fp32_fp64,8,26050038,0,4,123,456,0.011234205000000001,1.2620550147510308e+18
runtime,ill_scaled,openmp,fp64,8,26050038,0,5,123,456,0.006955925,1.2620550074556324e+18
runtime,ill_scaled,openmp,mixed_fp32_fp64,8,26050038,0,5,123,456,0.010476644,1.2620550147510308e+18
runtime,ill_scaled,openmp,fp64,8,26050038,0,6,123,456,0.01103495,1.2620550074556324e+18
runtime,ill_scaled,openmp,mixed_fp32_fp64,8,26050038,0,6,123,456,0.014598458999999999,1.2620550147510308e+18
runtime,ill_scaled,openmp,fp64,8,26050038,0,7,123,456,0.0059914690000000001,1.2620550074556324e+18
runtime,ill_scaled,openmp,mixed_fp32_fp64,8,26050038,0,7,123,456,0.0079201289999999997,1.2620550147510308e+18
runtime,ill_scaled,openmp,fp64,16,26050038,0,0,123,456,0.022133921000000001,1.2620550074557153e+18
runtime,ill_scaled,openmp,mixed_fp32_fp64,16,26050038,0,0,123,456,0.029192224999999999,1.2620550147511132e+18
runtime,ill_scaled,openmp,fp64,16,26050038,0,1,123,456,0.011695468000000001,1.2620550074557153e+18
runtime,ill_scaled,openmp,mixed_fp32_fp64,16,26050038,0,1,123,456,0.019947000999999999,1.2620550147511135e+18
runtime,ill_scaled,openmp,fp64,16,26050038,0,2,123,456,0.020516,1.2620550074557153e+18
runtime,ill_scaled,openmp,mixed_fp32_fp64,16,26050038,0,2,123,456,0.020112973999999999,1.2620550147511137e+18
runtime,ill_scaled,openmp,fp64,16,26050038,0,3,123,456,0.023030286000000001,1.2620550074557153e+18
runtime,ill_scaled,openmp,mixed_fp32_fp64,16,26050038,0,3,123,456,0.022173838000000001,1.2620550147511135e+18
runtime,ill_scaled,openmp,fp64,16,26050038,0,4,123,456,0.011948189,1.2620550074557153e+18
runtime,ill_scaled,openmp,mixed_fp32_fp64,16,26050038,0,4,123,456,0.023059858999999999,1.2620550147511137e+18
runtime,ill_scaled,openmp,fp64,16,26050038,0,5,123,456,0.015578984000000001,1.2620550074557153e+18
runtime,ill_scaled,openmp,mixed_fp32_fp64,16,26050038,0,5,123,456,0.019319294000000001,1.2620550147511137e+18
runtime,ill_scaled,openmp,fp64,16,26050038,0,6,123,456,0.020197484000000002,1.2620550074557156e+18
runtime,ill_scaled,openmp,mixed_fp32_fp64,16,26050038,0,6,123,456,0.022560124000000001,1.2620550147511137e+18
runtime,ill_scaled,openmp,fp64,16,26050038,0,7,123,456,0.014157110000000001,1.2620550074557153e+18
runtime,ill_scaled,openmp,mixed_fp32_fp64,16,26050038,0,7,123,456,0.021476269999999999,1.262055014751114e+18
runtime,ill_scaled,openmp,fp64,22,26050038,0,0,123,456,0.039195458000000002,1.2620550074557071e+18
runtime,ill_scaled,openmp,mixed_fp32_fp64,22,26050038,0,0,123,456,0.035130505999999999,1.2620550147510953e+18
runtime,ill_scaled,openmp,fp64,22,26050038,0,1,123,456,0.037059750000000002,1.2620550074557071e+18
runtime,ill_scaled,openmp,mixed_fp32_fp64,22,26050038,0,1,123,456,0.032755428000000003,1.2620550147510956e+18
runtime,ill_scaled,openmp,fp64,22,26050038,0,2,123,456,0.016214236999999999,1.2620550074557071e+18
runtime,ill_scaled,openmp,mixed_fp32_fp64,22,26050038,0,2,123,456,0.014795749,1.2620550147510956e+18
runtime,ill_scaled,openmp,fp64,22,26050038,0,3,123,456,0.034883535,1.2620550074557071e+18
runtime,ill_scaled,openmp,mixed_fp32_fp64,22,26050038,0,3,123,456,0.036368413000000002,1.2620550147510956e+18
runtime,ill_scaled,openmp,fp64,22,26050038,0,4,123,456,0.047812476,1.2620550074557071e+18
runtime,ill_scaled,openmp,mixed_fp32_fp64,22,26050038,0,4,123,456,0.034301416000000001,1.2620550147510953e+18
runtime,ill_scaled,openmp,fp64,22,26050038,0,5,123,456,0.022103681999999999,1.2620550074557071e+18
runtime,ill_scaled,openmp,mixed_fp32_fp64,22,26050038,0,5,123,456,0.022367615,1.2620550147510956e+18
runtime,ill_scaled,openmp,fp64,22,26050038,0,6,123,456,0.023153007,1.2620550074557071e+18
runtime,ill_scaled,openmp,mixed_fp32_fp64,22,26050038,0,6,123,456,0.017886243,1.2620550147510953e+18
runtime,ill_scaled,openmp,fp64,22,26050038,0,7,123,456,0.022261690000000001,1.2620550074557071e+18
runtime,ill_scaled,openmp,mixed_fp32_fp64,22,26050038,0,7,123,456,0.023537222,1.2620550147510953e+18
runtime,ill_scaled,serial,fp64,,50000000,0,0,123,456,0.046373816999999998,1.8331552232762173e+18
runtime,ill_scaled,serial,mixed_fp32_fp64,,50000000,0,0,123,456,0.051970593000000002,1.833155251733961e+18
runtime,ill_scaled,serial,fp64,,50000000,0,1,123,456,0.049585939000000002,1.8331552232762173e+18
runtime,ill_scaled,serial,mixed_fp32_fp64,,50000000,0,1,123,456,0.04893364,1.833155251733961e+18
runtime,ill_scaled,serial,fp64,,50000000,0,2,123,456,0.044997915999999999,1.8331552232762173e+18
runtime,ill_scaled,serial,mixed_fp32_fp64,,50000000,0,2,123,456,0.050209943,1.833155251733961e+18
runtime,ill_scaled,serial,fp64,,50000000,0,3,123,456,0.044410654000000001,1.8331552232762173e+18
runtime,ill_scaled,serial,mixed_fp32_fp64,,50000000,0,3,123,456,0.053358428999999999,1.833155251733961e+18
runtime,ill_scaled,serial,fp64,,50000000,0,4,123,456,0.047496895999999997,1.8331552232762173e+18
runtime,ill_scaled,serial,mixed_fp32_fp64,,50000000,0,4,123,456,0.050731982000000002,1.833155251733961e+18
runtime,ill_scaled,serial,fp64,,50000000,0,5,123,456,0.044567984999999997,1.8331552232762173e+18
runtime,ill_scaled,serial,mixed_fp32_fp64,,50000000,0,5,123,456,0.049068197000000001,1.833155251733961e+18
runtime,ill_scaled,serial,fp64,,50000000,0,6,123,456,0.043300964999999997,1.8331552232762173e+18
runtime,ill_scaled,serial,mixed_fp32_fp64,,50000000,0,6,123,456,0.050058541999999998,1.833155251733961e+18
runtime,ill_scaled,serial,fp64,,50000000,0,7,123,456,0.044563520000000002,1.8331552232762173e+18
runtime,ill_scaled,serial,mixed_fp32_fp64,,50000000,0,7,123,456,0.052182343999999999,1.833155251733961e+18
runtime,ill_scaled,openmp,fp64,1,50000000,0,0,123,456,0.043712544999999998,1.8331552232762173e+18
runtime,ill_scaled,openmp,mixed_fp32_fp64,1,50000000,0,0,123,456,0.050432246,1.833155251733961e+18
runtime,ill_scaled,openmp,fp64,1,50000000,0,1,123,456,0.046314973000000002,1.8331552232762173e+18
runtime,ill_scaled,openmp,mixed_fp32_fp64,1,50000000,0,1,123,456,0.050990095999999999,1.833155251733961e+18
runtime,ill_scaled,openmp,fp64,1,50000000,0,2,123,456,0.046903977999999999,1.8331552232762173e+18
runtime,ill_scaled,openmp,mixed_fp32_fp64,1,50000000,0,2,123,456,0.051615627999999997,1.833155251733961e+18
runtime,ill_scaled,openmp,fp64,1,50000000,0,3,123,456,0.044585620999999999,1.8331552232762173e+18
runtime,ill_scaled,openmp,mixed_fp32_fp64,1,50000000,0,3,123,456,0.051587144000000001,1.833155251733961e+18
runtime,ill_scaled,openmp,fp64,1,50000000,0,4,123,456,0.045110826,1.8331552232762173e+18
runtime,ill_scaled,openmp,mixed_fp32_fp64,1,50000000,0,4,123,456,0.051483915999999998,1.833155251733961e+18
runtime,ill_scaled,openmp,fp64,1,50000000,0,5,123,456,0.046738264000000002,1.8331552232762173e+18
runtime,ill_scaled,openmp,mixed_fp32_fp64,1,50000000,0,5,123,456,0.053079631000000002,1.833155251733961e+18
runtime,ill_scaled,openmp,fp64,1,50000000,0,6,123,456,0.045410086000000002,1.8331552232762173e+18
runtime,ill_scaled,openmp,mixed_fp32_fp64,1,50000000,0,6,123,456,0.048105056,1.833155251733961e+18
runtime,ill_scaled,openmp,fp64,1,50000000,0,7,123,456,0.045764666000000002,1.8331552232762173e+18
runtime,ill_scaled,openmp,mixed_fp32_fp64,1,50000000,0,7,123,456,0.050848156999999998,1.833155251733961e+18
runtime,ill_scaled,openmp,fp64,2,50000000,0,0,123,456,0.027578907999999999,1.8331552232761393e+18
runtime,ill_scaled,openmp,mixed_fp32_fp64,2,50000000,0,0,123,456,0.031115282000000001,1.833155251733822e+18
runtime,ill_scaled,openmp,fp64,2,50000000,0,1,123,456,0.026984000000000001,1.8331552232761393e+18
runtime,ill_scaled,openmp,mixed_fp32_fp64,2,50000000,0,1,123,456,0.029483916999999998,1.833155251733822e+18
runtime,ill_scaled,openmp,fp64,2,50000000,0,2,123,456,0.027779359999999999,1.8331552232761393e+18
runtime,ill_scaled,openmp,mixed_fp32_fp64,2,50000000,0,2,123,456,0.031519103,1.833155251733822e+18
runtime,ill_scaled,openmp,fp64,2,50000000,0,3,123,456,0.027818942999999999,1.8331552232761393e+18
runtime,ill_scaled,openmp,mixed_fp32_fp64,2,50000000,0,3,123,456,0.029569517,1.833155251733822e+18
runtime,ill_scaled,openmp,fp64,2,50000000,0,4,123,456,0.028684311000000001,1.8331552232761393e+18
runtime,ill_scaled,openmp,mixed_fp32_fp64,2,50000000,0,4,123,456,0.029391942000000001,1.833155251733822e+18
runtime,ill_scaled,openmp,fp64,2,50000000,0,5,123,456,0.027842677,1.8331552232761393e+18
runtime,ill_scaled,openmp,mixed_fp32_fp64,2,50000000,0,5,123,456,0.027919142000000001,1.833155251733822e+18
runtime,ill_scaled,openmp,fp64,2,50000000,0,6,123,456,0.026026475,1.8331552232761393e+18
runtime,ill_scaled,openmp,mixed_fp32_fp64,2,50000000,0,6,123,456,0.028386430000000001,1.833155251733822e+18
runtime,ill_scaled,openmp,fp64,2,50000000,0,7,123,456,0.027241246,1.8331552232761393e+18
runtime,ill_scaled,openmp,mixed_fp32_fp64,2,50000000,0,7,123,456,0.030213073999999999,1.833155251733822e+18
runtime,ill_scaled,openmp,fp64,4,50000000,0,0,123,456,0.018261184999999999,1.8331552232761037e+18
runtime,ill_scaled,openmp,mixed_fp32_fp64,4,50000000,0,0,123,456,0.018506100000000001,1.8331552517337841e+18
runtime,ill_scaled,openmp,fp64,4,50000000,0,1,123,456,0.018398446999999998,1.8331552232761037e+18
runtime,ill_scaled,openmp,mixed_fp32_fp64,4,50000000,0,1,123,456,0.018917758,1.8331552517337841e+18
runtime,ill_scaled,openmp,fp64,4,50000000,0,2,123,456,0.017769063000000002,1.8331552232761037e+18
runtime,ill_scaled,openmp,mixed_fp32_fp64,4,50000000,0,2,123,456,0.020034260000000002,1.8331552517337841e+18
runtime,ill_scaled,openmp,fp64,4,50000000,0,3,123,456,0.017989204000000002,1.8331552232761037e+18
runtime,ill_scaled,openmp,mixed_fp32_fp64,4,50000000,0,3,123,456,0.018414532000000001,1.8331552517337841e+18
runtime,ill_scaled,openmp,fp64,4,50000000,0,4,123,456,0.017918217,1.8331552232761037e+18
runtime,ill_scaled,openmp,mixed_fp32_fp64,4,50000000,0,4,123,456,0.019973230000000002,1.8331552517337841e+18
runtime,ill_scaled,openmp,fp64,4,50000000,0,5,123,456,0.018468289999999998,1.8331552232761037e+18
runtime,ill_scaled,openmp,mixed_fp32_fp64,4,50000000,0,5,123,456,0.022033074,1.8331552517337841e+18
runtime,ill_scaled,openmp,fp64,4,50000000,0,6,123,456,0.017075027999999999,1.8331552232761037e+18
runtime,ill_scaled,openmp,mixed_fp32_fp64,4,50000000,0,6,123,456,0.021072642999999999,1.8331552517337841e+18
runtime,ill_scaled,openmp,fp64,4,50000000,0,7,123,456,0.017634126999999999,1.8331552232761037e+18
runtime,ill_scaled,openmp,mixed_fp32_fp64,4,50000000,0,7,123,456,0.019685755999999999,1.8331552517337841e+18
runtime,ill_scaled,openmp,fp64,8,50000000,0,0,123,456,0.022277625999999998,1.8331552232760842e+18
runtime,ill_scaled,openmp,mixed_fp32_fp64,8,50000000,0,0,123,456,0.022882472000000001,1.833155251733781e+18
runtime,ill_scaled,openmp,fp64,8,50000000,0,1,123,456,0.018706542,1.833155223276084e+18
runtime,ill_scaled,openmp,mixed_fp32_fp64,8,50000000,0,1,123,456,0.016932402999999999,1.833155251733781e+18
runtime,ill_scaled,openmp,fp64,8,50000000,0,2,123,456,0.017461183000000002,1.833155223276084e+18
runtime,ill_scaled,openmp,mixed_fp32_fp64,8,50000000,0,2,123,456,0.02224864,1.833155251733781e+18
runtime,ill_scaled,openmp,fp64,8,50000000,0,3,123,456,0.022935906999999998,1.833155223276084e+18
runtime,ill_scaled,openmp,mixed_fp32_fp64,8,50000000,0,3,123,456,0.017928510000000002,1.833155251733781e+18
runtime,ill_scaled,openmp,fp64,8,50000000,0,4,123,456,0.012278519,1.833155223276084e+18
runtime,ill_scaled,openmp,mixed_fp32_fp64,8,50000000,0,4,123,456,0.014711404000000001,1.833155251733781e+18
runtime,ill_scaled,openmp,fp64,8,50000000,0,5,123,456,0.01366793,1.833155223276084e+18
runtime,ill_scaled,openmp,mixed_fp32_fp64,8,50000000,0,5,123,456,0.015895820000000001,1.833155251733781e+18
runtime,ill_scaled,openmp,fp64,8,50000000,0,6,123,456,0.017329007,1.8331552232760842e+18
runtime,ill_scaled,openmp,mixed_fp32_fp64,8,50000000,0,6,123,456,0.012639444,1.833155251733781e+18
runtime,ill_scaled,openmp,fp64,8,50000000,0,7,123,456,0.011281503,1.8331552232760842e+18
runtime,ill_scaled,openmp,mixed_fp32_fp64,8,50000000,0,7,123,456,0.013508215,1.833155251733781e+18
runtime,ill_scaled,openmp,fp64,16,50000000,0,0,123,456,0.02496928,1.8331552232759688e+18
runtime,ill_scaled,openmp,mixed_fp32_fp64,16,50000000,0,0,123,456,0.022100654000000001,1.8331552517336888e+18
runtime,ill_scaled,openmp,fp64,16,50000000,0,1,123,456,0.021794224000000001,1.8331552232759693e+18
runtime,ill_scaled,openmp,mixed_fp32_fp64,16,50000000,0,1,123,456,0.039586969,1.8331552517336888e+18
runtime,ill_scaled,openmp,fp64,16,50000000,0,2,123,456,0.020971938999999998,1.833155223275969e+18
runtime,ill_scaled,openmp,mixed_fp32_fp64,16,50000000,0,2,123,456,0.018267134000000001,1.8331552517336888e+18
runtime,ill_scaled,openmp,fp64,16,50000000,0,3,123,456,0.021146473999999998,1.8331552232759693e+18
runtime,ill_scaled,openmp,mixed_fp32_fp64,16,50000000,0,3,123,456,0.021507478999999999,1.8331552517336891e+18
runtime,ill_scaled,openmp,fp64,16,50000000,0,4,123,456,0.023299470999999999,1.833155223275969e+18
runtime,ill_scaled,openmp,mixed_fp32_fp64,16,50000000,0,4,123,456,0.021236512999999999,1.8331552517336891e+18
runtime,ill_scaled,openmp,fp64,16,50000000,0,5,123,456,0.018554962000000001,1.833155223275969e+18
runtime,ill_scaled,openmp,mixed_fp32_fp64,16,50000000,0,5,123,456,0.018822048000000001,1.8331552517336888e+18
runtime,ill_scaled,openmp,fp64,16,50000000,0,6,123,456,0.026284643999999999,1.8331552232759685e+18
runtime,ill_scaled,openmp,mixed_fp32_fp64,16,50000000,0,6,123,456,0.015569592,1.8331552517336888e+18
runtime,ill_scaled,openmp,fp64,16,50000000,0,7,123,456,0.031822294000000001,1.8331552232759688e+18
runtime,ill_scaled,openmp,mixed_fp32_fp64,16,50000000,0,7,123,456,0.022002853999999999,1.8331552517336888e+18
runtime,ill_scaled,openmp,fp64,22,50000000,0,0,123,456,0.032884294000000001,1.8331552232760458e+18
runtime,ill_scaled,openmp,mixed_fp32_fp64,22,50000000,0,0,123,456,0.031872329999999997,1.8331552517337728e+18
runtime,ill_scaled,openmp,fp64,22,50000000,0,1,123,456,0.034439602999999999,1.8331552232760458e+18
runtime,ill_scaled,openmp,mixed_fp32_fp64,22,50000000,0,1,123,456,0.031889828000000002,1.8331552517337731e+18
runtime,ill_scaled,openmp,fp64,22,50000000,0,2,123,456,0.025335799999999999,1.8331552232760458e+18
runtime,ill_scaled,openmp,mixed_fp32_fp64,22,50000000,0,2,123,456,0.026048567000000002,1.8331552517337725e+18
runtime,ill_scaled,openmp,fp64,22,50000000,0,3,123,456,0.024626915999999999,1.8331552232760458e+18
runtime,ill_scaled,openmp,mixed_fp32_fp64,22,50000000,0,3,123,456,0.017759322000000001,1.8331552517337728e+18
runtime,ill_scaled,openmp,fp64,22,50000000,0,4,123,456,0.028051415999999999,1.8331552232760461e+18
runtime,ill_scaled,openmp,mixed_fp32_fp64,22,50000000,0,4,123,456,0.029191956000000002,1.8331552517337725e+18
runtime,ill_scaled,openmp,fp64,22,50000000,0,5,123,456,0.028078602000000001,1.8331552232760461e+18
runtime,ill_scaled,openmp,mixed_fp32_fp64,22,50000000,0,5,123,456,0.021937735999999999,1.8331552517337723e+18
runtime,ill_scaled,openmp,fp64,22,50000000,0,6,123,456,0.022037001000000001,1.8331552232760458e+18
runtime,ill_scaled,openmp,mixed_fp32_fp64,22,50000000,0,6,123,456,0.019686236999999999,1.8331552517337728e+18
runtime,ill_scaled,openmp,fp64,22,50000000,0,7,123,456,0.018202366000000001,1.8331552232760461e+18
runtime,ill_scaled,openmp,mixed_fp32_fp64,22,50000000,0,7,123,456,0.01538224,1.8331552517337728e+18
runtime,nearly_canceling,serial,fp64,,1000000,0,0,123,456,0.00094347099999999998,-6.42121583220856e-05
runtime,nearly_canceling,serial,mixed_fp32_fp64,,1000000,0,0,123,456,0.0011262550000000001,3.5876891502084618e-06
runtime,nearly_canceling,serial,fp64,,1000000,0,1,123,456,0.00087184600000000001,-6.42121583220856e-05
runtime,nearly_canceling,serial,mixed_fp32_fp64,,1000000,0,1,123,456,0.001051452,3.5876891502084618e-06
runtime,nearly_canceling,serial,fp64,,1000000,0,2,123,456,0.00083118899999999997,-6.42121583220856e-05
runtime,nearly_canceling,serial,mixed_fp32_fp64,,1000000,0,2,123,456,0.0010497219999999999,3.5876891502084618e-06
runtime,nearly_canceling,serial,fp64,,1000000,0,3,123,456,0.00082898900000000003,-6.42121583220856e-05
runtime,nearly_canceling,serial,mixed_fp32_fp64,,1000000,0,3,123,456,0.0010815130000000001,3.5876891502084618e-06
runtime,nearly_canceling,serial,fp64,,1000000,0,4,123,456,0.00080873900000000005,-6.42121583220856e-05
runtime,nearly_canceling,serial,mixed_fp32_fp64,,1000000,0,4,123,456,0.0010234809999999999,3.5876891502084618e-06
runtime,nearly_canceling,serial,fp64,,1000000,0,5,123,456,0.00082887300000000004,-6.42121583220856e-05
runtime,nearly_canceling,serial,mixed_fp32_fp64,,1000000,0,5,123,456,0.0011053840000000001,3.5876891502084618e-06
runtime,nearly_canceling,serial,fp64,,1000000,0,6,123,456,0.00076831700000000002,-6.42121583220856e-05
runtime,nearly_canceling,serial,mixed_fp32_fp64,,1000000,0,6,123,456,0.00099719000000000001,3.5876891502084618e-06
runtime,nearly_canceling,serial,fp64,,1000000,0,7,123,456,0.00075415900000000001,-6.42121583220856e-05
runtime,nearly_canceling,serial,mixed_fp32_fp64,,1000000,0,7,123,456,0.0010053970000000001,3.5876891502084618e-06
runtime,nearly_canceling,openmp,fp64,1,1000000,0,0,123,456,0.00073698399999999999,-6.42121583220856e-05
runtime,nearly_canceling,openmp,mixed_fp32_fp64,1,1000000,0,0,123,456,0.0012687449999999999,3.5876891502084618e-06
runtime,nearly_canceling,openmp,fp64,1,1000000,0,1,123,456,0.0010034289999999999,-6.42121583220856e-05
runtime,nearly_canceling,openmp,mixed_fp32_fp64,1,1000000,0,1,123,456,0.0014521479999999999,3.5876891502084618e-06
runtime,nearly_canceling,openmp,fp64,1,1000000,0,2,123,456,0.00127626,-6.42121583220856e-05
runtime,nearly_canceling,openmp,mixed_fp32_fp64,1,1000000,0,2,123,456,0.0015416469999999999,3.5876891502084618e-06
runtime,nearly_canceling,openmp,fp64,1,1000000,0,3,123,456,0.0010792880000000001,-6.42121583220856e-05
runtime,nearly_canceling,openmp,mixed_fp32_fp64,1,1000000,0,3,123,456,0.0015244939999999999,3.5876891502084618e-06
runtime,nearly_canceling,openmp,fp64,1,1000000,0,4,123,456,0.0010174540000000001,-6.42121583220856e-05
runtime,nearly_canceling,openmp,mixed_fp32_fp64,1,1000000,0,4,123,456,0.00094017099999999995,3.5876891502084618e-06
runtime,nearly_canceling,openmp,fp64,1,1000000,0,5,123,456,0.00068636900000000004,-6.42121583220856e-05
runtime,nearly_canceling,openmp,mixed_fp32_fp64,1,1000000,0,5,123,456,0.00092255899999999999,3.5876891502084618e-06
runtime,nearly_canceling,openmp,fp64,1,1000000,0,6,123,456,0.00067246299999999999,-6.42121583220856e-05
runtime,nearly_canceling,openmp,mixed_fp32_fp64,1,1000000,0,6,123,456,0.00097068999999999996,3.5876891502084618e-06
runtime,nearly_canceling,openmp,fp64,1,1000000,0,7,123,456,0.000754578,-6.42121583220856e-05
runtime,nearly_canceling,openmp,mixed_fp32_fp64,1,1000000,0,7,123,456,0.001072272,3.5876891502084618e-06
runtime,nearly_canceling,openmp,fp64,2,1000000,0,0,123,456,0.0013182179999999999,-6.4212158322973778e-05
runtime,nearly_canceling,openmp,mixed_fp32_fp64,2,1000000,0,0,123,456,0.00083442800000000001,3.5876891502084618e-06
runtime,nearly_canceling,openmp,fp64,2,1000000,0,1,123,456,0.00058515499999999996,-6.4212158322973778e-05
runtime,nearly_canceling,openmp,mixed_fp32_fp64,2,1000000,0,1,123,456,0.00083423899999999997,3.5876891502084618e-06
runtime,nearly_canceling,openmp,fp64,2,1000000,0,2,123,456,0.00059743899999999996,-6.4212158322973778e-05
runtime,nearly_canceling,openmp,mixed_fp32_fp64,2,1000000,0,2,123,456,0.00075740599999999996,3.5876891502084618e-06
runtime,nearly_canceling,openmp,fp64,2,1000000,0,3,123,456,0.00056307099999999995,-6.4212158322973778e-05
runtime,nearly_canceling,openmp,mixed_fp32_fp64,2,1000000,0,3,123,456,0.001227098,3.5876891502084618e-06
runtime,nearly_canceling,openmp,fp64,2,1000000,0,4,123,456,0.00058969299999999997,-6.4212158322973778e-05
runtime,nearly_canceling,openmp,mixed_fp32_fp64,2,1000000,0,4,123,456,0.00094397700000000003,3.5876891502084618e-06
runtime,nearly_canceling,openmp,fp64,2,1000000,0,5,123,456,0.00065887499999999996,-6.4212158322973778e-05
runtime,nearly_canceling,openmp,mixed_fp32_fp64,2,1000000,0,5,123,456,0.00092896999999999999,3.5876891502084618e-06
runtime,nearly_canceling,openmp,fp64,2,1000000,0,6,123,456,0.00051723899999999996,-6.4212158322973778e-05
runtime,nearly_canceling,openmp,mixed_fp32_fp64,2,1000000,0,6,123,456,0.00073454499999999997,3.5876891502084618e-06
runtime,nearly_canceling,openmp,fp64,2,1000000,0,7,123,456,0.00052543200000000005,-6.4212158322973778e-05
runtime,nearly_canceling,openmp,mixed_fp32_fp64,2,1000000,0,7,123,456,0.00073590600000000004,3.5876891502084618e-06
runtime,nearly_canceling,openmp,fp64,4,1000000,0,0,123,456,0.00062624399999999998,-6.4212158320253732e-05
runtime,nearly_canceling,openmp,mixed_fp32_fp64,4,1000000,0,0,123,456,0.00064282599999999999,3.5876891502084618e-06
runtime,nearly_canceling,openmp,fp64,4,1000000,0,1,123,456,0.00041310899999999999,-6.4212158320253732e-05
runtime,nearly_canceling,openmp,mixed_fp32_fp64,4,1000000,0,1,123,456,0.00053700600000000003,3.5876891502084618e-06
runtime,nearly_canceling,openmp,fp64,4,1000000,0,2,123,456,0.00035499099999999998,-6.4212158320253732e-05
runtime,nearly_canceling,openmp,mixed_fp32_fp64,4,1000000,0,2,123,456,0.00052420199999999998,3.5876891502084618e-06
runtime,nearly_canceling,openmp,fp64,4,1000000,0,3,123,456,0.00035250100000000002,-6.4212158320253732e-05
runtime,nearly_canceling,openmp,mixed_fp32_fp64,4,1000000,0,3,123,456,0.00049617400000000005,3.5876891502084618e-06
runtime,nearly_canceling,openmp,fp64,4,1000000,0,4,123,456,0.00033647700000000001,-6.4212158320253732e-05
runtime,nearly_canceling,openmp,mixed_fp32_fp64,4,1000000,0,4,123,456,0.00041315200000000002,3.5876891502084618e-06
runtime,nearly_canceling,openmp,fp64,4,1000000,0,5,123,456,0.00043970100000000002,-6.4212158320253732e-05
runtime,nearly_canceling,openmp,mixed_fp32_fp64,4,1000000,0,5,123,456,0.00047737300000000001,3.5876891502084618e-06
runtime,nearly_canceling,openmp,fp64,4,1000000,0,6,123,456,0.00033208400000000001,-6.4212158320253732e-05
runtime,nearly_canceling,openmp,mixed_fp32_fp64,4,1000000,0,6,123,456,0.00039072,3.5876891502084618e-06
runtime,nearly_canceling,openmp,fp64,4,1000000,0,7,123,456,0.00031568500000000001,-6.4212158320253732e-05
runtime,nearly_canceling,openmp,mixed_fp32_fp64,4,1000000,0,7,123,456,0.00061002699999999997,3.5876891502084618e-06
runtime,nearly_canceling,openmp,fp64,8,1000000,0,0,123,456,0.014140952,-6.4212158320132301e-05
runtime,nearly_canceling,openmp,mixed_fp32_fp64,8,1000000,0,0,123,456,0.022317681999999998,3.5876891502084618e-06
runtime,nearly_canceling,openmp,fp64,8,1000000,0,1,123,456,0.032697705000000001,-6.4212158320132301e-05
runtime,nearly_canceling,openmp,mixed_fp32_fp64,8,1000000,0,1,123,456,0.013415332,3.5876891502084618e-06
runtime,nearly_canceling,openmp,fp64,8,1000000,0,2,123,456,0.006214397,-6.4212158320132301e-05
runtime,nearly_canceling,openmp,mixed_fp32_fp64,8,1000000,0,2,123,456,0.0085746439999999993,3.5876891502084618e-06
runtime,nearly_canceling,openmp,fp64,8,1000000,0,3,123,456,0.0043832089999999999,-6.4212158320132301e-05
runtime,nearly_canceling,openmp,mixed_fp32_fp64,8,1000000,0,3,123,456,0.019590761000000002,3.5876891502084618e-06
runtime,nearly_canceling,openmp,fp64,8,1000000,0,4,123,456,0.01918508,-6.4212158320132301e-05
runtime,nearly_canceling,openmp,mixed_fp32_fp64,8,1000000,0,4,123,456,0.0068717659999999996,3.5876891502084618e-06
runtime,nearly_canceling,openmp,fp64,8,1000000,0,5,123,456,0.011301708000000001,-6.4212158320132301e-05
runtime,nearly_canceling,openmp,mixed_fp32_fp64,8,1000000,0,5,123,456,0.013036124,3.5876891502084618e-06
runtime,nearly_canceling,openmp,fp64,8,1000000,0,6,123,456,0.0049633860000000002,-6.4212158320132301e-05
runtime,nearly_canceling,openmp,mixed_fp32_fp64,8,1000000,0,6,123,456,0.0031395400000000001,3.5876891502084618e-06
runtime,nearly_canceling,openmp,fp64,8,1000000,0,7,123,456,0.004259484,-6.4212158320132301e-05
runtime,nearly_canceling,openmp,mixed_fp32_fp64,8,1000000,0,7,123,456,0.0053922789999999998,3.5876891502084618e-06
runtime,nearly_canceling,openmp,fp64,16,1000000,0,0,123,456,0.028060391,-6.4212158316680201e-05
runtime,nearly_canceling,openmp,mixed_fp32_fp64,16,1000000,0,0,123,456,0.024988801000000001,3.5876891502084618e-06
runtime,nearly_canceling,openmp,fp64,16,1000000,0,1,123,456,0.016405411000000002,-6.4212158316680201e-05
runtime,nearly_canceling,openmp,mixed_fp32_fp64,16,1000000,0,1,123,456,0.025862323,3.5876891502084618e-06
runtime,nearly_canceling,openmp,fp64,16,1000000,0,2,123,456,0.028904058999999999,-6.4212158316680201e-05
runtime,nearly_canceling,openmp,mixed_fp32_fp64,16,1000000,0,2,123,456,0.011838438,3.5876891502084618e-06
runtime,nearly_canceling,openmp,fp64,16,1000000,0,3,123,456,0.021170409000000001,-6.4212158316680201e-05
runtime,nearly_canceling,openmp,mixed_fp32_fp64,16,1000000,0,3,123,456,0.019934291,3.5876891502084618e-06
runtime,nearly_canceling,openmp,fp64,16,1000000,0,4,123,456,0.017112111999999999,-6.4212158316680201e-05
runtime,nearly_canceling,openmp,mixed_fp32_fp64,16,1000000,0,4,123,456,0.025925647,3.5876891502084618e-06
runtime,nearly_canceling,openmp,fp64,16,1000000,0,5,123,456,0.019208600999999999,-6.4212158316680201e-05
runtime,nearly_canceling,openmp,mixed_fp32_fp64,16,1000000,0,5,123,456,0.012849528000000001,3.5876891502084618e-06
runtime,nearly_canceling,openmp,fp64,16,1000000,0,6,123,456,0.011906902,-6.4212158316680201e-05
runtime,nearly_canceling,openmp,mixed_fp32_fp64,16,1000000,0,6,123,456,0.026433854999999999,3.5876891502084618e-06
runtime,nearly_canceling,openmp,fp64,16,1000000,0,7,123,456,0.019824035,-6.4212158316680201e-05
runtime,nearly_canceling,openmp,mixed_fp32_fp64,16,1000000,0,7,123,456,0.018829149,3.5876891502084618e-06
runtime,nearly_canceling,openmp,fp64,22,1000000,0,0,123,456,0.024764176999999998,-6.4212158332077607e-05
runtime,nearly_canceling,openmp,mixed_fp32_fp64,22,1000000,0,0,123,456,0.041832542,3.5876891502084618e-06
runtime,nearly_canceling,openmp,fp64,22,1000000,0,1,123,456,0.021172131,-6.4212158331689029e-05
runtime,nearly_canceling,openmp,mixed_fp32_fp64,22,1000000,0,1,123,456,0.040951584999999999,3.5876891502084618e-06
runtime,nearly_canceling,openmp,fp64,22,1000000,0,2,123,456,0.022671706999999999,-6.4212158331661273e-05
runtime,nearly_canceling,openmp,mixed_fp32_fp64,22,1000000,0,2,123,456,0.027957274000000001,3.5876891502084618e-06
runtime,nearly_canceling,openmp,fp64,22,1000000,0,3,123,456,0.018800669999999998,-6.4212158331189428e-05
runtime,nearly_canceling,openmp,mixed_fp32_fp64,22,1000000,0,3,123,456,0.028243843000000001,3.5876891502084618e-06
runtime,nearly_canceling,openmp,fp64,22,1000000,0,4,123,456,0.013368932,-6.4212158331633518e-05
runtime,nearly_canceling,openmp,mixed_fp32_fp64,22,1000000,0,4,123,456,0.017209950000000002,3.5876891502084618e-06
runtime,nearly_canceling,openmp,fp64,22,1000000,0,5,123,456,0.024661425000000001,-6.4212158331792245e-05
runtime,nearly_canceling,openmp,mixed_fp32_fp64,22,1000000,0,5,123,456,0.010394258999999999,3.5876891502084618e-06
runtime,nearly_canceling,openmp,fp64,22,1000000,0,6,123,456,0.015641835999999999,-6.4212158331536373e-05
runtime,nearly_canceling,openmp,mixed_fp32_fp64,22,1000000,0,6,123,456,0.028824170999999999,3.5876891502084618e-06
runtime,nearly_canceling,openmp,fp64,22,1000000,0,7,123,456,0.014402138,-6.4212158331411473e-05
runtime,nearly_canceling,openmp,mixed_fp32_fp64,22,1000000,0,7,123,456,0.016408936999999998,3.5876891502084618e-06
runtime,nearly_canceling,serial,fp64,,1919384,0,0,123,456,0.0018407300000000001,-9.1827638045688387e-05
runtime,nearly_canceling,serial,mixed_fp32_fp64,,1919384,0,0,123,456,0.0022414990000000001,-1.5718999890168561e-05
runtime,nearly_canceling,serial,fp64,,1919384,0,1,123,456,0.0017096220000000001,-9.1827638045688387e-05
runtime,nearly_canceling,serial,mixed_fp32_fp64,,1919384,0,1,123,456,0.0021731229999999999,-1.5718999890168561e-05
runtime,nearly_canceling,serial,fp64,,1919384,0,2,123,456,0.001699594,-9.1827638045688387e-05
runtime,nearly_canceling,serial,mixed_fp32_fp64,,1919384,0,2,123,456,0.0021672520000000002,-1.5718999890168561e-05
runtime,nearly_canceling,serial,fp64,,1919384,0,3,123,456,0.001650601,-9.1827638045688387e-05
runtime,nearly_canceling,serial,mixed_fp32_fp64,,1919384,0,3,123,456,0.0021506089999999999,-1.5718999890168561e-05
runtime,nearly_canceling,serial,fp64,,1919384,0,4,123,456,0.0016288470000000001,-9.1827638045688387e-05
runtime,nearly_canceling,serial,mixed_fp32_fp64,,1919384,0,4,123,456,0.002130421,-1.5718999890168561e-05
runtime,nearly_canceling,serial,fp64,,1919384,0,5,123,456,0.0015885540000000001,-9.1827638045688387e-05
runtime,nearly_canceling,serial,mixed_fp32_fp64,,1919384,0,5,123,456,0.002109494,-1.5718999890168561e-05
runtime,nearly_canceling,serial,fp64,,1919384,0,6,123,456,0.0015504169999999999,-9.1827638045688387e-05
runtime,nearly_canceling,serial,mixed_fp32_fp64,,1919384,0,6,123,456,0.0021072980000000001,-1.5718999890168561e-05
runtime,nearly_canceling,serial,fp64,,1919384,0,7,123,456,0.0016068090000000001,-9.1827638045688387e-05
runtime,nearly_canceling,serial,mixed_fp32_fp64,,1919384,0,7,123,456,0.002822827,-1.5718999890168561e-05
runtime,nearly_canceling,openmp,fp64,1,1919384,0,0,123,456,0.0027383120000000001,-9.1827638045688387e-05
runtime,nearly_canceling,openmp,mixed_fp32_fp64,1,1919384,0,0,123,456,0.0041470320000000001,-1.5718999890168561e-05
runtime,nearly_canceling,openmp,fp64,1,1919384,0,1,123,456,0.0025295859999999999,-9.1827638045688387e-05
runtime,nearly_canceling,openmp,mixed_fp32_fp64,1,1919384,0,1,123,456,0.0029436670000000001,-1.5718999890168561e-05
runtime,nearly_canceling,openmp,fp64,1,1919384,0,2,123,456,0.001890613,-9.1827638045688387e-05
runtime,nearly_canceling,openmp,mixed_fp32_fp64,1,1919384,0,2,123,456,0.0021024289999999998,-1.5718999890168561e-05
runtime,nearly_canceling,openmp,fp64,1,1919384,0,3,123,456,0.0015959069999999999,-9.1827638045688387e-05
runtime,nearly_canceling,openmp,mixed_fp32_fp64,1,1919384,0,3,123,456,0.0020928359999999998,-1.5718999890168561e-05
runtime,nearly_canceling,openmp,fp64,1,1919384,0,4,123,456,0.0015765969999999999,-9.1827638045688387e-05
runtime,nearly_canceling,openmp,mixed_fp32_fp64,1,1919384,0,4,123,456,0.0020831809999999999,-1.5718999890168561e-05
runtime,nearly_canceling,openmp,fp64,1,1919384,0,5,123,456,0.0015540599999999999,-9.1827638045688387e-05
runtime,nearly_canceling,openmp,mixed_fp32_fp64,1,1919384,0,5,123,456,0.0032440939999999999,-1.5718999890168561e-05
runtime,nearly_canceling,openmp,fp64,1,1919384,0,6,123,456,0.001810255,-9.1827638045688387e-05
runtime,nearly_canceling,openmp,mixed_fp32_fp64,1,1919384,0,6,123,456,0.0021254030000000001,-1.5718999890168561e-05
runtime,nearly_canceling,openmp,fp64,1,1919384,0,7,123,456,0.001592663,-9.1827638045688387e-05
runtime,nearly_canceling,openmp,mixed_fp32_fp64,1,1919384,0,7,123,456,0.0021167320000000001,-1.5718999890168561e-05
runtime,nearly_canceling,openmp,fp64,2,1919384,0,0,123,456,0.0025471700000000001,-9.1827638045799409e-05
runtime,nearly_canceling,openmp,mixed_fp32_fp64,2,1919384,0,0,123,456,0.0014623500000000001,-1.5718999890168561e-05
runtime,nearly_canceling,openmp,fp64,2,1919384,0,1,123,456,0.0012725130000000001,-9.1827638045799409e-05
runtime,nearly_canceling,openmp,mixed_fp32_fp64,2,1919384,0,1,123,456,0.0013876660000000001,-1.5718999890168561e-05
runtime,nearly_canceling,openmp,fp64,2,1919384,0,2,123,456,0.0011424670000000001,-9.1827638045799409e-05
runtime,nearly_canceling,openmp,mixed_fp32_fp64,2,1919384,0,2,123,456,0.0028014889999999999,-1.5718999890168561e-05
runtime,nearly_canceling,openmp,fp64,2,1919384,0,3,123,456,0.0020207129999999999,-9.1827638045799409e-05
runtime,nearly_canceling,openmp,mixed_fp32_fp64,2,1919384,0,3,123,456,0.0021000599999999999,-1.5718999890168561e-05
runtime,nearly_canceling,openmp,fp64,2,1919384,0,4,123,456,0.001578269,-9.1827638045799409e-05
runtime,nearly_canceling,openmp,mixed_fp32_fp64,2,1919384,0,4,123,456,0.0012465410000000001,-1.5718999890168561e-05
runtime,nearly_canceling,openmp,fp64,2,1919384,0,5,123,456,0.00083503899999999999,-9.1827638045799409e-05
runtime,nearly_canceling,openmp,mixed_fp32_fp64,2,1919384,0,5,123,456,0.001047856,-1.5718999890168561e-05
runtime,nearly_canceling,openmp,fp64,2,1919384,0,6,123,456,0.00086729500000000002,-9.1827638045799409e-05
runtime,nearly_canceling,openmp,mixed_fp32_fp64,2,1919384,0,6,123,456,0.0010512950000000001,-1.5718999890168561e-05
runtime,nearly_canceling,openmp,fp64,2,1919384,0,7,123,456,0.00081136399999999997,-9.1827638045799409e-05
runtime,nearly_canceling,openmp,mixed_fp32_fp64,2,1919384,0,7,123,456,0.001161572,-1.5718999890168561e-05
runtime,nearly_canceling,openmp,fp64,4,1919384,0,0,123,456,0.014484314999999999,-9.1827638049574167e-05
runtime,nearly_canceling,openmp,mixed_fp32_fp64,4,1919384,0,0,123,456,0.010475518,-1.5718999890168561e-05
runtime,nearly_canceling,openmp,fp64,4,1919384,0,1,123,456,0.001295755,-9.1827638049574167e-05
runtime,nearly_canceling,openmp,mixed_fp32_fp64,4,1919384,0,1,123,456,0.0018318539999999999,-1.5718999890168561e-05
runtime,nearly_canceling,openmp,fp64,4,1919384,0,2,123,456,0.00080429199999999996,-9.1827638049574167e-05
runtime,nearly_canceling,openmp,mixed_fp32_fp64,4,1919384,0,2,123,456,0.00096445000000000005,-1.5718999890168561e-05
runtime,nearly_canceling,openmp,fp64,4,1919384,0,3,123,456,0.0048241730000000002,-9.1827638049574167e-05
runtime,nearly_canceling,openmp,mixed_fp32_fp64,4,1919384,0,3,123,456,0.001592347,-1.5718999890168561e-05
runtime,nearly_canceling,openmp,fp64,4,1919384,0,4,123,456,0.001385261,-9.1827638049574167e-05
runtime,nearly_canceling,openmp,mixed_fp32_fp64,4,1919384,0,4,123,456,0.001169593,-1.5718999890168561e-05
runtime,nearly_canceling,openmp,fp64,4,1919384,0,5,123,456,0.00059938299999999999,-9.1827638049574167e-05
runtime,nearly_canceling,openmp,mixed_fp32_fp64,4,1919384,0,5,123,456,0.00071490300000000002,-1.5718999890168561e-05
runtime,nearly_canceling,openmp,fp64,4,1919384,0,6,123,456,0.00050095599999999999,-9.1827638049574167e-05
runtime,nearly_canceling,openmp,mixed_fp32_fp64,4,1919384,0,6,123,456,0.00076462600000000002,-1.5718999890168561e-05
runtime,nearly_canceling,openmp,fp64,4,1919384,0,7,123,456,0.00045328799999999999,-9.1827638049574167e-05
runtime,nearly_canceling,openmp,mixed_fp32_fp64,4,1919384,0,7,123,456,0.0009810419999999999,-1.5718999890168561e-05
runtime,nearly_canceling,openmp,fp64,8,1919384,0,0,123,456,0.035468640000000003,-9.1827638029756686e-05
runtime,nearly_canceling,openmp,mixed_fp32_fp64,8,1919384,0,0,123,456,0.020298301000000001,-1.5718999890168561e-05
runtime,nearly_canceling,openmp,fp64,8,1919384,0,1,123,456,0.016046405,-9.1827638029728931e-05
runtime,nearly_canceling,openmp,mixed_fp32_fp64,8,1919384,0,1,123,456,0.020372174,-1.5718999890168561e-05
runtime,nearly_canceling,openmp,fp64,8,1919384,0,2,123,456,0.015753599,-9.1827638029950975e-05
runtime,nearly_canceling,openmp,mixed_fp32_fp64,8,1919384,0,2,123,456,0.034954359999999997,-1.5718999890168561e-05
runtime,nearly_canceling,openmp,fp64,8,1919384,0,3,123,456,0.015376637,-9.1827638029728931e-05
runtime,nearly_canceling,openmp,mixed_fp32_fp64,8,1919384,0,3,123,456,0.012296005,-1.5718999890168561e-05
runtime,nearly_canceling,openmp,fp64,8,1919384,0,4,123,456,0.018448767000000001,-9.1827638029756686e-05
runtime,nearly_canceling,openmp,mixed_fp32_fp64,8,1919384,0,4,123,456,0.013493418,-1.5718999890168561e-05
runtime,nearly_canceling,openmp,fp64,8,1919384,0,5,123,456,0.010804196,-9.1827638029728931e-05
runtime,nearly_canceling,openmp,mixed_fp32_fp64,8,1919384,0,5,123,456,0.012784525,-1.5718999890168561e-05
runtime,nearly_canceling,openmp,fp64,8,1919384,0,6,123,456,0.0055667879999999996,-9.1827638029506886e-05
runtime,nearly_canceling,openmp,mixed_fp32_fp64,8,1919384,0,6,123,456,0.003474193,-1.5718999890168561e-05
runtime,nearly_canceling,openmp,fp64,8,1919384,0,7,123,456,0.005911024,-9.1827638029728931e-05
runtime,nearly_canceling,openmp,mixed_fp32_fp64,8,1919384,0,7,123,456,0.0093776050000000007,-1.5718999890168561e-05
runtime,nearly_canceling,openmp,fp64,16,1919384,0,0,123,456,0.036176609999999998,-9.1827637978665611e-05
runtime,nearly_canceling,openmp,mixed_fp32_fp64,16,1919384,0,0,123,456,0.014384311,-1.5718999890168561e-05
runtime,nearly_canceling,openmp,fp64,16,1919384,0,1,123,456,0.019414084000000002,-9.1827637978575405e-05
runtime,nearly_canceling,openmp,mixed_fp32_fp64,16,1919384,0,1,123,456,0.019384478,-1.5718999890168561e-05
runtime,nearly_canceling,openmp,fp64,16,1919384,0,2,123,456,0.028761170999999999,-9.1827637978700305e-05
runtime,nearly_canceling,openmp,mixed_fp32_fp64,16,1919384,0,2,123,456,0.016469251000000001,-1.5718999890168561e-05
runtime,nearly_canceling,openmp,fp64,16,1919384,0,3,123,456,0.020425886000000001,-9.1827637978547649e-05
runtime,nearly_canceling,openmp,mixed_fp32_fp64,16,1919384,0,3,123,456,0.024967019,-1.5718999890168561e-05
runtime,nearly_canceling,openmp,fp64,16,1919384,0,4,123,456,0.021111022,-9.1827637978658672e-05
runtime,nearly_canceling,openmp,mixed_fp32_fp64,16,1919384,0,4,123,456,0.022160488999999998,-1.5718999890168561e-05
runtime,nearly_canceling,openmp,fp64,16,1919384,0,5,123,456,0.015982001999999999,-9.1827637978547649e-05
runtime,nearly_canceling,openmp,mixed_fp32_fp64,16,1919384,0,5,123,456,0.011866588000000001,-1.5718999890168561e-05
runtime,nearly_canceling,openmp,fp64,16,1919384,0,6,123,456,0.023205241000000001,-9.1827637978658672e-05
runtime,nearly_canceling,openmp,mixed_fp32_fp64,16,1919384,0,6,123,456,0.019460671999999998,-1.5718999890168561e-05
runtime,nearly_canceling,openmp,fp64,16,1919384,0,7,123,456,0.012545845999999999,-9.1827637978622242e-05
runtime,nearly_canceling,openmp,mixed_fp32_fp64,16,1919384,0,7,123,456,0.020046233,-1.5718999890168561e-05
runtime,nearly_canceling,openmp,fp64,22,1919384,0,0,123,456,0.037765265999999999,-9.1827638011687807e-05
runtime,nearly_canceling,openmp,mixed_fp32_fp64,22,1919384,0,0,123,456,0.025755243000000001,-1.5718999890168561e-05
runtime,nearly_canceling,openmp,fp64,22,1919384,0,1,123,456,0.020529328999999999,-9.1827638011805768e-05
runtime,nearly_canceling,openmp,mixed_fp32_fp64,22,1919384,0,1,123,456,0.017560572999999999,-1.5718999890168561e-05
runtime,nearly_canceling,openmp,fp64,22,1919384,0,2,123,456,0.026095553,-9.1827638011687807e-05
runtime,nearly_canceling,openmp,mixed_fp32_fp64,22,1919384,0,2,123,456,0.015890086000000001,-1.5718999890168561e-05
runtime,nearly_canceling,openmp,fp64,22,1919384,0,3,123,456,0.019793521000000001,-9.1827638011798829e-05
runtime,nearly_canceling,openmp,mixed_fp32_fp64,22,1919384,0,3,123,456,0.016006705999999999,-1.5718999890168561e-05
runtime,nearly_canceling,openmp,fp64,22,1919384,0,4,123,456,0.018163294,-9.1827638011715562e-05
runtime,nearly_canceling,openmp,mixed_fp32_fp64,22,1919384,0,4,123,456,0.017063805000000001,-1.5718999890168561e-05
runtime,nearly_canceling,openmp,fp64,22,1919384,0,5,123,456,0.015090447999999999,-9.1827638011743318e-05
runtime,nearly_canceling,openmp,mixed_fp32_fp64,22,1919384,0,5,123,456,0.023280404000000001,-1.5718999890168561e-05
runtime,nearly_canceling,openmp,fp64,22,1919384,0,6,123,456,0.016534072,-9.1827638011778012e-05
runtime,nearly_canceling,openmp,mixed_fp32_fp64,22,1919384,0,6,123,456,0.024830016,-1.5718999890168561e-05
runtime,nearly_canceling,openmp,fp64,22,1919384,0,7,123,456,0.025012856,-9.1827638011798829e-05
runtime,nearly_canceling,openmp,mixed_fp32_fp64,22,1919384,0,7,123,456,0.025149953999999999,-1.5718999890168561e-05
runtime,nearly_canceling,serial,fp64,,3684032,0,0,123,456,0.0042032090000000003,-6.2760505753822748e-05
runtime,nearly_canceling,serial,mixed_fp32_fp64,,3684032,0,0,123,456,0.0045592860000000001,3.6689740156248263e-05
runtime,nearly_canceling,serial,fp64,,3684032,0,1,123,456,0.0042312720000000003,-6.2760505753822748e-05
runtime,nearly_canceling,serial,mixed_fp32_fp64,,3684032,0,1,123,456,0.0047483730000000002,3.6689740156248263e-05
runtime,nearly_canceling,serial,fp64,,3684032,0,2,123,456,0.0039581319999999996,-6.2760505753822748e-05
runtime,nearly_canceling,serial,mixed_fp32_fp64,,3684032,0,2,123,456,0.0043339709999999998,3.6689740156248263e-05
runtime,nearly_canceling,serial,fp64,,3684032,0,3,123,456,0.0034137970000000001,-6.2760505753822748e-05
runtime,nearly_canceling,serial,mixed_fp32_fp64,,3684032,0,3,123,456,0.0043142650000000003,3.6689740156248263e-05
runtime,nearly_canceling,serial,fp64,,3684032,0,4,123,456,0.0039736370000000003,-6.2760505753822748e-05
runtime,nearly_canceling,serial,mixed_fp32_fp64,,3684032,0,4,123,456,0.004196048,3.6689740156248263e-05
runtime,nearly_canceling,serial,fp64,,3684032,0,5,123,456,0.0033532950000000001,-6.2760505753822748e-05
runtime,nearly_canceling,serial,mixed_fp32_fp64,,3684032,0,5,123,456,0.0045500740000000003,3.6689740156248263e-05
runtime,nearly_canceling,serial,fp64,,3684032,0,6,123,456,0.0036189030000000001,-6.2760505753822748e-05
runtime,nearly_canceling,serial,mixed_fp32_fp64,,3684032,0,6,123,456,0.0043779780000000003,3.6689740156248263e-05
runtime,nearly_canceling,serial,fp64,,3684032,0,7,123,456,0.0034238419999999999,-6.2760505753822748e-05
runtime,nearly_canceling,serial,mixed_fp32_fp64,,3684032,0,7,123,456,0.0048634009999999998,3.6689740156248263e-05
runtime,nearly_canceling,openmp,fp64,1,3684032,0,0,123,456,0.0041076319999999999,-6.2760505753822748e-05
runtime,nearly_canceling,openmp,mixed_fp32_fp64,1,3684032,0,0,123,456,0.0044481570000000003,3.6689740156248263e-05
runtime,nearly_canceling,openmp,fp64,1,3684032,0,1,123,456,0.0033742300000000002,-6.2760505753822748e-05
runtime,nearly_canceling,openmp,mixed_fp32_fp64,1,3684032,0,1,123,456,0.0047187289999999996,3.6689740156248263e-05
runtime,nearly_canceling,openmp,fp64,1,3684032,0,2,123,456,0.0032329780000000001,-6.2760505753822748e-05
runtime,nearly_canceling,openmp,mixed_fp32_fp64,1,3684032,0,2,123,456,0.0040227120000000003,3.6689740156248263e-05
runtime,nearly_canceling,openmp,fp64,1,3684032,0,3,123,456,0.0034932969999999998,-6.2760505753822748e-05
runtime,nearly_canceling,openmp,mixed_fp32_fp64,1,3684032,0,3,123,456,0.0055946609999999999,3.6689740156248263e-05
runtime,nearly_canceling,openmp,fp64,1,3684032,0,4,123,456,0.0034257799999999998,-6.2760505753822748e-05
runtime,nearly_canceling,openmp,mixed_fp32_fp64,1,3684032,0,4,123,456,0.004690268,3.6689740156248263e-05
runtime,nearly_canceling,openmp,fp64,1,3684032,0,5,123,456,0.0034168509999999998,-6.2760505753822748e-05
runtime,nearly_canceling,openmp,mixed_fp32_fp64,1,3684032,0,5,123,456,0.0040561549999999997,3.6689740156248263e-05
runtime,nearly_canceling,openmp,fp64,1,3684032,0,6,123,456,0.0034092559999999998,-6.2760505753822748e-05
runtime,nearly_canceling,openmp,mixed_fp32_fp64,1,3684032,0,6,123,456,0.0044551449999999998,3.6689740156248263e-05
runtime,nearly_canceling,openmp,fp64,1,3684032,0,7,123,456,0.003725005,-6.2760505753822748e-05
runtime,nearly_canceling,openmp,mixed_fp32_fp64,1,3684032,0,7,123,456,0.0049272869999999998,3.6689740156248263e-05
runtime,nearly_canceling,openmp,fp64,2,3684032,0,0,123,456,0.0039601519999999998,-6.2760505757819551e-05
runtime,nearly_canceling,openmp,mixed_fp32_fp64,2,3684032,0,0,123,456,0.003525032,3.6689740156248263e-05
runtime,nearly_canceling,openmp,fp64,2,3684032,0,1,123,456,0.002205449,-6.2760505757819551e-05
runtime,nearly_canceling,openmp,mixed_fp32_fp64,2,3684032,0,1,123,456,0.0024599019999999999,3.6689740156248263e-05
runtime,nearly_canceling,openmp,fp64,2,3684032,0,2,123,456,0.002140674,-6.2760505757819551e-05
runtime,nearly_canceling,openmp,mixed_fp32_fp64,2,3684032,0,2,123,456,0.0025027460000000001,3.6689740156248263e-05
runtime,nearly_canceling,openmp,fp64,2,3684032,0,3,123,456,0.0022554139999999999,-6.2760505757819551e-05
runtime,nearly_canceling,openmp,mixed_fp32_fp64,2,3684032,0,3,123,456,0.0023535679999999999,3.6689740156248263e-05
runtime,nearly_canceling,openmp,fp64,2,3684032,0,4,123,456,0.0021373130000000001,-6.2760505757819551e-05
runtime,nearly_canceling,openmp,mixed_fp32_fp64,2,3684032,0,4,123,456,0.0023441479999999999,3.6689740156248263e-05
runtime,nearly_canceling,openmp,fp64,2,3684032,0,5,123,456,0.0026697919999999998,-6.2760505757819551e-05
runtime,nearly_canceling,openmp,mixed_fp32_fp64,2,3684032,0,5,123,456,0.0021109459999999998,3.6689740156248263e-05
runtime,nearly_canceling,openmp,fp64,2,3684032,0,6,123,456,0.001858293,-6.2760505757819551e-05
runtime,nearly_canceling,openmp,mixed_fp32_fp64,2,3684032,0,6,123,456,0.002132938,3.6689740156248263e-05
runtime,nearly_canceling,openmp,fp64,2,3684032,0,7,123,456,0.0017771900000000001,-6.2760505757819551e-05
runtime,nearly_canceling,openmp,mixed_fp32_fp64,2,3684032,0,7,123,456,0.002591491,3.6689740156248263e-05
runtime,nearly_canceling,openmp,fp64,4,3684032,0,0,123,456,0.008483127,-6.2760505756820351e-05
runtime,nearly_canceling,openmp,mixed_fp32_fp64,4,3684032,0,0,123,456,0.016467605999999999,3.6689740156248263e-05
runtime,nearly_canceling,openmp,fp64,4,3684032,0,1,123,456,0.019985635000000002,-6.2760505756820351e-05
runtime,nearly_canceling,openmp,mixed_fp32_fp64,4,3684032,0,1,123,456,0.014105599,3.6689740156248263e-05
runtime,nearly_canceling,openmp,fp64,4,3684032,0,2,123,456,0.018228057999999998,-6.2760505756820351e-05
runtime,nearly_canceling,openmp,mixed_fp32_fp64,4,3684032,0,2,123,456,0.0024653309999999999,3.6689740156248263e-05
runtime,nearly_canceling,openmp,fp64,4,3684032,0,3,123,456,0.0013872769999999999,-6.2760505756820351e-05
runtime,nearly_canceling,openmp,mixed_fp32_fp64,4,3684032,0,3,123,456,0.0015106690000000001,3.6689740156248263e-05
runtime,nearly_canceling,openmp,fp64,4,3684032,0,4,123,456,0.0012658560000000001,-6.2760505756820351e-05
runtime,nearly_canceling,openmp,mixed_fp32_fp64,4,3684032,0,4,123,456,0.002990899,3.6689740156248263e-05
runtime,nearly_canceling,openmp,fp64,4,3684032,0,5,123,456,0.0012661,-6.2760505756820351e-05
runtime,nearly_canceling,openmp,mixed_fp32_fp64,4,3684032,0,5,123,456,0.0013925420000000001,3.6689740156248263e-05
runtime,nearly_canceling,openmp,fp64,4,3684032,0,6,123,456,0.0010919829999999999,-6.2760505756820351e-05
runtime,nearly_canceling,openmp,mixed_fp32_fp64,4,3684032,0,6,123,456,0.0037451759999999998,3.6689740156248263e-05
runtime,nearly_canceling,openmp,fp64,4,3684032,0,7,123,456,0.001114442,-6.2760505756820351e-05
runtime,nearly_canceling,openmp,mixed_fp32_fp64,4,3684032,0,7,123,456,0.0013934489999999999,3.6689740156248263e-05
runtime,nearly_canceling,openmp,fp64,8,3684032,0,0,123,456,0.01663506,-6.2760505762815555e-05
runtime,nearly_canceling,openmp,mixed_fp32_fp64,8,3684032,0,0,123,456,0.033562261000000003,3.6689740156248263e-05
runtime,nearly_canceling,openmp,fp64,8,3684032,0,1,123,456,0.015719606000000001,-6.2760505762815555e-05
runtime,nearly_canceling,openmp,mixed_fp32_fp64,8,3684032,0,1,123,456,0.015776220000000001,3.6689740156248263e-05
runtime,nearly_canceling,openmp,fp64,8,3684032,0,2,123,456,0.014609239,-6.2760505762815555e-05
runtime,nearly_canceling,openmp,mixed_fp32_fp64,8,3684032,0,2,123,456,0.024713741000000001,3.6689740156248263e-05
runtime,nearly_canceling,openmp,fp64,8,3684032,0,3,123,456,0.020120352000000001,-6.2760505762815555e-05
runtime,nearly_canceling,openmp,mixed_fp32_fp64,8,3684032,0,3,123,456,0.015995674000000001,3.6689740156248263e-05
runtime,nearly_canceling,openmp,fp64,8,3684032,0,4,123,456,0.0075069380000000003,-6.2760505762815555e-05
runtime,nearly_canceling,openmp,mixed_fp32_fp64,8,3684032,0,4,123,456,0.0060463749999999997,3.6689740156248263e-05
runtime,nearly_canceling,openmp,fp64,8,3684032,0,5,123,456,0.012594344,-6.2760505762815555e-05
runtime,nearly_canceling,openmp,mixed_fp32_fp64,8,3684032,0,5,123,456,0.013504815,3.6689740156248263e-05
runtime,nearly_canceling,openmp,fp64,8,3684032,0,6,123,456,0.0098223909999999998,-6.2760505762815555e-05
runtime,nearly_canceling,openmp,mixed_fp32_fp64,8,3684032,0,6,123,456,0.01621388,3.6689740156248263e-05
runtime,nearly_canceling,openmp,fp64,8,3684032,0,7,123,456,0.022757413000000001,-6.2760505762815555e-05
runtime,nearly_canceling,openmp,mixed_fp32_fp64,8,3684032,0,7,123,456,0.017206513999999999,3.6689740156248263e-05
runtime,nearly_canceling,openmp,fp64,16,3684032,0,0,123,456,0.039386655,-6.2760505764529462e-05
runtime,nearly_canceling,openmp,mixed_fp32_fp64,16,3684032,0,0,123,456,0.023830579000000001,3.6689740156248263e-05
runtime,nearly_canceling,openmp,fp64,16,3684032,0,1,123,456,0.023740979999999998,-6.2760505764529462e-05
runtime,nearly_canceling,openmp,mixed_fp32_fp64,16,3684032,0,1,123,456,0.022883545000000002,3.6689740156248263e-05
runtime,nearly_canceling,openmp,fp64,16,3684032,0,2,123,456,0.019647847999999999,-6.2760505764529462e-05
runtime,nearly_canceling,openmp,mixed_fp32_fp64,16,3684032,0,2,123,456,0.018615410999999998,3.6689740156248263e-05
runtime,nearly_canceling,openmp,fp64,16,3684032,0,3,123,456,0.027165960999999999,-6.2760505764529462e-05
runtime,nearly_canceling,openmp,mixed_fp32_fp64,16,3684032,0,3,123,456,0.019464814,3.6689740156248263e-05
runtime,nearly_canceling,openmp,fp64,16,3684032,0,4,123,456,0.013144199000000001,-6.2760505764529462e-05
runtime,nearly_canceling,openmp,mixed_fp32_fp64,16,3684032,0,4,123,456,0.018172019000000001,3.6689740156248263e-05
runtime,nearly_canceling,openmp,fp64,16,3684032,0,5,123,456,0.015320566000000001,-6.2760505764529462e-05
runtime,nearly_canceling,openmp,mixed_fp32_fp64,16,3684032,0,5,123,456,0.019677025000000001,3.6689740156248263e-05
runtime,nearly_canceling,openmp,fp64,16,3684032,0,6,123,456,0.016910468000000001,-6.2760505764529462e-05
runtime,nearly_canceling,openmp,mixed_fp32_fp64,16,3684032,0,6,123,456,0.021252107999999999,3.6689740156248263e-05
runtime,nearly_canceling,openmp,fp64,16,3684032,0,7,123,456,0.022639336999999999,-6.2760505764529462e-05
runtime,nearly_canceling,openmp,mixed_fp32_fp64,16,3684032,0,7,123,456,0.0074935569999999996,3.6689740156248263e-05
runtime,nearly_canceling,openmp,fp64,22,3684032,0,0,123,456,0.046269541999999997,-6.2760505758167797e-05
runtime,nearly_canceling,openmp,mixed_fp32_fp64,22,3684032,0,0,123,456,0.034682475999999997,3.6689740156248263e-05
runtime,nearly_canceling,openmp,fp64,22,3684032,0,1,123,456,0.018474289000000001,-6.2760505758167797e-05
runtime,nearly_canceling,openmp,mixed_fp32_fp64,22,3684032,0,1,123,456,0.018651944,3.6689740156248263e-05
runtime,nearly_canceling,openmp,fp64,22,3684032,0,2,123,456,0.033490577000000001,-6.2760505758167797e-05
runtime,nearly_canceling,openmp,mixed_fp32_fp64,22,3684032,0,2,123,456,0.033440889000000001,3.6689740156248263e-05
runtime,nearly_canceling,openmp,fp64,22,3684032,0,3,123,456,0.031273005,-6.2760505758167797e-05
runtime,nearly_canceling,openmp,mixed_fp32_fp64,22,3684032,0,3,123,456,0.021545577999999999,3.6689740156248263e-05
runtime,nearly_canceling,openmp,fp64,22,3684032,0,4,123,456,0.024001287999999999,-6.2760505758167797e-05
runtime,nearly_canceling,openmp,mixed_fp32_fp64,22,3684032,0,4,123,456,0.016071278000000001,3.6689740156248263e-05
runtime,nearly_canceling,openmp,fp64,22,3684032,0,5,123,456,0.01538701,-6.2760505758167797e-05
runtime,nearly_canceling,openmp,mixed_fp32_fp64,22,3684032,0,5,123,456,0.034706529999999999,3.6689740156248263e-05
runtime,nearly_canceling,openmp,fp64,22,3684032,0,6,123,456,0.021083713,-6.2760505758167797e-05
runtime,nearly_canceling,openmp,mixed_fp32_fp64,22,3684032,0,6,123,456,0.02414722,3.6689740156248263e-05
runtime,nearly_canceling,openmp,fp64,22,3684032,0,7,123,456,0.028940909000000001,-6.2760505758167797e-05
runtime,nearly_canceling,openmp,mixed_fp32_fp64,22,3684032,0,7,123,456,0.015574001000000001,3.6689740156248263e-05
runtime,nearly_canceling,serial,fp64,,7071068,0,0,123,456,0.007071071,-2.5279117269332713e-05
runtime,nearly_canceling,serial,mixed_fp32_fp64,,7071068,0,0,123,456,0.0073153589999999996,1.5492867349919948e-05
runtime,nearly_canceling,serial,fp64,,7071068,0,1,123,456,0.0066028129999999999,-2.5279117269332713e-05
runtime,nearly_canceling,serial,mixed_fp32_fp64,,7071068,0,1,123,456,0.0075602550000000001,1.5492867349919948e-05
runtime,nearly_canceling,serial,fp64,,7071068,0,2,123,456,0.0066676440000000003,-2.5279117269332713e-05
runtime,nearly_canceling,serial,mixed_fp32_fp64,,7071068,0,2,123,456,0.0077522379999999998,1.5492867349919948e-05
runtime,nearly_canceling,serial,fp64,,7071068,0,3,123,456,0.0063757240000000001,-2.5279117269332713e-05
runtime,nearly_canceling,serial,mixed_fp32_fp64,,7071068,0,3,123,456,0.0078853059999999999,1.5492867349919948e-05
runtime,nearly_canceling,serial,fp64,,7071068,0,4,123,456,0.0068080839999999998,-2.5279117269332713e-05
runtime,nearly_canceling,serial,mixed_fp32_fp64,,7071068,0,4,123,456,0.00740838,1.5492867349919948e-05
runtime,nearly_canceling,serial,fp64,,7071068,0,5,123,456,0.0064687690000000001,-2.5279117269332713e-05
runtime,nearly_canceling,serial,mixed_fp32_fp64,,7071068,0,5,123,456,0.010370831,1.5492867349919948e-05
runtime,nearly_canceling,serial,fp64,,7071068,0,6,123,456,0.0067088989999999999,-2.5279117269332713e-05
runtime,nearly_canceling,serial,mixed_fp32_fp64,,7071068,0,6,123,456,0.0082663879999999995,1.5492867349919948e-05
runtime,nearly_canceling,serial,fp64,,7071068,0,7,123,456,0.0065695600000000003,-2.5279117269332713e-05
runtime,nearly_canceling,serial,mixed_fp32_fp64,,7071068,0,7,123,456,0.0075512030000000003,1.5492867349919948e-05
runtime,nearly_canceling,openmp,fp64,1,7071068,0,0,123,456,0.0064488480000000001,-2.5279117269332713e-05
runtime,nearly_canceling,openmp,mixed_fp32_fp64,1,7071068,0,0,123,456,0.0078802430000000003,1.5492867349919948e-05
runtime,nearly_canceling,openmp,fp64,1,7071068,0,1,123,456,0.0070736610000000002,-2.5279117269332713e-05
runtime,nearly_canceling,openmp,mixed_fp32_fp64,1,7071068,0,1,123,456,0.0077379700000000003,1.5492867349919948e-05
runtime,nearly_canceling,openmp,fp64,1,7071068,0,2,123,456,0.0063355449999999997,-2.5279117269332713e-05
runtime,nearly_canceling,openmp,mixed_fp32_fp64,1,7071068,0,2,123,456,0.0081341509999999992,1.5492867349919948e-05
runtime,nearly_canceling,openmp,fp64,1,7071068,0,3,123,456,0.0060819280000000003,-2.5279117269332713e-05
runtime,nearly_canceling,openmp,mixed_fp32_fp64,1,7071068,0,3,123,456,0.0075222630000000004,1.5492867349919948e-05
runtime,nearly_canceling,openmp,fp64,1,7071068,0,4,123,456,0.0069837679999999996,-2.5279117269332713e-05
runtime,nearly_canceling,openmp,mixed_fp32_fp64,1,7071068,0,4,123,456,0.0078748280000000004,1.5492867349919948e-05
runtime,nearly_canceling,openmp,fp64,1,7071068,0,5,123,456,0.0066006429999999998,-2.5279117269332713e-05
runtime,nearly_canceling,openmp,mixed_fp32_fp64,1,7071068,0,5,123,456,0.0082321559999999992,1.5492867349919948e-05
runtime,nearly_canceling,openmp,fp64,1,7071068,0,6,123,456,0.0070183609999999999,-2.5279117269332713e-05
runtime,nearly_canceling,openmp,mixed_fp32_fp64,1,7071068,0,6,123,456,0.0075011239999999996,1.5492867349919948e-05
runtime,nearly_canceling,openmp,fp64,1,7071068,0,7,123,456,0.0071120599999999999,-2.5279117269332713e-05
runtime,nearly_canceling,openmp,mixed_fp32_fp64,1,7071068,0,7,123,456,0.0078141870000000002,1.5492867349919948e-05
runtime,nearly_canceling,openmp,fp64,2,7071068,0,0,123,456,0.005620066,-2.5279117266446133e-05
runtime,nearly_canceling,openmp,mixed_fp32_fp64,2,7071068,0,0,123,456,0.0042111689999999998,1.5492867349919948e-05
runtime,nearly_canceling,openmp,fp64,2,7071068,0,1,123,456,0.0041214839999999999,-2.5279117266446133e-05
runtime,nearly_canceling,openmp,mixed_fp32_fp64,2,7071068,0,1,123,456,0.0054167210000000002,1.5492867349919948e-05
runtime,nearly_canceling,openmp,fp64,2,7071068,0,2,123,456,0.0039766209999999996,-2.5279117266446133e-05
runtime,nearly_canceling,openmp,mixed_fp32_fp64,2,7071068,0,2,123,456,0.0040605110000000002,1.5492867349919948e-05
runtime,nearly_canceling,openmp,fp64,2,7071068,0,3,123,456,0.003669257,-2.5279117266446133e-05
runtime,nearly_canceling,openmp,mixed_fp32_fp64,2,7071068,0,3,123,456,0.0042200459999999999,1.5492867349919948e-05
runtime,nearly_canceling,openmp,fp64,2,7071068,0,4,123,456,0.003802911,-2.5279117266446133e-05
runtime,nearly_canceling,openmp,mixed_fp32_fp64,2,7071068,0,4,123,456,0.0040673189999999998,1.5492867349919948e-05
runtime,nearly_canceling,openmp,fp64,2,7071068,0,5,123,456,0.0034901189999999999,-2.5279117266446133e-05
runtime,nearly_canceling,openmp,mixed_fp32_fp64,2,7071068,0,5,123,456,0.0041551979999999997,1.5492867349919948e-05
runtime,nearly_canceling,openmp,fp64,2,7071068,0,6,123,456,0.0040396019999999998,-2.5279117266446133e-05
runtime,nearly_canceling,openmp,mixed_fp32_fp64,2,7071068,0,6,123,456,0.0041376929999999996,1.5492867349919948e-05
runtime,nearly_canceling,openmp,fp64,2,7071068,0,7,123,456,0.0034851280000000001,-2.5279117266446133e-05
runtime,nearly_canceling,openmp,mixed_fp32_fp64,2,7071068,0,7,123,456,0.0039273759999999998,1.5492867349919948e-05
runtime,nearly_canceling,openmp,fp64,4,7071068,0,0,123,456,0.013858318,-2.5279117246257421e-05
runtime,nearly_canceling,openmp,mixed_fp32_fp64,4,7071068,0,0,123,456,0.019179871000000001,1.5492867349919948e-05
runtime,nearly_canceling,openmp,fp64,4,7071068,0,1,123,456,0.0070088939999999999,-2.5279117246368443e-05
runtime,nearly_canceling,openmp,mixed_fp32_fp64,4,7071068,0,1,123,456,0.0069676060000000003,1.5492867349919948e-05
runtime,nearly_canceling,openmp,fp64,4,7071068,0,2,123,456,0.0029347459999999998,-2.5279117246146399e-05
runtime,nearly_canceling,openmp,mixed_fp32_fp64,4,7071068,0,2,123,456,0.0030868739999999999,1.5492867349919948e-05
runtime,nearly_canceling,openmp,fp64,4,7071068,0,3,123,456,0.0045599849999999999,-2.5279117246368443e-05
runtime,nearly_canceling,openmp,mixed_fp32_fp64,4,7071068,0,3,123,456,0.0036349619999999998,1.5492867349919948e-05
runtime,nearly_canceling,openmp,fp64,4,7071068,0,4,123,456,0.004944581,-2.5279117246257421e-05
runtime,nearly_canceling,openmp,mixed_fp32_fp64,4,7071068,0,4,123,456,0.0034776239999999999,1.5492867349919948e-05
runtime,nearly_canceling,openmp,fp64,4,7071068,0,5,123,456,0.0053713529999999997,-2.5279117246146399e-05
runtime,nearly_canceling,openmp,mixed_fp32_fp64,4,7071068,0,5,123,456,0.0036526100000000001,1.5492867349919948e-05
runtime,nearly_canceling,openmp,fp64,4,7071068,0,6,123,456,0.0024583550000000002,-2.5279117246257421e-05
runtime,nearly_canceling,openmp,mixed_fp32_fp64,4,7071068,0,6,123,456,0.0031300740000000001,1.5492867349919948e-05
runtime,nearly_canceling,openmp,fp64,4,7071068,0,7,123,456,0.003198228,-2.5279117246257421e-05
runtime,nearly_canceling,openmp,mixed_fp32_fp64,4,7071068,0,7,123,456,0.0024092879999999999,1.5492867349919948e-05
runtime,nearly_canceling,openmp,fp64,8,7071068,0,0,123,456,0.018846973,-2.5279117432552844e-05
runtime,nearly_canceling,openmp,mixed_fp32_fp64,8,7071068,0,0,123,456,0.01820107,1.5492867349919948e-05
runtime,nearly_canceling,openmp,fp64,8,7071068,0,1,123,456,0.020008709999999999,-2.5279117432747134e-05
runtime,nearly_canceling,openmp,mixed_fp32_fp64,8,7071068,0,1,123,456,0.016339032999999999,1.5492867349919948e-05
runtime,nearly_canceling,openmp,fp64,8,7071068,0,2,123,456,0.032005857999999998,-2.5279117432636111e-05
runtime,nearly_canceling,openmp,mixed_fp32_fp64,8,7071068,0,2,123,456,0.0094028329999999993,1.5492867349919948e-05
runtime,nearly_canceling,openmp,fp64,8,7071068,0,3,123,456,0.010027935999999999,-2.5279117432747134e-05
runtime,nearly_canceling,openmp,mixed_fp32_fp64,8,7071068,0,3,123,456,0.013283382999999999,1.5492867349919948e-05
runtime,nearly_canceling,openmp,fp64,8,7071068,0,4,123,456,0.0059184709999999998,-2.5279117432747134e-05
runtime,nearly_canceling,openmp,mixed_fp32_fp64,8,7071068,0,4,123,456,0.0038314159999999998,1.5492867349919948e-05
runtime,nearly_canceling,openmp,fp64,8,7071068,0,5,123,456,0.0024878040000000001,-2.5279117432802645e-05
runtime,nearly_canceling,openmp,mixed_fp32_fp64,8,7071068,0,5,123,456,0.0024719350000000002,1.5492867349919948e-05
runtime,nearly_canceling,openmp,fp64,8,7071068,0,6,123,456,0.002105258,-2.5279117432636111e-05
runtime,nearly_canceling,openmp,mixed_fp32_fp64,8,7071068,0,6,123,456,0.0061911650000000002,1.5492867349919948e-05
runtime,nearly_canceling,openmp,fp64,8,7071068,0,7,123,456,0.0031950450000000001,-2.5279117432802645e-05
runtime,nearly_canceling,openmp,mixed_fp32_fp64,8,7071068,0,7,123,456,0.012888854999999999,1.5492867349919948e-05
runtime,nearly_canceling,openmp,fp64,16,7071068,0,0,123,456,0.028480457000000001,-2.527911731131649e-05
runtime,nearly_canceling,openmp,mixed_fp32_fp64,16,7071068,0,0,123,456,0.019471577,1.5492867349919948e-05
runtime,nearly_canceling,openmp,fp64,16,7071068,0,1,123,456,0.025361446999999999,-2.527911731131649e-05
runtime,nearly_canceling,openmp,mixed_fp32_fp64,16,7071068,0,1,123,456,0.019913535,1.5492867349919948e-05
runtime,nearly_canceling,openmp,fp64,16,7071068,0,2,123,456,0.015036381999999999,-2.527911731131649e-05
runtime,nearly_canceling,openmp,mixed_fp32_fp64,16,7071068,0,2,123,456,0.020642473000000001,1.5492867349919948e-05
runtime,nearly_canceling,openmp,fp64,16,7071068,0,3,123,456,0.015157187000000001,-2.5279117311323429e-05
runtime,nearly_canceling,openmp,mixed_fp32_fp64,16,7071068,0,3,123,456,0.016381163000000001,1.5492867349919948e-05
runtime,nearly_canceling,openmp,fp64,16,7071068,0,4,123,456,0.018307789000000001,-2.527911731131649e-05
runtime,nearly_canceling,openmp,mixed_fp32_fp64,16,7071068,0,4,123,456,0.019740341000000002,1.5492867349919948e-05
runtime,nearly_canceling,openmp,fp64,16,7071068,0,5,123,456,0.011603802999999999,-2.527911731131649e-05
runtime,nearly_canceling,openmp,mixed_fp32_fp64,16,7071068,0,5,123,456,0.021739364000000001,1.5492867349919948e-05
runtime,nearly_canceling,openmp,fp64,16,7071068,0,6,123,456,0.015743439000000001,-2.527911731131649e-05
runtime,nearly_canceling,openmp,mixed_fp32_fp64,16,7071068,0,6,123,456,0.015873495000000001,1.5492867349919948e-05
runtime,nearly_canceling,openmp,fp64,16,7071068,0,7,123,456,0.020501081000000001,-2.527911731131649e-05
runtime,nearly_canceling,openmp,mixed_fp32_fp64,16,7071068,0,7,123,456,0.011067718000000001,1.5492867349919948e-05
runtime,nearly_canceling,openmp,fp64,22,7071068,0,0,123,456,0.031038855000000001,-2.5279117235434481e-05
runtime,nearly_canceling,openmp,mixed_fp32_fp64,22,7071068,0,0,123,456,0.029546461,1.5492867349919948e-05
runtime,nearly_canceling,openmp,fp64,22,7071068,0,1,123,456,0.028439457000000001,-2.5279117235432746e-05
runtime,nearly_canceling,openmp,mixed_fp32_fp64,22,7071068,0,1,123,456,0.022629475999999999,1.5492867349919948e-05
runtime,nearly_canceling,openmp,fp64,22,7071068,0,2,123,456,0.019635616000000002,-2.5279117235370296e-05
runtime,nearly_canceling,openmp,mixed_fp32_fp64,22,7071068,0,2,123,456,0.029672534,1.5492867349919948e-05
runtime,nearly_canceling,openmp,fp64,22,7071068,0,3,123,456,0.034324545999999997,-2.527911723541193e-05
runtime,nearly_canceling,openmp,mixed_fp32_fp64,22,7071068,0,3,123,456,0.020272379,1.5492867349919948e-05
runtime,nearly_canceling,openmp,fp64,22,7071068,0,4,123,456,0.02394698,-2.5279117235321724e-05
runtime,nearly_canceling,openmp,mixed_fp32_fp64,22,7071068,0,4,123,456,0.030886325999999999,1.5492867349919948e-05
runtime,nearly_canceling,openmp,fp64,22,7071068,0,5,123,456,0.01181159,-2.5279117235406726e-05
runtime,nearly_canceling,openmp,mixed_fp32_fp64,22,7071068,0,5,123,456,0.028895033000000001,1.5492867349919948e-05
runtime,nearly_canceling,openmp,fp64,22,7071068,0,6,123,456,0.0156042,-2.5279117235432746e-05
runtime,nearly_canceling,openmp,mixed_fp32_fp64,22,7071068,0,6,123,456,0.014711462999999999,1.5492867349919948e-05
runtime,nearly_canceling,openmp,fp64,22,7071068,0,7,123,456,0.011964551,-2.5279117235422338e-05
runtime,nearly_canceling,openmp,mixed_fp32_fp64,22,7071068,0,7,123,456,0.023464122,1.5492867349919948e-05
runtime,nearly_canceling,serial,fp64,,13572088,0,0,123,456,0.012304852,-0.00015983582036338539
runtime,nearly_canceling,serial,mixed_fp32_fp64,,13572088,0,0,123,456,0.015892940000000001,-0.00025679191035621329
runtime,nearly_canceling,serial,fp64,,13572088,0,1,123,456,0.015634138999999998,-0.00015983582036338539
runtime,nearly_canceling,serial,mixed_fp32_fp64,,13572088,0,1,123,456,0.018575505999999999,-0.00025679191035621329
runtime,nearly_canceling,serial,fp64,,13572088,0,2,123,456,0.012270727,-0.00015983582036338539
runtime,nearly_canceling,serial,mixed_fp32_fp64,,13572088,0,2,123,456,0.018028868999999999,-0.00025679191035621329
runtime,nearly_canceling,serial,fp64,,13572088,0,3,123,456,0.015514740000000001,-0.00015983582036338539
runtime,nearly_canceling,serial,mixed_fp32_fp64,,13572088,0,3,123,456,0.020992044000000001,-0.00025679191035621329
runtime,nearly_canceling,serial,fp64,,13572088,0,4,123,456,0.015486932,-0.00015983582036338539
runtime,nearly_canceling,serial,mixed_fp32_fp64,,13572088,0,4,123,456,0.018790703999999998,-0.00025679191035621329
runtime,nearly_canceling,serial,fp64,,13572088,0,5,123,456,0.015188135,-0.00015983582036338539
runtime,nearly_canceling,serial,mixed_fp32_fp64,,13572088,0,5,123,456,0.014766674,-0.00025679191035621329
runtime,nearly_canceling,serial,fp64,,13572088,0,6,123,456,0.014311259999999999,-0.00015983582036338539
runtime,nearly_canceling,serial,mixed_fp32_fp64,,13572088,0,6,123,456,0.017796871999999998,-0.00025679191035621329
runtime,nearly_canceling,serial,fp64,,13572088,0,7,123,456,0.015083035999999999,-0.00015983582036338539
runtime,nearly_canceling,serial,mixed_fp32_fp64,,13572088,0,7,123,456,0.017085467999999999,-0.00025679191035621329
runtime,nearly_canceling,openmp,fp64,1,13572088,0,0,123,456,0.01354635,-0.00015983582036338539
runtime,nearly_canceling,openmp,mixed_fp32_fp64,1,13572088,0,0,123,456,0.016211829000000001,-0.00025679191035621329
runtime,nearly_canceling,openmp,fp64,1,13572088,0,1,123,456,0.014424796,-0.00015983582036338539
runtime,nearly_canceling,openmp,mixed_fp32_fp64,1,13572088,0,1,123,456,0.015225249,-0.00025679191035621329
runtime,nearly_canceling,openmp,fp64,1,13572088,0,2,123,456,0.012910061,-0.00015983582036338539
runtime,nearly_canceling,openmp,mixed_fp32_fp64,1,13572088,0,2,123,456,0.016152943999999999,-0.00025679191035621329
runtime,nearly_canceling,openmp,fp64,1,13572088,0,3,123,456,0.013662128000000001,-0.00015983582036338539
runtime,nearly_canceling,openmp,mixed_fp32_fp64,1,13572088,0,3,123,456,0.015712644000000001,-0.00025679191035621329
runtime,nearly_canceling,openmp,fp64,1,13572088,0,4,123,456,0.013325083,-0.00015983582036338539
runtime,nearly_canceling,openmp,mixed_fp32_fp64,1,13572088,0,4,123,456,0.015854315000000001,-0.00025679191035621329
runtime,nearly_canceling,openmp,fp64,1,13572088,0,5,123,456,0.013723188000000001,-0.00015983582036338539
runtime,nearly_canceling,openmp,mixed_fp32_fp64,1,13572088,0,5,123,456,0.015547132999999999,-0.00025679191035621329
runtime,nearly_canceling,openmp,fp64,1,13572088,0,6,123,456,0.014690112999999999,-0.00015983582036338539
runtime,nearly_canceling,openmp,mixed_fp32_fp64,1,13572088,0,6,123,456,0.015550382,-0.00025679191035621329
runtime,nearly_canceling,openmp,fp64,1,13572088,0,7,123,456,0.013713988,-0.00015983582036338539
runtime,nearly_canceling,openmp,mixed_fp32_fp64,1,13572088,0,7,123,456,0.016010640999999999,-0.00025679191035621329
runtime,nearly_canceling,openmp,fp64,2,13572088,0,0,123,456,0.008604301,-0.00015983582035805632
runtime,nearly_canceling,openmp,mixed_fp32_fp64,2,13572088,0,0,123,456,0.0089198980000000008,-0.00025679191035621329
runtime,nearly_canceling,openmp,fp64,2,13572088,0,1,123,456,0.0077665,-0.00015983582035805632
runtime,nearly_canceling,openmp,mixed_fp32_fp64,2,13572088,0,1,123,456,0.010817558,-0.00025679191035621329
runtime,nearly_canceling,openmp,fp64,2,13572088,0,2,123,456,0.0082922229999999996,-0.00015983582035805632
runtime,nearly_canceling,openmp,mixed_fp32_fp64,2,13572088,0,2,123,456,0.0078934260000000003,-0.00025679191035621329
runtime,nearly_canceling,openmp,fp64,2,13572088,0,3,123,456,0.010670786,-0.00015983582035805632
runtime,nearly_canceling,openmp,mixed_fp32_fp64,2,13572088,0,3,123,456,0.013217572,-0.00025679191035621329
runtime,nearly_canceling,openmp,fp64,2,13572088,0,4,123,456,0.0082025499999999994,-0.00015983582035805632
runtime,nearly_canceling,openmp,mixed_fp32_fp64,2,13572088,0,4,123,456,0.013775258,-0.00025679191035621329
runtime,nearly_canceling,openmp,fp64,2,13572088,0,5,123,456,0.0091992350000000001,-0.00015983582035805632
runtime,nearly_canceling,openmp,mixed_fp32_fp64,2,13572088,0,5,123,456,0.0080809880000000008,-0.00025679191035621329
runtime,nearly_canceling,openmp,fp64,2,13572088,0,6,123,456,0.0076373090000000001,-0.00015983582035805632
runtime,nearly_canceling,openmp,mixed_fp32_fp64,2,13572088,0,6,123,456,0.0094771820000000007,-0.00025679191035621329
runtime,nearly_canceling,openmp,fp64,2,13572088,0,7,123,456,0.0090633929999999994,-0.00015983582035805632
runtime,nearly_canceling,openmp,mixed_fp32_fp64,2,13572088,0,7,123,456,0.0083257239999999996,-0.00025679191035621329
runtime,nearly_canceling,openmp,fp64,4,13572088,0,0,123,456,0.012459326,-0.00015983582035955513
runtime,nearly_canceling,openmp,mixed_fp32_fp64,4,13572088,0,0,123,456,0.020637755000000001,-0.00025679191035621329
runtime,nearly_canceling,openmp,fp64,4,13572088,0,1,123,456,0.0079547230000000003,-0.00015983582035955513
runtime,nearly_canceling,openmp,mixed_fp32_fp64,4,13572088,0,1,123,456,0.0052804829999999999,-0.00025679191035621329
runtime,nearly_canceling,openmp,fp64,4,13572088,0,2,123,456,0.0041968689999999998,-0.00015983582035955513
runtime,nearly_canceling,openmp,mixed_fp32_fp64,4,13572088,0,2,123,456,0.0044995620000000004,-0.00025679191035621329
runtime,nearly_canceling,openmp,fp64,4,13572088,0,3,123,456,0.0092503559999999995,-0.00015983582035955513
runtime,nearly_canceling,openmp,mixed_fp32_fp64,4,13572088,0,3,123,456,0.0053023699999999998,-0.00025679191035621329
runtime,nearly_canceling,openmp,fp64,4,13572088,0,4,123,456,0.0046098629999999996,-0.00015983582035955513
runtime,nearly_canceling,openmp,mixed_fp32_fp64,4,13572088,0,4,123,456,0.0075655499999999999,-0.00025679191035621329
runtime,nearly_canceling,openmp,fp64,4,13572088,0,5,123,456,0.0083671019999999995,-0.00015983582035955513
runtime,nearly_canceling,openmp,mixed_fp32_fp64,4,13572088,0,5,123,456,0.0099206209999999993,-0.00025679191035621329
runtime,nearly_canceling,openmp,fp64,4,13572088,0,6,123,456,0.0043593759999999999,-0.00015983582035955513
runtime,nearly_canceling,openmp,mixed_fp32_fp64,4,13572088,0,6,123,456,0.010802435000000001,-0.00025679191035621329
runtime,nearly_canceling,openmp,fp64,4,13572088,0,7,123,456,0.004891556,-0.00015983582035955513
runtime,nearly_canceling,openmp,mixed_fp32_fp64,4,13572088,0,7,123,456,0.0054102689999999997,-0.00025679191035621329
runtime,nearly_canceling,openmp,fp64,8,13572088,0,0,123,456,0.019185069999999999,-0.00015983582050334288
runtime,nearly_canceling,openmp,mixed_fp32_fp64,8,13572088,0,0,123,456,0.021853013000000001,-0.00025679191035621329
runtime,nearly_canceling,openmp,fp64,8,13572088,0,1,123,456,0.021220855,-0.00015983582050341227
runtime,nearly_canceling,openmp,mixed_fp32_fp64,8,13572088,0,1,123,456,0.018276176000000002,-0.00025679191035621329
runtime,nearly_canceling,openmp,fp64,8,13572088,0,2,123,456,0.014685070999999999,-0.00015983582050346778
runtime,nearly_canceling,openmp,mixed_fp32_fp64,8,13572088,0,2,123,456,0.0089607469999999998,-0.00025679191035621329
runtime,nearly_canceling,openmp,fp64,8,13572088,0,3,123,456,0.0067169819999999998,-0.0001598358205035233
runtime,nearly_canceling,openmp,mixed_fp32_fp64,8,13572088,0,3,123,456,0.018184644,-0.00025679191035621329
runtime,nearly_canceling,openmp,fp64,8,13572088,0,4,123,456,0.005581122,-0.00015983582050338452
runtime,nearly_canceling,openmp,mixed_fp32_fp64,8,13572088,0,4,123,456,0.0068311830000000002,-0.00025679191035621329
runtime,nearly_canceling,openmp,fp64,8,13572088,0,5,123,456,0.0085598730000000008,-0.00015983582050338452
runtime,nearly_canceling,openmp,mixed_fp32_fp64,8,13572088,0,5,123,456,0.010412067000000001,-0.00025679191035621329
runtime,nearly_canceling,openmp,fp64,8,13572088,0,6,123,456,0.0069648540000000004,-0.00015983582050338452
runtime,nearly_canceling,openmp,mixed_fp32_fp64,8,13572088,0,6,123,456,0.014010307,-0.00025679191035621329
runtime,nearly_canceling,openmp,fp64,8,13572088,0,7,123,456,0.0047610889999999996,-0.00015983582050338452
runtime,nearly_canceling,openmp,mixed_fp32_fp64,8,13572088,0,7,123,456,0.0064743930000000002,-0.00025679191035621329
runtime,nearly_canceling,openmp,fp64,16,13572088,0,0,123,456,0.020990447999999998,-0.00015983582019230003
runtime,nearly_canceling,openmp,mixed_fp32_fp64,16,13572088,0,0,123,456,0.021898636999999999,-0.00025679191035621329
runtime,nearly_canceling,openmp,fp64,16,13572088,0,1,123,456,0.019383638000000002,-0.00015983582019282738
runtime,nearly_canceling,openmp,mixed_fp32_fp64,16,13572088,0,1,123,456,0.026200266999999999,-0.00025679191035621329
runtime,nearly_canceling,openmp,fp64,16,13572088,0,2,123,456,0.016530619,-0.00015983582019274412
runtime,nearly_canceling,openmp,mixed_fp32_fp64,16,13572088,0,2,123,456,0.022067502999999999,-0.00025679191035621329
runtime,nearly_canceling,openmp,fp64,16,13572088,0,3,123,456,0.022588210000000001,-0.0001598358201926886
runtime,nearly_canceling,openmp,mixed_fp32_fp64,16,13572088,0,3,123,456,0.019122384999999999,-0.00025679191035621329
runtime,nearly_canceling,openmp,fp64,16,13572088,0,4,123,456,0.017338188000000001,-0.00015983582019246656
runtime,nearly_canceling,openmp,mixed_fp32_fp64,16,13572088,0,4,123,456,0.01605533,-0.00025679191035621329
runtime,nearly_canceling,openmp,fp64,16,13572088,0,5,123,456,0.020866938000000002,-0.00015983582019274412
runtime,nearly_canceling,openmp,mixed_fp32_fp64,16,13572088,0,5,123,456,0.0094321330000000005,-0.00025679191035621329
runtime,nearly_canceling,openmp,fp64,16,13572088,0,6,123,456,0.025440608999999999,-0.00015983582019252207
runtime,nearly_canceling,openmp,mixed_fp32_fp64,16,13572088,0,6,123,456,0.010845442,-0.00025679191035621329
runtime,nearly_canceling,openmp,fp64,16,13572088,0,7,123,456,0.016311151999999999,-0.00015983582019274412
runtime,nearly_canceling,openmp,mixed_fp32_fp64,16,13572088,0,7,123,456,0.018231237000000001,-0.00025679191035621329
runtime,nearly_canceling,openmp,fp64,22,13572088,0,0,123,456,0.036226902999999998,-0.0001598358205560993
runtime,nearly_canceling,openmp,mixed_fp32_fp64,22,13572088,0,0,123,456,0.031218734000000001,-0.00025679191035621329
runtime,nearly_canceling,openmp,fp64,22,13572088,0,1,123,456,0.028704717000000001,-0.0001598358205560993
runtime,nearly_canceling,openmp,mixed_fp32_fp64,22,13572088,0,1,123,456,0.042429424,-0.00025679191035621329
runtime,nearly_canceling,openmp,fp64,22,13572088,0,2,123,456,0.023553108,-0.0001598358205565642
runtime,nearly_canceling,openmp,mixed_fp32_fp64,22,13572088,0,2,123,456,0.047122476000000003,-0.00025679191035621329
runtime,nearly_canceling,openmp,fp64,22,13572088,0,3,123,456,0.028028663999999998,-0.00015983582055621032
runtime,nearly_canceling,openmp,mixed_fp32_fp64,22,13572088,0,3,123,456,0.031530985999999997,-0.00025679191035621329
runtime,nearly_canceling,openmp,fp64,22,13572088,0,4,123,456,0.016572921000000001,-0.00015983582055632828
runtime,nearly_canceling,openmp,mixed_fp32_fp64,22,13572088,0,4,123,456,0.022568654,-0.00025679191035621329
runtime,nearly_canceling,openmp,fp64,22,13572088,0,5,123,456,0.017629109,-0.00015983582055598133
runtime,nearly_canceling,openmp,mixed_fp32_fp64,22,13572088,0,5,123,456,0.020237183999999998,-0.00025679191035621329
runtime,nearly_canceling,openmp,fp64,22,13572088,0,6,123,456,0.031720646999999998,-0.00015983582055623113
runtime,nearly_canceling,openmp,mixed_fp32_fp64,22,13572088,0,6,123,456,0.021913812000000001,-0.00025679191035621329
runtime,nearly_canceling,openmp,fp64,22,13572088,0,7,123,456,0.025012600999999999,-0.00015983582055600909
runtime,nearly_canceling,openmp,mixed_fp32_fp64,22,13572088,0,7,123,456,0.01028508,-0.00025679191035621329
runtime,nearly_canceling,serial,fp64,,26050038,0,0,123,456,0.023230928000000001,-0.00016694579052568825
runtime,nearly_canceling,serial,mixed_fp32_fp64,,26050038,0,0,123,456,0.025258947,-0.00018480506346563175
runtime,nearly_canceling,serial,fp64,,26050038,0,1,123,456,0.021917562000000002,-0.00016694579052568825
runtime,nearly_canceling,serial,mixed_fp32_fp64,,26050038,0,1,123,456,0.025472381999999998,-0.00018480506346563175
runtime,nearly_canceling,serial,fp64,,26050038,0,2,123,456,0.023644604999999999,-0.00016694579052568825
runtime,nearly_canceling,serial,mixed_fp32_fp64,,26050038,0,2,123,456,0.025296973,-0.00018480506346563175
runtime,nearly_canceling,serial,fp64,,26050038,0,3,123,456,0.021468781999999999,-0.00016694579052568825
runtime,nearly_canceling,serial,mixed_fp32_fp64,,26050038,0,3,123,456,0.026134727,-0.00018480506346563175
runtime,nearly_canceling,serial,fp64,,26050038,0,4,123,456,0.022812638,-0.00016694579052568825
runtime,nearly_canceling,serial,mixed_fp32_fp64,,26050038,0,4,123,456,0.026480652,-0.00018480506346563175
runtime,nearly_canceling,serial,fp64,,26050038,0,5,123,456,0.023545297999999999,-0.00016694579052568825
runtime,nearly_canceling,serial,mixed_fp32_fp64,,26050038,0,5,123,456,0.025178771999999999,-0.00018480506346563175
runtime,nearly_canceling,serial,fp64,,26050038,0,6,123,456,0.022468265000000001,-0.00016694579052568825
runtime,nearly_canceling,serial,mixed_fp32_fp64,,26050038,0,6,123,456,0.024301547,-0.00018480506346563175
runtime,nearly_canceling,serial,fp64,,26050038,0,7,123,456,0.022187538,-0.00016694579052568825
runtime,nearly_canceling,serial,mixed_fp32_fp64,,26050038,0,7,123,456,0.024012563000000001,-0.00018480506346563175
runtime,nearly_canceling,openmp,fp64,1,26050038,0,0,123,456,0.029480035000000002,-0.00016694579052568825
runtime,nearly_canceling,openmp,mixed_fp32_fp64,1,26050038,0,0,123,456,0.027810229999999998,-0.00018480506346563175
runtime,nearly_canceling,openmp,fp64,1,26050038,0,1,123,456,0.021864585999999998,-0.00016694579052568825
runtime,nearly_canceling,openmp,mixed_fp32_fp64,1,26050038,0,1,123,456,0.026402612999999998,-0.00018480506346563175
runtime,nearly_canceling,openmp,fp64,1,26050038,0,2,123,456,0.024037592,-0.00016694579052568825
runtime,nearly_canceling,openmp,mixed_fp32_fp64,1,26050038,0,2,123,456,0.028238811999999999,-0.00018480506346563175
runtime,nearly_canceling,openmp,fp64,1,26050038,0,3,123,456,0.022589977000000001,-0.00016694579052568825
runtime,nearly_canceling,openmp,mixed_fp32_fp64,1,26050038,0,3,123,456,0.024364655999999998,-0.00018480506346563175
runtime,nearly_canceling,openmp,fp64,1,26050038,0,4,123,456,0.026207851000000001,-0.00016694579052568825
runtime,nearly_canceling,openmp,mixed_fp32_fp64,1,26050038,0,4,123,456,0.027027191999999998,-0.00018480506346563175
runtime,nearly_canceling,openmp,fp64,1,26050038,0,5,123,456,0.021772112,-0.00016694579052568825
runtime,nearly_canceling,openmp,mixed_fp32_fp64,1,26050038,0,5,123,456,0.02494029,-0.00018480506346563175
runtime,nearly_canceling,openmp,fp64,1,26050038,0,6,123,456,0.023905573999999999,-0.00016694579052568825
runtime,nearly_canceling,openmp,mixed_fp32_fp64,1,26050038,0,6,123,456,0.023960129,-0.00018480506346563175
runtime,nearly_canceling,openmp,fp64,1,26050038,0,7,123,456,0.024172168000000001,-0.00016694579052568825
runtime,nearly_canceling,openmp,mixed_fp32_fp64,1,26050038,0,7,123,456,0.027584458999999999,-0.00018480506346563175
runtime,nearly_canceling,openmp,fp64,2,26050038,0,0,123,456,0.015024434,-0.0001669457905492111
runtime,nearly_canceling,openmp,mixed_fp32_fp64,2,26050038,0,0,123,456,0.020620513,-0.00018480506346563175
runtime,nearly_canceling,openmp,fp64,2,26050038,0,1,123,456,0.015195739999999999,-0.0001669457905492111
runtime,nearly_canceling,openmp,mixed_fp32_fp64,2,26050038,0,1,123,456,0.015272133,-0.00018480506346563175
runtime,nearly_canceling,openmp,fp64,2,26050038,0,2,123,456,0.014053293,-0.0001669457905492111
runtime,nearly_canceling,openmp,mixed_fp32_fp64,2,26050038,0,2,123,456,0.015796254999999999,-0.00018480506346563175
runtime,nearly_canceling,openmp,fp64,2,26050038,0,3,123,456,0.015402055,-0.0001669457905492111
runtime,nearly_canceling,openmp,mixed_fp32_fp64,2,26050038,0,3,123,456,0.015661637999999999,-0.00018480506346563175
runtime,nearly_canceling,openmp,fp64,2,26050038,0,4,123,456,0.013515065,-0.0001669457905492111
runtime,nearly_canceling,openmp,mixed_fp32_fp64,2,26050038,0,4,123,456,0.014994379,-0.00018480506346563175
runtime,nearly_canceling,openmp,fp64,2,26050038,0,5,123,456,0.013567114999999999,-0.0001669457905492111
runtime,nearly_canceling,openmp,mixed_fp32_fp64,2,26050038,0,5,123,456,0.016386333999999999,-0.00018480506346563175
runtime,nearly_canceling,openmp,fp64,2,26050038,0,6,123,456,0.013391151,-0.0001669457905492111
runtime,nearly_canceling,openmp,mixed_fp32_fp64,2,26050038,0,6,123,456,0.016048960000000001,-0.00018480506346563175
runtime,nearly_canceling,openmp,fp64,2,26050038,0,7,123,456,0.014016067,-0.0001669457905492111
runtime,nearly_canceling,openmp,mixed_fp32_fp64,2,26050038,0,7,123,456,0.015028395,-0.00018480506346563175
runtime,nearly_canceling,openmp,fp64,4,26050038,0,0,123,456,0.0093344770000000007,-0.00016694579041387492
runtime,nearly_canceling,openmp,mixed_fp32_fp64,4,26050038,0,0,123,456,0.012423267,-0.00018480506346563175
runtime,nearly_canceling,openmp,fp64,4,26050038,0,1,123,456,0.016207620999999998,-0.00016694579041387492
runtime,nearly_canceling,openmp,mixed_fp32_fp64,4,26050038,0,1,123,456,0.011687243,-0.00018480506346563175
runtime,nearly_canceling,openmp,fp64,4,26050038,0,2,123,456,0.0093396409999999992,-0.00016694579041387492
runtime,nearly_canceling,openmp,mixed_fp32_fp64,4,26050038,0,2,123,456,0.0096701519999999996,-0.00018480506346563175
runtime,nearly_canceling,openmp,fp64,4,26050038,0,3,123,456,0.0095415510000000005,-0.00016694579041387492
runtime,nearly_canceling,openmp,mixed_fp32_fp64,4,26050038,0,3,123,456,0.0094585840000000008,-0.00018480506346563175
runtime,nearly_canceling,openmp,fp64,4,26050038,0,4,123,456,0.0091038509999999996,-0.00016694579041387492
runtime,nearly_canceling,openmp,mixed_fp32_fp64,4,26050038,0,4,123,456,0.0093579700000000002,-0.00018480506346563175
runtime,nearly_canceling,openmp,fp64,4,26050038,0,5,123,456,0.0094903910000000008,-0.00016694579041387492
runtime,nearly_canceling,openmp,mixed_fp32_fp64,4,26050038,0,5,123,456,0.0099130539999999993,-0.00018480506346563175
runtime,nearly_canceling,openmp,fp64,4,26050038,0,6,123,456,0.0090116280000000007,-0.00016694579041387492
runtime,nearly_canceling,openmp,mixed_fp32_fp64,4,26050038,0,6,123,456,0.0094971220000000002,-0.00018480506346563175
runtime,nearly_canceling,openmp,fp64,4,26050038,0,7,123,456,0.010944898,-0.00016694579041387492
runtime,nearly_canceling,openmp,mixed_fp32_fp64,4,26050038,0,7,123,456,0.009713302,-0.00018480506346563175
runtime,nearly_canceling,openmp,fp64,8,26050038,0,0,123,456,0.024179473999999999,-0.00016694579052956016
runtime,nearly_canceling,openmp,mixed_fp32_fp64,8,26050038,0,0,123,456,0.024045435,-0.00018480506346563175
runtime,nearly_canceling,openmp,fp64,8,26050038,0,1,123,456,0.023729559000000001,-0.0001669457905297822
runtime,nearly_canceling,openmp,mixed_fp32_fp64,8,26050038,0,1,123,456,0.018729157,-0.00018480506346563175
runtime,nearly_canceling,openmp,fp64,8,26050038,0,2,123,456,0.023845238000000001,-0.0001669457905297822
runtime,nearly_canceling,openmp,mixed_fp32_fp64,8,26050038,0,2,123,456,0.023179235999999999,-0.00018480506346563175
runtime,nearly_canceling,openmp,fp64,8,26050038,0,3,123,456,0.011691975,-0.0001669457905299418
runtime,nearly_canceling,openmp,mixed_fp32_fp64,8,26050038,0,3,123,456,0.014465489999999999,-0.00018480506346563175
runtime,nearly_canceling,openmp,fp64,8,26050038,0,4,123,456,0.0099265310000000006,-0.00016694579052989322
runtime,nearly_canceling,openmp,mixed_fp32_fp64,8,26050038,0,4,123,456,0.013687800999999999,-0.00018480506346563175
runtime,nearly_canceling,openmp,fp64,8,26050038,0,5,123,456,0.0078478479999999993,-0.00016694579052968506
runtime,nearly_canceling,openmp,mixed_fp32_fp64,8,26050038,0,5,123,456,0.010233121,-0.00018480506346563175
runtime,nearly_canceling,openmp,fp64,8,26050038,0,6,123,456,0.0082878120000000003,-0.00016694579052968506
runtime,nearly_canceling,openmp,mixed_fp32_fp64,8,26050038,0,6,123,456,0.0089118919999999994,-0.00018480506346563175
runtime,nearly_canceling,openmp,fp64,8,26050038,0,7,123,456,0.013037261,-0.00016694579052994873
runtime,nearly_canceling,openmp,mixed_fp32_fp64,8,26050038,0,7,123,456,0.011369519,-0.00018480506346563175
runtime,nearly_canceling,openmp,fp64,16,26050038,0,0,123,456,0.027319909,-0.00016694579023638495
runtime,nearly_canceling,openmp,mixed_fp32_fp64,16,26050038,0,0,123,456,0.019705090000000001,-0.00018480506346563175
runtime,nearly_canceling,openmp,fp64,16,26050038,0,1,123,456,0.017320186000000001,-0.00016694579023601719
runtime,nearly_canceling,openmp,mixed_fp32_fp64,16,26050038,0,1,123,456,0.022785687999999998,-0.00018480506346563175
runtime,nearly_canceling,openmp,fp64,16,26050038,0,2,123,456,0.023104263999999999,-0.00016694579023623923
runtime,nearly_canceling,openmp,mixed_fp32_fp64,16,26050038,0,2,123,456,0.023501648999999999,-0.00018480506346563175
runtime,nearly_canceling,openmp,fp64,16,26050038,0,3,123,456,0.014369817999999999,-0.00016694579023629474
runtime,nearly_canceling,openmp,mixed_fp32_fp64,16,26050038,0,3,123,456,0.019416096000000001,-0.00018480506346563175
runtime,nearly_canceling,openmp,fp64,16,26050038,0,4,123,456,0.023366834999999999,-0.00016694579023662781
runtime,nearly_canceling,openmp,mixed_fp32_fp64,16,26050038,0,4,123,456,0.022158793999999999,-0.00018480506346563175
runtime,nearly_canceling,openmp,fp64,16,26050038,0,5,123,456,0.015819362,-0.00016694579023640577
runtime,nearly_canceling,openmp,mixed_fp32_fp64,16,26050038,0,5,123,456,0.012969774999999999,-0.00018480506346563175
runtime,nearly_canceling,openmp,fp64,16,26050038,0,6,123,456,0.020277607999999999,-0.00016694579023677353
runtime,nearly_canceling,openmp,mixed_fp32_fp64,16,26050038,0,6,123,456,0.014180989,-0.00018480506346563175
runtime,nearly_canceling,openmp,fp64,16,26050038,0,7,123,456,0.010537738,-0.00016694579023629474
runtime,nearly_canceling,openmp,mixed_fp32_fp64,16,26050038,0,7,123,456,0.026006714,-0.00018480506346563175
runtime,nearly_canceling,openmp,fp64,22,26050038,0,0,123,456,0.032451815000000002,-0.00016694579060072545
runtime,nearly_canceling,openmp,mixed_fp32_fp64,22,26050038,0,0,123,456,0.031806331,-0.00018480506346563175
runtime,nearly_canceling,openmp,fp64,22,26050038,0,1,123,456,0.029843786000000001,-0.00016694579060039932
runtime,nearly_canceling,openmp,mixed_fp32_fp64,22,26050038,0,1,123,456,0.029673277000000001,-0.00018480506346563175
runtime,nearly_canceling,openmp,fp64,22,26050038,0,2,123,456,0.025330531,-0.00016694579060078096
runtime,nearly_canceling,openmp,mixed_fp32_fp64,22,26050038,0,2,123,456,0.028911553999999999,-0.00018480506346563175
runtime,nearly_canceling,openmp,fp64,22,26050038,0,3,123,456,0.024505283999999999,-0.00016694579060061443
runtime,nearly_canceling,openmp,mixed_fp32_fp64,22,26050038,0,3,123,456,0.016536315999999999,-0.00018480506346563175
runtime,nearly_canceling,openmp,fp64,22,26050038,0,4,123,456,0.028826397,-0.00016694579060089199
runtime,nearly_canceling,openmp,mixed_fp32_fp64,22,26050038,0,4,123,456,0.023986384999999999,-0.00018480506346563175
runtime,nearly_canceling,openmp,fp64,22,26050038,0,5,123,456,0.026331357999999999,-0.00016694579060062831
runtime,nearly_canceling,openmp,mixed_fp32_fp64,22,26050038,0,5,123,456,0.016603339000000002,-0.00018480506346563175
runtime,nearly_canceling,openmp,fp64,22,26050038,0,6,123,456,0.016925343999999998,-0.0001669457906009475
runtime,nearly_canceling,openmp,mixed_fp32_fp64,22,26050038,0,6,123,456,0.016635163000000001,-0.00018480506346563175
runtime,nearly_canceling,openmp,fp64,22,26050038,0,7,123,456,0.014210728000000001,-0.00016694579060072545
runtime,nearly_canceling,openmp,mixed_fp32_fp64,22,26050038,0,7,123,456,0.020027545000000001,-0.00018480506346563175
runtime,nearly_canceling,serial,fp64,,50000000,0,0,123,456,0.043647805999999997,0.00043275439621592859
runtime,nearly_canceling,serial,mixed_fp32_fp64,,50000000,0,0,123,456,0.046597668000000002,0.0002944979099908096
runtime,nearly_canceling,serial,fp64,,50000000,0,1,123,456,0.043510449,0.00043275439621592859
runtime,nearly_canceling,serial,mixed_fp32_fp64,,50000000,0,1,123,456,0.051864987000000001,0.0002944979099908096
runtime,nearly_canceling,serial,fp64,,50000000,0,2,123,456,0.043281917000000003,0.00043275439621592859
runtime,nearly_canceling,serial,mixed_fp32_fp64,,50000000,0,2,123,456,0.047848350999999997,0.0002944979099908096
runtime,nearly_canceling,serial,fp64,,50000000,0,3,123,456,0.04161318,0.00043275439621592859
runtime,nearly_canceling,serial,mixed_fp32_fp64,,50000000,0,3,123,456,0.044263707999999999,0.0002944979099908096
runtime,nearly_canceling,serial,fp64,,50000000,0,4,123,456,0.044446351000000002,0.00043275439621592859
runtime,nearly_canceling,serial,mixed_fp32_fp64,,50000000,0,4,123,456,0.052274951,0.0002944979099908096
runtime,nearly_canceling,serial,fp64,,50000000,0,5,123,456,0.044592746000000003,0.00043275439621592859
runtime,nearly_canceling,serial,mixed_fp32_fp64,,50000000,0,5,123,456,0.049023999999999998,0.0002944979099908096
runtime,nearly_canceling,serial,fp64,,50000000,0,6,123,456,0.043715318000000003,0.00043275439621592859
runtime,nearly_canceling,serial,mixed_fp32_fp64,,50000000,0,6,123,456,0.050779052999999998,0.0002944979099908096
runtime,nearly_canceling,serial,fp64,,50000000,0,7,123,456,0.043765434999999998,0.00043275439621592859
runtime,nearly_canceling,serial,mixed_fp32_fp64,,50000000,0,7,123,456,0.048347332999999999,0.0002944979099908096
runtime,nearly_canceling,openmp,fp64,1,50000000,0,0,123,456,0.043558395999999999,0.00043275439621592859
runtime,nearly_canceling,openmp,mixed_fp32_fp64,1,50000000,0,0,123,456,0.049673968999999998,0.0002944979099908096
runtime,nearly_canceling,openmp,fp64,1,50000000,0,1,123,456,0.044237629000000001,0.00043275439621592859
runtime,nearly_canceling,openmp,mixed_fp32_fp64,1,50000000,0,1,123,456,0.048208270999999997,0.0002944979099908096
runtime,nearly_canceling,openmp,fp64,1,50000000,0,2,123,456,0.042423816000000003,0.00043275439621592859
runtime,nearly_canceling,openmp,mixed_fp32_fp64,1,50000000,0,2,123,456,0.051198397999999999,0.0002944979099908096
runtime,nearly_canceling,openmp,fp64,1,50000000,0,3,123,456,0.043854284,0.00043275439621592859
runtime,nearly_canceling,openmp,mixed_fp32_fp64,1,50000000,0,3,123,456,0.049649500999999999,0.0002944979099908096
runtime,nearly_canceling,openmp,fp64,1,50000000,0,4,123,456,0.043249519,0.00043275439621592859
runtime,nearly_canceling,openmp,mixed_fp32_fp64,1,50000000,0,4,123,456,0.048122959,0.0002944979099908096
runtime,nearly_canceling,openmp,fp64,1,50000000,0,5,123,456,0.043381731,0.00043275439621592859
runtime,nearly_canceling,openmp,mixed_fp32_fp64,1,50000000,0,5,123,456,0.047604586999999997,0.0002944979099908096
runtime,nearly_canceling,openmp,fp64,1,50000000,0,6,123,456,0.042634230000000002,0.00043275439621592859
runtime,nearly_canceling,openmp,mixed_fp32_fp64,1,50000000,0,6,123,456,0.051262879999999997,0.0002944979099908096
runtime,nearly_canceling,openmp,fp64,1,50000000,0,7,123,456,0.041268144999999999,0.00043275439621592859
runtime,nearly_canceling,openmp,mixed_fp32_fp64,1,50000000,0,7,123,456,0.046071511000000002,0.0002944979099908096
runtime,nearly_canceling,openmp,fp64,2,50000000,0,0,123,456,0.027940683000000001,0.00043275439623900736
runtime,nearly_canceling,openmp,mixed_fp32_fp64,2,50000000,0,0,123,456,0.02754117,0.0002944979099908096
runtime,nearly_canceling,openmp,fp64,2,50000000,0,1,123,456,0.041207241999999998,0.00043275439623900736
runtime,nearly_canceling,openmp,mixed_fp32_fp64,2,50000000,0,1,123,456,0.029592322000000001,0.0002944979099908096
runtime,nearly_canceling,openmp,fp64,2,50000000,0,2,123,456,0.029771261,0.00043275439623900736
runtime,nearly_canceling,openmp,mixed_fp32_fp64,2,50000000,0,2,123,456,0.029592184000000001,0.0002944979099908096
runtime,nearly_canceling,openmp,fp64,2,50000000,0,3,123,456,0.026281978000000001,0.00043275439623900736
runtime,nearly_canceling,openmp,mixed_fp32_fp64,2,50000000,0,3,123,456,0.027655163,0.0002944979099908096
runtime,nearly_canceling,openmp,fp64,2,50000000,0,4,123,456,0.026731499999999998,0.00043275439623900736
runtime,nearly_canceling,openmp,mixed_fp32_fp64,2,50000000,0,4,123,456,0.025248603000000001,0.0002944979099908096
runtime,nearly_canceling,openmp,fp64,2,50000000,0,5,123,456,0.025154956999999999,0.00043275439623900736
runtime,nearly_canceling,openmp,mixed_fp32_fp64,2,50000000,0,5,123,456,0.032239464000000002,0.0002944979099908096
runtime,nearly_canceling,openmp,fp64,2,50000000,0,6,123,456,0.026559266000000002,0.00043275439623900736
runtime,nearly_canceling,openmp,mixed_fp32_fp64,2,50000000,0,6,123,456,0.027600888000000001,0.0002944979099908096
runtime,nearly_canceling,openmp,fp64,2,50000000,0,7,123,456,0.025417068000000001,0.00043275439623900736
runtime,nearly_canceling,openmp,mixed_fp32_fp64,2,50000000,0,7,123,456,0.028975797000000001,0.0002944979099908096
runtime,nearly_canceling,openmp,fp64,4,50000000,0,0,123,456,0.031839478999999997,0.00043275439625754808
runtime,nearly_canceling,openmp,mixed_fp32_fp64,4,50000000,0,0,123,456,0.021338953000000001,0.0002944979099908096
runtime,nearly_canceling,openmp,fp64,4,50000000,0,1,123,456,0.017344575000000001,0.00043275439625754808
runtime,nearly_canceling,openmp,mixed_fp32_fp64,4,50000000,0,1,123,456,0.017810280000000001,0.0002944979099908096
runtime,nearly_canceling,openmp,fp64,4,50000000,0,2,123,456,0.016771977,0.00043275439625754808
runtime,nearly_canceling,openmp,mixed_fp32_fp64,4,50000000,0,2,123,456,0.021786677000000001,0.0002944979099908096
runtime,nearly_canceling,openmp,fp64,4,50000000,0,3,123,456,0.016689880000000001,0.00043275439625754808
runtime,nearly_canceling,openmp,mixed_fp32_fp64,4,50000000,0,3,123,456,0.018723350999999999,0.0002944979099908096
runtime,nearly_canceling,openmp,fp64,4,50000000,0,4,123,456,0.017124146999999999,0.00043275439625754808
runtime,nearly_canceling,openmp,mixed_fp32_fp64,4,50000000,0,4,123,456,0.018296639999999999,0.0002944979099908096
runtime,nearly_canceling,openmp,fp64,4,50000000,0,5,123,456,0.017291233999999999,0.00043275439625754808
runtime,nearly_canceling,openmp,mixed_fp32_fp64,4,50000000,0,5,123,456,0.029420440999999999,0.0002944979099908096
runtime,nearly_canceling,openmp,fp64,4,50000000,0,6,123,456,0.020498550000000001,0.00043275439625754808
runtime,nearly_canceling,openmp,mixed_fp32_fp64,4,50000000,0,6,123,456,0.020345254,0.0002944979099908096
runtime,nearly_canceling,openmp,fp64,4,50000000,0,7,123,456,0.017191795999999999,0.00043275439625754808
runtime,nearly_canceling,openmp,mixed_fp32_fp64,4,50000000,0,7,123,456,0.018863406999999999,0.0002944979099908096
runtime,nearly_canceling,openmp,fp64,8,50000000,0,0,123,456,0.022571457,0.00043275439624378825
runtime,nearly_canceling,openmp,mixed_fp32_fp64,8,50000000,0,0,123,456,0.025273800999999999,0.0002944979099908096
runtime,nearly_canceling,openmp,fp64,8,50000000,0,1,123,456,0.027217721,0.00043275439624378825
runtime,nearly_canceling,openmp,mixed_fp32_fp64,8,50000000,0,1,123,456,0.023016569000000001,0.0002944979099908096
runtime,nearly_canceling,openmp,fp64,8,50000000,0,2,123,456,0.018905620000000001,0.00043275439624378825
runtime,nearly_canceling,openmp,mixed_fp32_fp64,8,50000000,0,2,123,456,0.021338474999999999,0.0002944979099908096
runtime,nearly_canceling,openmp,fp64,8,50000000,0,3,123,456,0.017478723000000002,0.00043275439624378825
runtime,nearly_canceling,openmp,mixed_fp32_fp64,8,50000000,0,3,123,456,0.012610774999999999,0.0002944979099908096
runtime,nearly_canceling,openmp,fp64,8,50000000,0,4,123,456,0.013961487999999999,0.00043275439624378825
runtime,nearly_canceling,openmp,mixed_fp32_fp64,8,50000000,0,4,123,456,0.015818268,0.0002944979099908096
runtime,nearly_canceling,openmp,fp64,8,50000000,0,5,123,456,0.012465868,0.00043275439624378825
runtime,nearly_canceling,openmp,mixed_fp32_fp64,8,50000000,0,5,123,456,0.015426117,0.0002944979099908096
runtime,nearly_canceling,openmp,fp64,8,50000000,0,6,123,456,0.012050826000000001,0.00043275439624378825
runtime,nearly_canceling,openmp,mixed_fp32_fp64,8,50000000,0,6,123,456,0.013643878999999999,0.0002944979099908096
runtime,nearly_canceling,openmp,fp64,8,50000000,0,7,123,456,0.011786888000000001,0.00043275439624378825
runtime,nearly_canceling,openmp,mixed_fp32_fp64,8,50000000,0,7,123,456,0.01227319,0.0002944979099908096
runtime,nearly_canceling,openmp,fp64,16,50000000,0,0,123,456,0.031762361000000003,0.0004327543962381053
runtime,nearly_canceling,openmp,mixed_fp32_fp64,16,50000000,0,0,123,456,0.018647429,0.0002944979099908096
runtime,nearly_canceling,openmp,fp64,16,50000000,0,1,123,456,0.017048961000000001,0.0004327543962381053
runtime,nearly_canceling,openmp,mixed_fp32_fp64,16,50000000,0,1,123,456,0.023794185999999998,0.0002944979099908096
runtime,nearly_canceling,openmp,fp64,16,50000000,0,2,123,456,0.028470052999999999,0.0004327543962381053
runtime,nearly_canceling,openmp,mixed_fp32_fp64,16,50000000,0,2,123,456,0.024152429999999999,0.0002944979099908096
runtime,nearly_canceling,openmp,fp64,16,50000000,0,3,123,456,0.030138025999999998,0.0004327543962381053
runtime,nearly_canceling,openmp,mixed_fp32_fp64,16,50000000,0,3,123,456,0.020254945999999999,0.0002944979099908096
runtime,nearly_canceling,openmp,fp64,16,50000000,0,4,123,456,0.018098177,0.0004327543962381053
runtime,nearly_canceling,openmp,mixed_fp32_fp64,16,50000000,0,4,123,456,0.0203698,0.0002944979099908096
runtime,nearly_canceling,openmp,fp64,16,50000000,0,5,123,456,0.020233605000000002,0.0004327543962381053
runtime,nearly_canceling,openmp,mixed_fp32_fp64,16,50000000,0,5,123,456,0.016827172000000001,0.0002944979099908096
runtime,nearly_canceling,openmp,fp64,16,50000000,0,6,123,456,0.023235597,0.0004327543962381053
runtime,nearly_canceling,openmp,mixed_fp32_fp64,16,50000000,0,6,123,456,0.024415862,0.0002944979099908096
runtime,nearly_canceling,openmp,fp64,16,50000000,0,7,123,456,0.024494753000000001,0.0004327543962381053
runtime,nearly_canceling,openmp,mixed_fp32_fp64,16,50000000,0,7,123,456,0.025229169999999999,0.0002944979099908096
runtime,nearly_canceling,openmp,fp64,22,50000000,0,0,123,456,0.030745354999999999,0.00043275439677703531
runtime,nearly_canceling,openmp,mixed_fp32_fp64,22,50000000,0,0,123,456,0.036328276999999999,0.0002944979099908096
runtime,nearly_canceling,openmp,fp64,22,50000000,0,1,123,456,0.043761359999999999,0.00043275439677725736
runtime,nearly_canceling,openmp,mixed_fp32_fp64,22,50000000,0,1,123,456,0.021901236000000001,0.0002944979099908096
runtime,nearly_canceling,openmp,fp64,22,50000000,0,2,123,456,0.030842832000000001,0.0004327543967774794
runtime,nearly_canceling,openmp,mixed_fp32_fp64,22,50000000,0,2,123,456,0.031288299999999998,0.0002944979099908096
runtime,nearly_canceling,openmp,fp64,22,50000000,0,3,123,456,0.019138736,0.00043275439677725736
runtime,nearly_canceling,openmp,mixed_fp32_fp64,22,50000000,0,3,123,456,0.024280265999999998,0.0002944979099908096
runtime,nearly_canceling,openmp,fp64,22,50000000,0,4,123,456,0.028989498999999998,0.00043275439677692429
runtime,nearly_canceling,openmp,mixed_fp32_fp64,22,50000000,0,4,123,456,0.020938818000000001,0.0002944979099908096
runtime,nearly_canceling,openmp,fp64,22,50000000,0,5,123,456,0.015335666,0.00043275439677709082
runtime,nearly_canceling,openmp,mixed_fp32_fp64,22,50000000,0,5,123,456,0.031659105,0.0002944979099908096
runtime,nearly_canceling,openmp,fp64,22,50000000,0,6,123,456,0.023688333999999998,0.00043275439677763206
runtime,nearly_canceling,openmp,mixed_fp32_fp64,22,50000000,0,6,123,456,0.019216486000000001,0.0002944979099908096
runtime,nearly_canceling,openmp,fp64,22,50000000,0,7,123,456,0.022647422,0.00043275439677692429
runtime,nearly_canceling,openmp,mixed_fp32_fp64,22,50000000,0,7,123,456,0.02043874,0.0002944979099908096
